Employee_ID,Age,Gender,Department,Job_Role,City,Education,Employment_Type,Experience_Years,Salary,Joining_Date,Tenure_Years,Performance_Rating,Job_Satisfaction,Overtime,Monthly_Work_Hours,Leave_Days,Absent_Days,Manager_ID,Attrition
E00001,38,Male,Finance,Audit Associate,Chennai,Bachelor's,Full-Time,17,150000,2014-04-08,12.4,4.0,4.0,No,164,3.0,5,M116,No
E00002,26,Female,Customer Support,Support Executive,Chennai,Bachelor's,Full-Time,3,69000,2024-05-14,2.3,1.0,2.0,No,217,7.0,3,M004,Yes
E00003,35,Male,Operations,Operations Analyst,Hyderabad,MBA,Full-Time,15,125000,2018-06-20,8.2,4.0,3.0,No,180,4.0,5,M101,No
E00004,34,Male,Operations,Process Associate,Lucknow,Bachelor's,Full-Time,8,108000,2020-07-26,6.1,4.0,3.0,No,164,9.0,4,M012,No
E00005,36,Male,IT,Data Analyst,Mumbai,MBA,Full-Time,13,141000,2016-09-01,10.0,2.0,3.0,Yes,176,14.0,3,M053,No
E00006,35,Female,IT,Data Analyst,Bangalore,Bachelor's,Part-Time,14,81000,2018-12-20,7.7,3.0,4.0,No,132,4.0,5,M051,No
E00007,37,Male,IT,IT Support,Noida,MBA,Full-Time,17,148000,2018-10-08,7.9,4.0,4.0,Yes,186,5.0,4,M016,Yes
E00008,32,Male,Marketing,Brand Executive,Delhi,MBA,Full-Time,12,136000,2020-04-08,6.4,3.0,2.0,No,214,10.0,5,M017,No
E00009,34,Male,Operations,Process Associate,Noida,Bachelor's,Full-Time,13,117000,2019-10-08,6.9,4.0,4.0,No,130,9.0,2,M104,No
E00010,25,Female,Operations,Operations Analyst,Noida,Bachelor's,Full-Time,3,76000,2025-04-08,1.4,3.0,4.0,No,163,6.0,5,M095,No
E00011,32,Female,IT,Data Engineer,Bangalore,Bachelor's,Part-Time,11,69000,2018-07-27,8.1,4.0,4.0,Yes,166,7.0,2,M026,No
E00012,44,Other,Customer Support,Customer Success Associate,Noida,Master's,Full-Time,20,153000,2014-09-01,12.0,4.0,5.0,No,184,9.0,5,M002,No
E00013,36,Male,Marketing,Marketing Executive,Delhi,Master's,Contract,12,104000,2017-01-25,9.6,3.0,3.0,Yes,206,11.0,2,M029,No
E00014,34,Male,Sales,Sales Executive,Hyderabad,Master's,Full-Time,12,115000,2020-01-26,6.6,3.0,4.0,No,175,5.0,3,M094,Yes
E00015,47,Male,Sales,Account Manager,Pune,Bachelor's,Full-Time,25,154000,2010-11-14,15.8,5.0,5.0,No,207,6.0,2,M112,No
E00016,24,Female,Sales,Sales Executive,Lucknow,Bachelor's,Full-Time,0,67000,2026-06-20,0.2,3.0,4.0,No,171,7.0,2,M047,No
E00017,26,Male,Sales,Sales Manager,Bangalore,Bachelor's,Full-Time,5,69000,2022-09-01,4.0,4.0,3.0,Yes,176,6.0,4,M011,No
E00018,46,Male,HR,Recruiter,Delhi,Bachelor's,Full-Time,26,171000,2009-06-20,17.2,5.0,4.0,No,174,16.0,2,M101,No
E00019,34,Female,Finance,Financial Analyst,Pune,Master's,Full-Time,12,123000,2019-06-21,7.2,2.0,4.0,No,190,8.0,6,M034,No
E00020,32,Male,Sales,Sales Executive,Pune,MBA,Full-Time,16,152000,2013-12-20,12.7,3.0,2.0,Yes,160,7.0,8,M118,No
E00021,26,Male,Operations,Process Associate,Pune,Master's,Full-Time,2,72000,2025-07-27,1.1,2.0,2.0,No,183,8.0,5,M071,No
E00022,37,Male,IT,IT Support,Bangalore,Bachelor's,Full-Time,14,141000,2019-12-20,6.7,3.0,3.0,No,146,5.0,4,M103,No
E00023,38,Male,Sales,Sales Executive,Mumbai,PhD,Contract,15,107000,2017-04-08,9.4,3.0,2.0,No,163,7.0,0,M029,Yes
E00024,26,Female,Finance,Accountant,Delhi,Master's,Full-Time,4,103000,2023-07-27,3.1,4.0,4.0,Yes,157,12.0,4,M097,No
E00025,33,Male,Finance,Finance Manager,Chennai,MBA,Full-Time,10,141000,2022-01-25,4.6,4.0,4.0,Yes,170,4.0,5,M049,No
E00026,32,Female,Marketing,Marketing Executive,Mumbai,Master's,Full-Time,6,88000,2022-07-27,4.1,3.0,3.0,No,162,4.0,7,M120,No
E00027,36,Male,Sales,Sales Executive,Mumbai,Bachelor's,Contract,13,94000,2017-10-08,8.9,3.0,4.0,Yes,188,10.0,10,M091,No
E00028,26,Male,HR,HR Executive,Lucknow,Bachelor's,Part-Time,4,72000,2023-05-15,3.3,2.0,3.0,Yes,152,5.0,6,M016,No
E00029,43,Female,Operations,Process Associate,Bangalore,Master's,Full-Time,24,168000,2013-01-25,13.6,4.0,3.0,No,137,5.0,3,M081,No
E00030,40,Male,IT,Data Analyst,Lucknow,Bachelor's,Full-Time,24,173000,2013-03-03,13.5,4.0,3.0,No,144,9.0,6,M075,No
E00031,31,Male,Operations,Process Associate,Pune,Bachelor's,Full-Time,12,115000,2019-03-03,7.5,4.0,4.0,No,186,10.0,3,M014,No
E00032,32,Male,IT,Data Analyst,Chennai,Master's,Contract,8,90000,2021-12-20,4.7,4.0,4.0,No,151,8.0,3,M013,No
E00033,33,Male,IT,Data Engineer,Mumbai,Master's,Part-Time,9,58000,2019-12-20,6.7,2.0,2.0,No,175,9.0,2,M035,Yes
E00034,29,Male,Customer Support,Customer Success Associate,Bangalore,Master's,Part-Time,7,66000,2021-10-08,4.9,3.0,4.0,No,163,8.0,4,M090,No
E00035,31,Female,Customer Support,Team Lead,Chennai,Bachelor's,Full-Time,13,89000,2016-11-13,9.8,5.0,5.0,No,183,5.0,8,M052,Yes
E00036,32,Female,Marketing,Brand Executive,Noida,Bachelor's,Full-Time,10,101000,2018-11-14,7.8,3.0,2.0,Yes,164,6.0,5,M025,No
E00037,45,Female,Sales,Account Manager,Chennai,Master's,Part-Time,20,107000,2010-04-08,16.4,5.0,4.0,Yes,218,18.0,2,M104,No
E00038,41,Male,IT,BI Analyst,Bangalore,PhD,Full-Time,18,162000,2015-06-21,11.2,4.0,4.0,Yes,202,9.0,2,M108,No
E00039,41,Male,Operations,Process Associate,Chennai,Master's,Full-Time,21,149000,2008-12-20,17.7,4.0,4.0,No,162,7.0,5,M107,No
E00040,37,Male,Finance,Accountant,Chennai,MBA,Full-Time,17,159000,2017-07-27,9.1,3.0,4.0,No,160,6.0,4,M059,No
E00041,26,Male,IT,Data Engineer,Pune,MBA,Contract,3,68000,2024-06-20,2.2,2.0,5.0,Yes,224,10.0,3,M076,No
E00042,34,Male,Finance,Finance Manager,Chennai,Master's,Full-Time,14,125000,2017-05-15,9.3,4.0,4.0,No,149,11.0,5,M111,No
E00043,41,Male,IT,Data Engineer,Noida,Bachelor's,Full-Time,13,129000,2016-07-26,10.1,4.0,3.0,Yes,167,4.0,4,M117,No
E00044,25,Other,Customer Support,Support Analyst,Pune,Master's,Full-Time,3,72000,2024-10-08,1.9,3.0,4.0,No,168,8.0,3,M068,No
E00045,38,Male,Sales,Sales Executive,Bangalore,Master's,Full-Time,18,135000,2012-12-20,13.7,3.0,4.0,No,168,14.0,6,M042,No
E00046,50,Male,Operations,Operations Executive,Hyderabad,Master's,Full-Time,26,182000,2008-09-01,18.0,4.0,1.0,No,137,9.0,5,M048,No
E00047,41,Female,Sales,Account Manager,Bangalore,Bachelor's,Full-Time,17,138000,2014-01-25,12.6,5.0,4.0,Yes,177,6.0,2,M105,No
E00048,44,Male,HR,HR Executive,Delhi,Master's,Full-Time,17,137000,2013-10-08,12.9,5.0,4.0,Yes,151,4.0,5,M113,No
E00049,36,Female,HR,HR Analyst,Delhi,Bachelor's,Full-Time,18,133000,2018-01-25,8.6,4.0,4.0,Yes,194,8.0,3,M091,No
E00050,41,Female,Sales,Sales Executive,Bangalore,Bachelor's,Contract,17,108000,2017-09-01,9.0,2.0,3.0,No,142,6.0,3,M118,No
E00051,29,Female,Customer Support,Team Lead,Delhi,Bachelor's,Full-Time,8,96000,2019-12-20,6.7,4.0,4.0,No,169,8.0,4,M045,No
E00052,40,Male,Operations,Operations Executive,Bangalore,MBA,Full-Time,20,151000,2012-03-02,14.5,4.0,3.0,No,128,3.0,9,M072,No
E00053,39,Female,Customer Support,Support Executive,Chennai,Bachelor's,Contract,21,115000,2012-06-20,14.2,5.0,5.0,No,129,3.0,0,M119,No
E00054,36,Male,Customer Support,Team Lead,Lucknow,Bachelor's,Full-Time,14,116000,2018-04-08,8.4,4.0,5.0,No,153,5.0,2,M072,No
E00055,43,Female,Operations,Process Associate,Bangalore,Bachelor's,Full-Time,20,150000,2017-04-08,9.4,3.0,2.0,No,155,10.0,4,M029,No
E00056,30,Male,Customer Support,Support Analyst,Lucknow,Master's,Full-Time,8,95000,2021-11-13,4.8,3.0,2.0,No,194,5.0,7,M003,No
E00057,33,Male,IT,BI Analyst,Hyderabad,Bachelor's,Full-Time,14,123000,2017-07-27,9.1,5.0,4.0,Yes,167,6.0,4,M021,No
E00058,35,Male,Sales,Sales Manager,Mumbai,Bachelor's,Full-Time,13,112000,2019-10-08,6.9,3.0,3.0,No,191,13.0,2,M031,No
E00059,27,Male,IT,Data Analyst,Bangalore,Master's,Full-Time,3,97000,2025-01-25,1.6,2.0,4.0,No,161,4.0,4,M013,No
E00060,36,Female,Sales,Account Manager,Hyderabad,Bachelor's,Full-Time,10,120000,2020-03-02,6.5,2.0,2.0,No,179,8.0,5,M095,No
E00061,22,Female,Finance,Finance Manager,Chennai,MBA,Full-Time,0,76000,2026-06-20,0.2,2.0,2.0,Yes,155,11.0,2,M081,No
E00062,41,Female,Sales,Business Development Executive,Pune,MBA,Full-Time,21,169000,2015-03-03,11.5,4.0,2.0,Yes,154,13.0,5,M048,No
E00063,34,Male,Marketing,Marketing Executive,Bangalore,Bachelor's,Full-Time,11,106000,2019-03-03,7.5,4.0,5.0,No,135,12.0,4,M096,No
E00064,30,Female,Sales,Business Development Executive,Bangalore,Bachelor's,Full-Time,6,88000,2021-10-08,4.9,2.0,3.0,Yes,174,14.0,3,M024,No
E00065,28,Male,Sales,Sales Manager,Delhi,Master's,Full-Time,4,101000,2024-01-26,2.6,4.0,3.0,No,173,8.0,3,M002,No
E00066,32,Female,HR,Recruiter,Mumbai,Bachelor's,Full-Time,10,109000,2018-10-08,7.9,2.0,2.0,No,182,6.0,6,M106,No
E00067,39,Female,IT,Data Engineer,Mumbai,Bachelor's,Full-Time,16,128000,2013-07-27,13.1,5.0,3.0,No,172,9.0,3,M003,No
E00068,38,Male,Marketing,Brand Executive,Mumbai,Bachelor's,Full-Time,15,121000,2019-05-15,7.3,5.0,4.0,No,204,8.0,5,M026,Yes
E00069,29,Female,IT,BI Analyst,Chennai,MBA,Full-Time,10,137000,2021-10-08,4.9,3.0,2.0,No,171,9.0,3,M002,No
E00070,28,Male,Customer Support,Team Lead,Lucknow,Bachelor's,Part-Time,10,60000,2020-04-08,6.4,2.0,3.0,No,186,3.0,6,M033,No
E00071,39,Male,Operations,Operations Analyst,Delhi,Master's,Contract,13,85000,2017-10-08,8.9,3.0,5.0,No,162,10.0,5,M034,No
E00072,29,Male,Sales,Sales Manager,Noida,Master's,Full-Time,8,97000,2021-09-01,5.0,3.0,3.0,No,152,4.0,4,M090,No
E00073,34,Male,IT,IT Support,Mumbai,Bachelor's,Full-Time,10,120000,2020-11-13,5.8,2.0,2.0,No,181,7.0,7,M098,No
E00074,35,Female,Marketing,Marketing Executive,Delhi,Bachelor's,Full-Time,12,122000,2018-03-03,8.5,4.0,4.0,No,166,8.0,4,M038,No
E00075,36,Male,Operations,Process Associate,Mumbai,PhD,Contract,15,109000,2019-11-14,6.8,3.0,2.0,No,183,2.0,3,M078,Yes
E00076,40,Male,Operations,Operations Executive,Pune,Bachelor's,Full-Time,17,152000,2012-06-20,14.2,3.0,5.0,No,174,5.0,4,M095,No
E00077,25,Male,Operations,Process Associate,Lucknow,Master's,Full-Time,4,91000,2024-06-20,2.2,3.0,4.0,Yes,154,11.0,4,M020,Yes
E00078,21,Female,IT,Software Engineer,Hyderabad,Bachelor's,Full-Time,1,74000,2025-11-13,0.8,2.0,3.0,No,187,7.0,5,M010,No
E00079,30,Female,Sales,Account Manager,Delhi,Bachelor's,Full-Time,9,92000,2022-04-08,4.4,5.0,3.0,Yes,152,6.0,4,M084,No
E00080,47,Female,IT,Data Analyst,Pune,Bachelor's,Contract,23,123000,2014-03-03,12.5,4.0,3.0,No,179,5.0,8,M033,No
E00081,48,Female,Marketing,Marketing Manager,Bangalore,Bachelor's,Full-Time,24,167000,2013-07-27,13.1,4.0,3.0,No,191,7.0,4,M045,No
E00082,47,Male,Operations,Process Associate,Noida,Bachelor's,Full-Time,21,142000,2008-11-13,17.8,4.0,4.0,Yes,161,10.0,7,M112,No
E00083,33,Male,Sales,Business Development Executive,Hyderabad,MBA,Full-Time,9,127000,2022-07-27,4.1,4.0,5.0,No,189,14.0,7,M060,No
E00084,22,Male,IT,Software Engineer,Delhi,Bachelor's,Full-Time,5,106000,2023-03-03,3.5,3.0,2.0,Yes,175,10.0,9,M066,No
E00085,21,Male,Sales,Sales Manager,Hyderabad,Bachelor's,Full-Time,0,68000,2026-06-20,0.2,3.0,4.0,No,183,9.0,6,M110,No
E00086,30,Female,Sales,Business Development Executive,Pune,Bachelor's,Full-Time,5,72000,2023-01-26,3.6,3.0,4.0,Yes,153,8.0,6,M061,No
E00087,33,Male,Operations,Process Associate,Bangalore,MBA,Full-Time,12,114000,2019-07-27,7.1,4.0,3.0,No,172,8.0,8,M051,No
E00088,43,Female,Operations,Operations Manager,Pune,Bachelor's,Full-Time,21,158000,2009-03-03,17.5,4.0,3.0,No,143,10.0,5,M012,No
E00089,40,Male,Customer Support,Support Executive,Mumbai,Master's,Full-Time,18,132000,2012-03-02,14.5,4.0,4.0,No,199,8.0,3,M080,No
E00090,36,Male,Finance,Audit Associate,Pune,Bachelor's,Full-Time,18,154000,2015-06-21,11.2,3.0,2.0,Yes,132,6.0,6,M009,Yes
E00091,28,Male,IT,BI Analyst,Chennai,Bachelor's,Full-Time,7,106000,2021-11-13,4.8,3.0,4.0,No,162,11.0,2,M011,No
E00092,27,Female,Operations,Process Associate,Chennai,Bachelor's,Full-Time,4,75000,2023-05-15,3.3,3.0,2.0,No,151,14.0,3,M021,No
E00093,36,Female,Operations,Operations Analyst,Hyderabad,MBA,Full-Time,13,118000,2015-09-02,11.0,4.0,4.0,No,180,8.0,7,,Yes
E00094,39,Female,HR,HR Analyst,Hyderabad,Bachelor's,Part-Time,16,78000,2016-07-26,10.1,4.0,4.0,No,203,10.0,6,M068,No
E00095,37,Male,Operations,Operations Analyst,Bangalore,Bachelor's,Full-Time,17,131000,2013-04-08,13.4,4.0,3.0,No,180,10.0,2,M026,No
E00096,27,Other,Finance,Finance Manager,Chennai,Bachelor's,Full-Time,4,94000,2024-05-14,2.3,3.0,3.0,No,221,10.0,1,M063,No
E00097,39,Male,HR,HR Executive,Mumbai,MBA,Full-Time,13,119000,2018-11-14,7.8,3.0,4.0,No,143,13.0,1,M019,No
E00098,37,Male,Finance,Accountant,Hyderabad,Bachelor's,Full-Time,15,129000,2018-12-20,7.7,4.0,3.0,No,145,9.0,3,M106,Yes
E00099,27,Other,IT,IT Support,Mumbai,Bachelor's,Full-Time,1,77000,2026-03-03,0.5,3.0,3.0,No,152,10.0,3,M111,No
E00100,29,Male,IT,BI Analyst,Bangalore,Bachelor's,Full-Time,12,128000,2018-01-25,8.6,4.0,3.0,No,170,9.0,1,M017,No
E00101,39,Female,IT,IT Support,Pune,Bachelor's,Contract,15,97000,2016-11-13,9.8,4.0,4.0,No,150,4.0,3,M044,No
E00102,32,Male,Operations,Operations Executive,Bangalore,Master's,Full-Time,10,97000,2021-04-08,5.4,3.0,3.0,Yes,154,8.0,5,M061,Yes
E00103,45,Male,Sales,Sales Manager,Chennai,Master's,Contract,24,140000,2011-12-20,14.7,5.0,3.0,No,179,4.0,3,M001,No
E00104,38,Female,HR,HR Executive,Mumbai,Bachelor's,Full-Time,15,109000,2017-09-01,9.0,4.0,3.0,No,146,10.0,4,M112,No
E00105,31,Male,Customer Support,Support Analyst,Bangalore,Bachelor's,Full-Time,8,97000,2019-11-14,6.8,5.0,5.0,No,148,5.0,3,M072,No
E00106,34,Female,Sales,Account Manager,Hyderabad,Bachelor's,Full-Time,13,115000,2016-05-14,10.3,3.0,3.0,No,161,4.0,4,M058,No
E00107,34,Male,Finance,Audit Associate,Bangalore,Bachelor's,Full-Time,16,121000,2016-12-20,9.7,4.0,4.0,No,163,10.0,7,M094,No
E00108,29,Female,Operations,Operations Analyst,Mumbai,Bachelor's,Full-Time,9,91000,2019-05-15,7.3,3.0,3.0,No,186,12.0,3,M115,Yes
E00109,28,Male,Sales,Account Manager,Pune,MBA,Full-Time,10,119000,2020-10-08,5.9,2.0,3.0,Yes,152,6.0,1,M041,No
E00110,39,Male,IT,Software Engineer,Bangalore,PhD,Full-Time,14,144000,2016-09-01,10.0,3.0,3.0,Yes,155,8.0,3,M024,No
E00111,40,Male,Sales,Sales Manager,Noida,PhD,Full-Time,19,160000,2010-10-08,15.9,5.0,5.0,No,178,6.0,3,M043,No
E00112,38,Male,IT,Data Engineer,Bangalore,MBA,Full-Time,16,158000,2016-12-20,9.7,3.0,3.0,No,182,12.0,2,M081,No
E00113,45,Female,Customer Support,Customer Success Associate,Mumbai,Master's,Full-Time,24,160000,2009-05-15,17.3,2.0,2.0,No,194,4.0,4,M118,No
E00114,30,Male,Marketing,Brand Executive,Chennai,Master's,Full-Time,11,110000,2020-05-14,6.3,3.0,3.0,No,176,12.0,3,M094,No
E00115,46,Male,Operations,Operations Analyst,Mumbai,Bachelor's,Full-Time,23,152000,2013-11-13,12.8,3.0,1.0,No,170,4.0,6,M105,No
E00116,28,Male,Customer Support,Team Lead,Bangalore,Master's,Full-Time,5,95000,2023-04-09,3.4,3.0,4.0,Yes,178,13.0,4,M116,No
E00117,27,Male,Marketing,Marketing Manager,Delhi,Bachelor's,Full-Time,6,103000,2021-07-27,5.1,4.0,2.0,Yes,163,4.0,4,M107,Yes
E00118,22,Female,Sales,Account Manager,Mumbai,Bachelor's,Full-Time,0,44000,2026-06-20,0.2,3.0,3.0,No,163,12.0,3,M009,No
E00119,31,Female,Customer Support,Customer Success Associate,Noida,MBA,Full-Time,8,107000,2020-01-26,6.6,4.0,3.0,No,136,3.0,4,M066,No
E00120,30,Male,HR,HR Executive,Mumbai,Bachelor's,Full-Time,8,96000,2020-03-02,6.5,3.0,3.0,Yes,184,8.0,3,M090,No
E00121,38,Female,Marketing,Digital Marketing Analyst,Chennai,Bachelor's,Full-Time,14,130000,2018-12-20,7.7,3.0,4.0,No,172,10.0,8,M032,No
E00122,36,Male,Customer Support,Customer Success Associate,Noida,MBA,Full-Time,17,130000,2016-04-08,10.4,3.0,5.0,No,182,10.0,7,M091,No
E00123,26,Male,Sales,Sales Executive,Delhi,Bachelor's,Part-Time,1,30000,2025-12-20,0.7,2.0,1.0,No,120,11.0,4,M041,No
E00124,31,Female,IT,Software Engineer,Noida,Bachelor's,Full-Time,9,115000,2020-10-08,5.9,3.0,4.0,No,167,6.0,2,M011,No
E00125,31,Male,Sales,Account Manager,Delhi,MBA,Full-Time,10,108000,2021-10-08,4.9,2.0,3.0,Yes,153,7.0,3,M065,Yes
E00126,22,Female,Finance,Accountant,Lucknow,Master's,Full-Time,3,77000,2024-03-02,2.5,4.0,3.0,Yes,195,8.0,2,M116,No
E00127,27,Female,Marketing,Digital Marketing Analyst,Bangalore,Master's,Full-Time,5,81000,2022-11-14,3.8,2.0,3.0,Yes,179,6.0,7,M101,No
E00128,29,Male,Marketing,Brand Executive,Pune,Bachelor's,Part-Time,9,68000,2021-01-25,5.6,4.0,3.0,Yes,172,6.0,1,M018,No
E00129,44,Female,IT,Data Analyst,Hyderabad,Bachelor's,Full-Time,24,174000,2009-12-20,16.7,5.0,5.0,No,160,11.0,1,M118,No
E00130,35,Female,HR,Recruiter,Delhi,MBA,Full-Time,13,134000,2020-05-14,6.3,4.0,3.0,No,175,9.0,2,M008,No
E00131,39,Male,Finance,Finance Manager,Pune,Master's,Contract,14,112000,2017-07-27,9.1,3.0,3.0,Yes,151,9.0,4,M027,No
E00132,24,Male,Sales,Sales Executive,Pune,Bachelor's,Full-Time,0,58000,2026-06-20,0.2,2.0,4.0,No,166,5.0,2,M082,No
E00133,42,Male,IT,Data Analyst,Bangalore,Bachelor's,Full-Time,20,155000,2010-06-20,16.2,3.0,5.0,No,158,6.0,3,M009,No
E00134,43,Other,Sales,Account Manager,Bangalore,Bachelor's,Full-Time,20,141000,2014-12-20,11.7,4.0,4.0,No,209,7.0,6,M002,No
E00135,21,Female,Customer Support,Team Lead,Pune,PhD,Full-Time,1,72000,2025-12-20,0.7,3.0,1.0,No,194,11.0,4,M081,No
E00136,29,Male,Sales,Sales Manager,Pune,Bachelor's,Full-Time,9,91000,2020-01-26,6.6,3.0,3.0,No,187,6.0,13,M075,No
E00137,37,Male,HR,HR Manager,Lucknow,Master's,Full-Time,15,136000,2017-11-13,8.8,4.0,4.0,No,141,6.0,6,M046,No
E00138,39,Female,Operations,Operations Analyst,Chennai,Bachelor's,Full-Time,14,126000,2019-12-20,6.7,5.0,4.0,No,184,12.0,3,M070,No
E00139,29,Male,Finance,Finance Manager,Lucknow,Master's,Full-Time,8,103000,2021-06-20,5.2,3.0,4.0,Yes,171,3.0,5,M005,No
E00140,32,Male,Customer Support,Team Lead,Pune,MBA,Full-Time,7,105000,2021-11-13,4.8,3.0,3.0,No,190,7.0,5,M012,No
E00141,30,Male,Customer Support,Support Analyst,Mumbai,Master's,Full-Time,6,87000,2023-12-20,2.7,2.0,4.0,No,174,7.0,5,M044,Yes
E00142,35,Male,Sales,Account Manager,Bangalore,Bachelor's,Full-Time,11,110000,2021-04-08,5.4,3.0,2.0,Yes,168,8.0,5,M042,Yes
E00143,42,Male,Finance,Finance Manager,Chennai,Master's,Contract,20,110000,2015-12-20,10.7,4.0,5.0,No,172,7.0,5,M099,No
E00144,29,Male,Sales,Account Manager,Pune,MBA,Full-Time,10,100000,2020-10-08,5.9,4.0,5.0,Yes,135,7.0,7,M115,No
E00145,41,Male,Sales,Business Development Executive,Bangalore,Bachelor's,Full-Time,19,143000,2013-12-20,12.7,3.0,2.0,No,154,5.0,6,M088,No
E00146,29,Female,IT,BI Analyst,Delhi,MBA,Full-Time,6,116000,2023-04-09,3.4,3.0,2.0,No,175,8.0,6,M030,No
E00147,28,Male,Operations,Operations Executive,Lucknow,Master's,Full-Time,2,69000,2025-07-27,1.1,3.0,4.0,No,189,8.0,1,M052,Yes
E00148,40,Male,HR,Recruiter,Hyderabad,MBA,Full-Time,19,167000,2011-06-21,15.2,4.0,3.0,No,158,8.0,7,M081,No
E00149,40,Male,IT,Data Engineer,Delhi,Master's,Part-Time,16,98000,2018-07-27,8.1,4.0,3.0,No,167,7.0,5,M047,No
E00150,40,Male,Sales,Sales Executive,Delhi,Bachelor's,Full-Time,18,129000,2014-12-20,11.7,2.0,4.0,No,139,6.0,5,M036,No
E00151,25,Male,Customer Support,Support Executive,Mumbai,Bachelor's,Part-Time,2,38000,2024-12-20,1.7,3.0,4.0,No,194,9.0,3,M070,No
E00152,31,Male,Sales,Sales Executive,Delhi,Bachelor's,Full-Time,11,130000,2018-12-20,7.7,4.0,5.0,Yes,188,6.0,2,M032,No
E00153,40,Male,IT,Software Engineer,Delhi,MBA,Full-Time,18,148000,2013-05-15,13.3,3.0,3.0,No,180,8.0,4,M098,No
E00154,34,Female,Finance,Finance Manager,Bangalore,MBA,Full-Time,12,135000,2019-03-03,7.5,3.0,3.0,No,175,11.0,3,M044,No
E00155,26,Female,Customer Support,Support Executive,Chennai,Master's,Full-Time,5,79000,2024-05-14,2.3,3.0,3.0,No,196,7.0,2,M016,No
E00156,37,Female,Sales,Sales Manager,Delhi,Bachelor's,Full-Time,20,152000,2012-06-20,14.2,4.0,4.0,No,154,10.0,5,M071,No
E00157,29,Female,Operations,Operations Manager,Chennai,Bachelor's,Full-Time,9,107000,2020-05-14,6.3,3.0,3.0,No,152,12.0,3,M096,Yes
E00158,47,Female,Operations,Process Associate,Noida,MBA,Full-Time,25,172000,2014-04-08,12.4,4.0,4.0,Yes,187,8.0,8,M017,No
E00159,45,Male,Sales,Sales Manager,Mumbai,Bachelor's,Contract,23,134000,2012-01-26,14.6,3.0,2.0,No,186,12.0,6,M032,No
E00160,38,Female,Operations,Operations Analyst,Pune,Bachelor's,Full-Time,15,141000,2014-06-20,12.2,4.0,4.0,Yes,147,12.0,5,M014,No
E00161,44,Male,Finance,Accountant,Delhi,Master's,Full-Time,20,162000,2016-01-26,10.6,4.0,2.0,Yes,158,11.0,9,M026,No
E00162,34,Female,Operations,Operations Executive,Noida,Bachelor's,Full-Time,11,111000,2019-09-02,7.0,5.0,3.0,Yes,198,9.0,5,M073,Yes
E00163,39,Female,Operations,Operations Manager,Mumbai,Bachelor's,Full-Time,15,116000,2017-03-03,9.5,3.0,3.0,No,175,8.0,5,M013,No
E00164,44,Male,HR,Recruiter,Pune,Bachelor's,Full-Time,24,161000,2008-09-01,18.0,3.0,1.0,No,182,6.0,1,M114,Yes
E00165,36,Male,IT,Data Analyst,Hyderabad,Bachelor's,Contract,11,91000,2018-01-25,8.6,3.0,4.0,Yes,147,3.0,4,M089,No
E00166,32,Male,Marketing,Digital Marketing Analyst,Mumbai,PhD,Full-Time,13,143000,2016-11-13,9.8,4.0,2.0,Yes,180,3.0,2,M012,Yes
E00167,22,Female,Sales,Sales Manager,Bangalore,Bachelor's,Full-Time,2,81000,2025-06-20,1.2,1.0,3.0,No,142,6.0,3,M045,No
E00168,33,Female,Sales,Account Manager,Pune,Bachelor's,Full-Time,11,107000,2021-05-15,5.3,3.0,2.0,No,132,2.0,3,M016,No
E00169,40,Female,IT,Data Engineer,Chennai,Bachelor's,Full-Time,18,161000,2016-01-26,10.6,4.0,3.0,No,181,3.0,4,M113,No
E00170,41,Male,Operations,Operations Manager,Mumbai,MBA,Full-Time,18,159000,2013-09-01,13.0,3.0,4.0,No,194,14.0,7,M094,No
E00171,38,Female,Operations,Operations Analyst,Pune,Bachelor's,Full-Time,17,137000,2014-04-08,12.4,5.0,5.0,No,163,7.0,5,M052,No
E00172,30,Male,IT,BI Analyst,Delhi,Master's,Full-Time,11,123000,2017-06-20,9.2,3.0,3.0,No,158,9.0,1,M021,No
E00173,21,Female,HR,HR Analyst,Pune,Bachelor's,Full-Time,0,54000,2026-06-20,0.2,2.0,1.0,No,199,7.0,5,M024,Yes
E00174,31,Male,Sales,Account Manager,Bangalore,Bachelor's,Full-Time,5,76000,2023-03-03,3.5,4.0,5.0,No,164,6.0,7,M043,No
E00175,32,Male,Operations,Operations Executive,Noida,Bachelor's,Full-Time,12,117000,2018-09-01,8.0,5.0,4.0,No,167,11.0,3,M005,No
E00176,32,Male,IT,BI Analyst,Mumbai,MBA,Full-Time,11,119000,2021-01-25,5.6,4.0,4.0,No,198,4.0,3,M111,No
E00177,38,Female,Operations,Operations Manager,Delhi,MBA,Full-Time,13,131000,2018-06-20,8.2,4.0,4.0,No,162,8.0,5,M033,No
E00178,48,Female,Finance,Finance Manager,Bangalore,Bachelor's,Full-Time,24,159000,2010-09-01,16.0,5.0,2.0,Yes,156,5.0,2,M113,No
E00179,35,Male,Customer Support,Customer Success Associate,Bangalore,Master's,Full-Time,11,115000,2017-07-27,9.1,3.0,3.0,No,183,12.0,3,M031,No
E00180,32,Male,IT,IT Support,Hyderabad,MBA,Full-Time,8,118000,2021-11-13,4.8,4.0,3.0,No,155,9.0,2,M114,No
E00181,32,Female,Sales,Sales Manager,Mumbai,Bachelor's,Full-Time,9,112000,2019-01-26,7.6,2.0,4.0,No,165,1.0,4,M009,No
E00182,35,Male,IT,BI Analyst,Noida,MBA,Full-Time,12,145000,2018-09-01,8.0,4.0,4.0,No,144,6.0,3,M113,No
E00183,28,Female,Customer Support,Support Executive,Bangalore,Bachelor's,Full-Time,4,82000,2024-06-20,2.2,3.0,2.0,No,171,12.0,4,M035,No
E00184,35,Male,Customer Support,Customer Success Associate,Delhi,MBA,Full-Time,11,123000,2020-11-13,5.8,4.0,5.0,Yes,169,8.0,2,M008,No
E00185,37,Male,Sales,Account Manager,Delhi,MBA,Full-Time,14,134000,2019-07-27,7.1,4.0,4.0,No,185,10.0,3,M075,No
E00186,35,Female,Operations,Operations Manager,Bangalore,MBA,Full-Time,13,114000,2018-06-20,8.2,4.0,2.0,No,183,9.0,0,M017,No
E00187,37,Female,Marketing,Marketing Executive,Bangalore,Master's,Part-Time,14,72000,2020-04-08,6.4,4.0,4.0,No,178,12.0,3,M080,No
E00188,37,Male,HR,HR Analyst,Delhi,Bachelor's,Part-Time,18,65000,2015-05-15,11.3,4.0,5.0,No,175,12.0,5,M020,No
E00189,22,Male,HR,HR Analyst,Hyderabad,MBA,Full-Time,1,66000,2025-11-13,0.8,3.0,2.0,No,167,10.0,3,M091,No
E00190,38,Female,Sales,Account Manager,Delhi,Bachelor's,Full-Time,12,113000,2018-01-25,8.6,3.0,4.0,No,179,5.0,5,M120,No
E00191,29,Male,IT,Data Analyst,Hyderabad,Bachelor's,Full-Time,8,101000,2020-09-01,6.0,4.0,2.0,No,148,7.0,6,M078,Yes
E00192,26,Female,Customer Support,Support Analyst,Hyderabad,Master's,Full-Time,6,85000,2023-09-02,3.0,4.0,3.0,No,126,11.0,7,M022,No
E00193,26,Male,Customer Support,Customer Success Associate,Bangalore,MBA,Full-Time,3,81000,2024-10-08,1.9,3.0,2.0,No,189,7.0,3,M054,Yes
E00194,37,Male,Operations,Operations Manager,Delhi,MBA,Part-Time,11,69000,2020-06-20,6.2,4.0,5.0,No,180,11.0,8,M113,No
E00195,32,Female,Sales,Sales Manager,Lucknow,Bachelor's,Full-Time,10,94000,2018-07-27,8.1,3.0,3.0,No,166,7.0,1,M071,Yes
E00196,22,Female,Sales,Sales Executive,Hyderabad,MBA,Contract,0,57000,2026-06-20,0.2,2.0,2.0,Yes,187,7.0,3,M075,Yes
E00197,37,Male,Operations,Operations Executive,Pune,Master's,Full-Time,12,109000,2019-01-26,7.6,3.0,4.0,Yes,155,7.0,2,M081,No
E00198,24,Female,Customer Support,Support Executive,Mumbai,Bachelor's,Full-Time,0,50000,2026-06-20,0.2,4.0,4.0,No,155,8.0,3,M077,No
E00199,35,Male,Customer Support,Support Analyst,Chennai,Bachelor's,Full-Time,13,119000,2018-03-03,8.5,3.0,4.0,No,153,10.0,4,M115,No
E00200,36,Male,Operations,Process Associate,Chennai,Bachelor's,Full-Time,13,110000,2016-06-20,10.2,5.0,4.0,No,178,2.0,2,M081,No
E00201,40,Other,Operations,Operations Executive,Hyderabad,Bachelor's,Full-Time,17,145000,2017-06-20,9.2,5.0,4.0,No,140,7.0,4,M075,No
E00202,46,Female,IT,IT Support,Lucknow,PhD,Full-Time,24,204000,2012-04-08,14.4,4.0,3.0,Yes,154,9.0,5,M120,No
E00203,24,Female,IT,Software Engineer,Bangalore,Master's,Full-Time,0,76000,2026-06-20,0.2,3.0,5.0,No,173,6.0,4,M068,No
E00204,34,Male,Customer Support,Support Analyst,Bangalore,Master's,Full-Time,11,97000,2019-05-15,7.3,3.0,4.0,Yes,146,9.0,7,M080,No
E00205,32,Male,Operations,Operations Executive,Chennai,PhD,Full-Time,11,122000,2019-12-20,6.7,3.0,4.0,No,156,5.0,4,M031,No
E00206,37,Male,IT,Software Engineer,Chennai,Bachelor's,Full-Time,14,141000,2020-03-02,6.5,5.0,5.0,No,128,7.0,3,M085,No
E00207,36,Male,IT,BI Analyst,Bangalore,MBA,Full-Time,10,122000,2019-03-03,7.5,3.0,4.0,No,179,5.0,3,M097,No
E00208,32,Female,Operations,Process Associate,Mumbai,Bachelor's,Full-Time,9,104000,2019-03-03,7.5,4.0,3.0,Yes,156,7.0,0,M013,No
E00209,31,Male,IT,BI Analyst,Bangalore,MBA,Full-Time,6,120000,2022-06-20,4.2,2.0,3.0,Yes,148,8.0,3,M113,No
E00210,26,Female,IT,Software Engineer,Mumbai,Bachelor's,Full-Time,5,86000,2022-09-01,4.0,2.0,3.0,Yes,145,11.0,4,M029,No
E00211,41,Male,HR,HR Analyst,Chennai,MBA,Contract,20,116000,2013-07-27,13.1,5.0,5.0,No,160,8.0,4,M079,No
E00212,37,Male,Operations,Operations Analyst,Hyderabad,Bachelor's,Full-Time,11,111000,2020-09-01,6.0,3.0,4.0,No,140,8.0,6,M010,Yes
E00213,40,Male,Operations,Operations Analyst,Delhi,Bachelor's,Full-Time,20,143000,2017-07-27,9.1,4.0,4.0,No,203,4.0,4,M033,No
E00214,32,Male,Sales,Sales Executive,Delhi,MBA,Full-Time,7,97000,2021-09-01,5.0,4.0,2.0,No,125,9.0,4,M015,No
E00215,29,Male,Operations,Process Associate,Bangalore,Bachelor's,Contract,11,78000,2019-07-27,7.1,4.0,4.0,No,160,6.0,5,M107,No
E00216,26,Female,Sales,Account Manager,Mumbai,Master's,Full-Time,4,87000,2023-07-27,3.1,4.0,3.0,Yes,170,9.0,2,M077,No
E00217,37,Male,Sales,Sales Executive,Pune,Bachelor's,Full-Time,12,98000,2017-12-20,8.7,3.0,3.0,Yes,154,10.0,6,M035,No
E00218,27,Female,Operations,Process Associate,Lucknow,Master's,Full-Time,2,82000,2024-12-20,1.7,3.0,3.0,Yes,172,6.0,3,M054,No
E00219,47,Male,Operations,Operations Analyst,Noida,Bachelor's,Full-Time,26,163000,2009-09-01,17.0,4.0,3.0,No,154,4.0,3,M021,No
E00220,25,Other,Marketing,Marketing Manager,Bangalore,Bachelor's,Full-Time,2,46000,2025-06-20,1.2,3.0,4.0,No,196,8.0,3,M030,No
E00221,36,Male,Operations,Process Associate,Noida,Bachelor's,Full-Time,14,117000,2018-10-08,7.9,3.0,3.0,No,148,4.0,7,M112,No
E00222,45,Female,HR,HR Analyst,Chennai,Bachelor's,Full-Time,27,167000,2009-05-15,17.3,4.0,4.0,Yes,126,14.0,6,M046,No
E00223,38,Male,IT,Data Analyst,Chennai,Bachelor's,Contract,14,117000,2015-06-21,11.2,4.0,2.0,No,145,6.0,5,M107,Yes
E00224,35,Female,Finance,Audit Associate,Delhi,Bachelor's,Full-Time,13,117000,2020-07-26,6.1,4.0,3.0,Yes,175,7.0,4,M042,No
E00225,27,Female,Sales,Sales Manager,Delhi,Bachelor's,Full-Time,9,90000,2019-01-26,7.6,4.0,4.0,Yes,166,3.0,5,M109,No
E00226,24,Male,Sales,Business Development Executive,Mumbai,Bachelor's,Full-Time,3,79000,2024-03-02,2.5,2.0,2.0,No,182,7.0,4,M071,No
E00227,39,Male,Customer Support,Support Analyst,Bangalore,Master's,Full-Time,13,110000,2017-09-01,9.0,3.0,4.0,No,177,10.0,4,M049,No
E00228,45,Male,Finance,Accountant,Mumbai,MBA,Full-Time,24,174000,2012-09-01,14.0,3.0,4.0,No,157,9.0,3,M024,No
E00229,31,Female,Customer Support,Customer Success Associate,Mumbai,Bachelor's,Full-Time,6,82000,2023-06-21,3.2,4.0,3.0,No,159,7.0,3,M080,No
E00230,26,Male,Operations,Operations Manager,Hyderabad,Master's,Full-Time,8,91000,2022-03-03,4.5,4.0,5.0,Yes,161,8.0,3,M069,Yes
E00231,21,Male,Marketing,Digital Marketing Analyst,Chennai,Master's,Full-Time,0,59000,2026-06-20,0.2,3.0,4.0,Yes,202,7.0,4,M006,No
E00232,27,Male,HR,Recruiter,Delhi,Bachelor's,Full-Time,12,126000,2018-12-20,7.7,3.0,2.0,No,180,3.0,7,M002,No
E00233,33,Male,HR,Recruiter,Bangalore,Master's,Part-Time,15,87000,2019-07-27,7.1,4.0,4.0,Yes,202,3.0,2,M003,No
E00234,45,Female,Finance,Audit Associate,Lucknow,Bachelor's,Full-Time,21,154000,2011-03-03,15.5,4.0,4.0,No,183,12.0,4,M053,No
E00235,39,Male,Sales,Sales Manager,Lucknow,Bachelor's,Full-Time,17,133000,2016-06-20,10.2,3.0,3.0,No,167,4.0,6,M010,No
E00236,36,Female,Operations,Operations Executive,Chennai,Bachelor's,Full-Time,16,130000,2018-03-03,8.5,3.0,2.0,Yes,150,10.0,4,M024,No
E00237,31,Female,Sales,Sales Executive,Lucknow,Master's,Full-Time,11,126000,2019-05-15,7.3,2.0,4.0,No,172,3.0,5,M112,No
E00238,30,Male,IT,IT Support,Hyderabad,Master's,Full-Time,9,112000,2019-01-26,7.6,4.0,3.0,No,167,9.0,2,M033,No
E00239,44,Female,Operations,Operations Analyst,Lucknow,Bachelor's,Full-Time,25,166000,2008-09-01,18.0,5.0,4.0,No,166,12.0,4,M084,No
E00240,35,Male,IT,Software Engineer,Bangalore,Bachelor's,Full-Time,13,122000,2018-04-08,8.4,4.0,3.0,No,164,7.0,6,M117,No
E00241,21,Male,Customer Support,Team Lead,Delhi,PhD,Full-Time,0,68000,2026-06-20,0.2,4.0,3.0,No,131,7.0,5,M022,No
E00242,29,Male,Customer Support,Support Executive,Mumbai,Bachelor's,Full-Time,6,79000,2022-03-03,4.5,2.0,3.0,No,191,7.0,2,M061,Yes
E00243,28,Female,Customer Support,Support Analyst,Bangalore,Bachelor's,Full-Time,8,86000,2020-03-02,6.5,2.0,3.0,Yes,167,17.0,6,M096,No
E00244,30,Male,Finance,Finance Manager,Bangalore,MBA,Full-Time,9,124000,2021-11-13,4.8,4.0,1.0,No,143,6.0,6,M094,No
E00245,38,Male,IT,Software Engineer,Pune,Master's,Full-Time,17,157000,2013-03-03,13.5,4.0,4.0,Yes,177,6.0,3,M067,No
E00246,33,Male,Customer Support,Customer Success Associate,Chennai,Master's,Contract,13,77000,2019-04-09,7.4,2.0,2.0,No,153,11.0,6,M004,No
E00247,33,Male,Finance,Accountant,Hyderabad,MBA,Full-Time,6,93000,2021-09-01,5.0,3.0,4.0,Yes,178,6.0,2,M051,No
E00248,43,Female,Customer Support,Support Analyst,Bangalore,MBA,Full-Time,22,153000,2014-04-08,12.4,4.0,5.0,No,184,8.0,6,M004,No
E00249,29,Male,Customer Support,Support Executive,Chennai,Bachelor's,Contract,8,83000,2020-01-26,6.6,3.0,3.0,No,186,10.0,6,M039,No
E00250,47,Female,Marketing,Brand Executive,Pune,Bachelor's,Full-Time,29,177000,2008-09-01,18.0,4.0,2.0,No,165,11.0,5,M031,No
E00251,29,Male,Sales,Business Development Executive,Delhi,Bachelor's,Full-Time,3,73000,2025-03-03,1.5,1.0,2.0,Yes,161,7.0,10,M057,Yes
E00252,35,Female,Finance,Finance Manager,Pune,PhD,Full-Time,17,153000,2012-05-14,14.3,3.0,3.0,Yes,157,10.0,5,M073,No
E00253,32,Male,Marketing,Marketing Manager,Mumbai,Master's,Full-Time,10,109000,2021-11-13,4.8,3.0,5.0,No,155,7.0,5,M030,No
E00254,35,Male,Sales,Sales Manager,Delhi,Bachelor's,Full-Time,14,122000,2019-03-03,7.5,4.0,5.0,No,168,4.0,3,M117,Yes
E00255,37,Male,IT,Data Engineer,Noida,MBA,Contract,19,140000,2014-10-08,11.9,4.0,4.0,No,164,9.0,1,M093,No
E00256,37,Female,HR,HR Manager,Mumbai,Bachelor's,Full-Time,16,131000,2013-01-25,13.6,4.0,3.0,No,153,11.0,7,M118,No
E00257,29,Male,Customer Support,Customer Success Associate,Delhi,Bachelor's,Full-Time,8,78000,2021-06-20,5.2,1.0,3.0,Yes,147,9.0,4,M089,Yes
E00258,26,Female,Operations,Operations Analyst,Noida,Master's,Full-Time,5,113000,2023-04-09,3.4,2.0,3.0,No,166,9.0,2,M116,No
E00259,52,Female,HR,HR Analyst,Pune,Bachelor's,Part-Time,29,113000,2008-09-01,18.0,5.0,4.0,Yes,160,4.0,3,M039,Yes
E00260,31,Male,IT,Data Engineer,Bangalore,MBA,Full-Time,9,117000,2019-03-03,7.5,3.0,2.0,Yes,147,2.0,3,M099,Yes
E00261,39,Female,Operations,Operations Executive,Bangalore,Bachelor's,Full-Time,15,134000,2015-03-03,11.5,4.0,5.0,No,183,9.0,3,M025,No
E00262,23,Male,Customer Support,Customer Success Associate,Bangalore,MBA,Full-Time,1,64000,2026-03-03,0.5,2.0,3.0,No,200,12.0,5,M058,No
E00263,32,Male,IT,BI Analyst,Pune,Master's,Full-Time,4,113000,2024-05-14,2.3,4.0,4.0,Yes,185,9.0,5,M101,No
E00264,33,Female,HR,HR Manager,Delhi,Bachelor's,Contract,12,78000,2020-10-08,5.9,3.0,3.0,Yes,155,6.0,3,M036,No
E00265,37,Female,Customer Support,Support Executive,Bangalore,PhD,Full-Time,15,146000,2016-01-26,10.6,3.0,,No,167,8.0,7,M011,No
E00266,21,Female,Operations,Process Associate,Lucknow,Bachelor's,Full-Time,0,60000,2026-06-20,0.2,4.0,4.0,Yes,196,9.0,5,M090,No
E00267,35,Male,Operations,Process Associate,Hyderabad,Bachelor's,Full-Time,14,128000,2018-12-20,7.7,4.0,2.0,No,147,7.0,2,M106,No
E00268,26,Male,Operations,Operations Executive,Mumbai,Bachelor's,Full-Time,0,75000,2026-06-20,0.2,4.0,4.0,No,182,14.0,3,M046,No
E00269,36,Male,Sales,Sales Manager,Hyderabad,MBA,Full-Time,19,144000,2015-09-02,11.0,5.0,3.0,Yes,142,6.0,5,M089,No
E00270,27,Female,Sales,Business Development Executive,Pune,Bachelor's,Full-Time,5,94000,2023-04-09,3.4,4.0,2.0,No,198,15.0,4,M021,No
E00271,28,Male,Marketing,Brand Executive,Bangalore,Bachelor's,Full-Time,6,76000,2022-12-20,3.7,3.0,5.0,No,160,10.0,5,M113,Yes
E00272,32,Female,Marketing,Marketing Manager,Mumbai,Bachelor's,Full-Time,8,87000,2022-11-14,3.8,3.0,2.0,No,208,10.0,6,M002,Yes
E00273,27,Male,Marketing,Brand Executive,Chennai,Bachelor's,Contract,5,58000,2023-09-02,3.0,3.0,3.0,No,199,9.0,1,M074,No
E00274,31,Male,Customer Support,Support Analyst,Delhi,MBA,Full-Time,12,119000,2019-04-09,7.4,5.0,5.0,Yes,166,7.0,8,M039,Yes
E00275,26,Male,HR,HR Analyst,Hyderabad,Bachelor's,Contract,7,70000,2020-12-20,5.7,4.0,5.0,No,155,11.0,1,M099,No
E00276,21,Male,HR,HR Analyst,Delhi,Bachelor's,Full-Time,1,63000,2026-01-25,0.6,3.0,2.0,No,172,7.0,8,M033,No
E00277,41,Male,Marketing,Marketing Executive,Bangalore,Bachelor's,Full-Time,20,148000,2014-09-01,12.0,5.0,3.0,No,165,12.0,6,M105,No
E00278,25,Female,Operations,Process Associate,Bangalore,Bachelor's,Full-Time,2,72000,2025-03-03,1.5,2.0,2.0,No,161,13.0,2,M031,No
E00279,33,Female,Operations,Operations Manager,Delhi,MBA,Full-Time,7,105000,2021-05-15,5.3,3.0,4.0,No,138,3.0,5,M004,No
E00280,39,Male,Marketing,Digital Marketing Analyst,Mumbai,Bachelor's,Full-Time,16,140000,2014-05-15,12.3,3.0,5.0,No,159,7.0,4,M067,No
E00281,30,Male,Customer Support,Team Lead,Bangalore,PhD,Full-Time,7,116000,2020-11-13,5.8,2.0,2.0,No,148,10.0,4,M069,Yes
E00282,28,Male,Sales,Business Development Executive,Noida,Bachelor's,Full-Time,9,100000,2019-10-08,6.9,4.0,5.0,No,178,7.0,2,M081,No
E00283,36,Female,Finance,Finance Manager,Lucknow,Bachelor's,Contract,15,97000,2017-06-20,9.2,4.0,3.0,No,186,7.0,2,M113,No
E00284,42,Male,IT,IT Support,Chennai,MBA,Full-Time,24,190000,2008-09-01,18.0,4.0,4.0,Yes,181,16.0,2,M013,No
E00285,26,Female,HR,Recruiter,Noida,Bachelor's,Full-Time,7,79000,2022-01-25,4.6,3.0,2.0,No,174,8.0,5,M065,No
E00286,33,Male,IT,Software Engineer,Mumbai,Master's,Full-Time,10,117000,2021-01-25,5.6,2.0,3.0,No,153,9.0,7,M045,No
E00287,22,Male,Finance,Audit Associate,Lucknow,PhD,Full-Time,0,95000,2026-06-20,0.2,2.0,3.0,Yes,172,9.0,5,M039,No
E00288,31,Female,HR,HR Manager,Bangalore,Bachelor's,Full-Time,12,109000,2020-03-02,6.5,3.0,3.0,No,182,13.0,1,M108,Yes
E00289,34,Male,Sales,Sales Manager,Lucknow,Bachelor's,Full-Time,15,114000,2019-01-26,7.6,3.0,4.0,No,157,8.0,2,M087,No
E00290,28,Male,Operations,Process Associate,Lucknow,Master's,Full-Time,3,66000,2025-01-25,1.6,4.0,3.0,No,170,4.0,0,M105,No
E00291,31,Male,IT,Software Engineer,Pune,Bachelor's,Full-Time,13,127000,2020-06-20,6.2,4.0,3.0,Yes,165,7.0,3,M117,No
E00292,24,Male,IT,BI Analyst,Lucknow,Bachelor's,Full-Time,3,95000,2024-04-08,2.4,2.0,3.0,No,198,9.0,4,M114,No
E00293,35,Male,Marketing,Marketing Executive,Hyderabad,Bachelor's,Full-Time,13,128000,2015-12-20,10.7,3.0,4.0,No,183,8.0,5,M089,No
E00294,41,Female,Finance,Audit Associate,Mumbai,Bachelor's,Full-Time,23,166000,2010-12-20,15.7,4.0,4.0,Yes,179,6.0,5,M116,Yes
E00295,26,Female,IT,IT Support,Delhi,MBA,Full-Time,7,131000,2021-03-03,5.5,1.0,3.0,No,137,3.0,2,M053,No
E00296,30,Male,HR,HR Executive,Hyderabad,Bachelor's,Contract,10,79000,2021-06-20,5.2,4.0,4.0,No,171,9.0,3,M031,No
E00297,38,Female,Operations,Operations Executive,Bangalore,Bachelor's,Part-Time,17,79000,2012-11-13,13.8,4.0,4.0,No,165,6.0,5,M013,Yes
E00298,42,Male,Sales,Sales Executive,Pune,Master's,Full-Time,22,140000,2012-04-08,14.4,4.0,3.0,No,165,6.0,5,M001,No
E00299,24,Male,Operations,Operations Manager,Lucknow,Bachelor's,Full-Time,1,58000,2026-03-03,0.5,4.0,3.0,No,140,8.0,1,M098,No
E00300,33,Male,IT,Software Engineer,Bangalore,Bachelor's,Part-Time,11,81000,2021-01-25,5.6,3.0,3.0,Yes,148,2.0,5,M029,No
E00301,36,Male,IT,Data Engineer,Chennai,MBA,Contract,12,119000,2019-10-08,6.9,3.0,5.0,No,167,7.0,4,M061,No
E00302,33,Male,HR,HR Analyst,Noida,Bachelor's,Full-Time,10,95000,2021-12-20,4.7,4.0,4.0,No,188,3.0,7,M095,No
E00303,21,Other,HR,HR Manager,Lucknow,MBA,Full-Time,0,76000,2026-06-20,0.2,4.0,4.0,No,157,8.0,5,M072,No
E00304,38,Male,Operations,Operations Manager,Lucknow,MBA,Contract,14,110000,2020-01-26,6.6,4.0,4.0,Yes,161,5.0,8,M002,No
E00305,45,Male,Operations,Operations Executive,Hyderabad,Bachelor's,Full-Time,23,155000,2014-03-03,12.5,5.0,3.0,Yes,200,7.0,1,M012,No
E00306,35,Male,Customer Support,Team Lead,Lucknow,Master's,Full-Time,12,91000,2019-12-20,6.7,3.0,5.0,Yes,163,9.0,4,M056,No
E00307,27,Female,HR,Recruiter,Chennai,Bachelor's,Contract,6,69000,2021-07-27,5.1,3.0,4.0,No,166,9.0,4,M097,No
E00308,30,Female,Sales,Sales Manager,Bangalore,Bachelor's,Full-Time,4,86000,2024-06-20,2.2,3.0,4.0,Yes,166,12.0,3,M094,No
E00309,46,Male,Marketing,Brand Executive,Delhi,MBA,Contract,24,129000,2013-07-27,13.1,4.0,2.0,No,144,8.0,2,M041,No
E00310,40,Male,Sales,Sales Executive,Pune,MBA,Full-Time,18,147000,2013-09-01,13.0,3.0,4.0,No,178,5.0,4,M027,No
E00311,38,Male,Finance,Accountant,Mumbai,Bachelor's,Contract,15,92000,2014-10-08,11.9,5.0,4.0,Yes,156,11.0,5,M089,No
E00312,36,Male,IT,Data Engineer,Pune,Master's,Full-Time,14,117000,2018-03-03,8.5,5.0,3.0,No,167,7.0,7,M038,No
E00313,29,Male,IT,Data Engineer,Pune,MBA,Contract,3,85000,2024-04-08,2.4,4.0,3.0,Yes,176,5.0,5,M114,No
E00314,33,Male,Customer Support,Support Analyst,Bangalore,PhD,Full-Time,12,120000,2019-09-02,7.0,2.0,2.0,No,203,10.0,4,M097,No
E00315,33,Male,Marketing,Digital Marketing Analyst,Hyderabad,Bachelor's,Full-Time,13,132000,2019-10-08,6.9,2.0,2.0,No,144,6.0,1,M102,No
E00316,38,Male,Operations,Operations Executive,Chennai,Bachelor's,Full-Time,17,137000,2016-10-08,9.9,3.0,3.0,No,184,3.0,5,M052,No
E00317,45,Male,Finance,Finance Manager,Hyderabad,Bachelor's,Full-Time,26,174000,2008-09-01,18.0,4.0,3.0,Yes,184,7.0,3,M080,Yes
E00318,42,Female,IT,IT Support,Bangalore,PhD,Full-Time,21,177000,2014-03-03,12.5,2.0,3.0,No,157,14.0,4,M120,No
E00319,24,Female,IT,Data Engineer,Bangalore,Bachelor's,Full-Time,3,90000,2024-06-20,2.2,3.0,5.0,No,179,7.0,6,M032,No
E00320,36,Male,Sales,Business Development Executive,Delhi,Master's,Full-Time,14,139000,2019-01-26,7.6,5.0,4.0,No,198,10.0,2,M088,No
E00321,39,Male,HR,HR Manager,Lucknow,Bachelor's,Full-Time,19,143000,2012-10-08,13.9,5.0,2.0,Yes,154,3.0,5,M002,Yes
E00322,38,Male,Operations,Operations Manager,Mumbai,Bachelor's,Full-Time,12,118000,2019-07-27,7.1,3.0,3.0,No,172,9.0,4,M066,Yes
E00323,30,Male,Operations,Operations Analyst,Pune,Bachelor's,Contract,6,62000,2022-11-14,3.8,3.0,4.0,No,175,4.0,4,M020,No
E00324,54,Female,Sales,Business Development Executive,Mumbai,PhD,Full-Time,35,218000,2008-09-01,18.0,5.0,4.0,No,178,8.0,7,M057,No
E00325,25,Male,Customer Support,Support Executive,Mumbai,Bachelor's,Full-Time,0,51000,2026-06-20,0.2,4.0,5.0,No,182,6.0,5,M062,No
E00326,26,Female,Operations,Operations Analyst,Noida,Master's,Full-Time,4,86000,2024-06-20,2.2,3.0,4.0,No,171,3.0,8,M091,Yes
E00327,36,Female,HR,Recruiter,Pune,Bachelor's,Full-Time,17,121000,2013-05-15,13.3,4.0,2.0,No,177,6.0,3,M086,Yes
E00328,49,Male,Operations,Operations Manager,Bangalore,Bachelor's,Full-Time,27,159000,2008-09-01,18.0,4.0,4.0,Yes,152,10.0,0,M103,No
E00329,28,Male,Finance,Financial Analyst,Delhi,Bachelor's,Full-Time,5,93000,2023-12-20,2.7,2.0,3.0,Yes,171,8.0,2,M048,No
E00330,32,Male,Sales,Sales Executive,Bangalore,Bachelor's,Part-Time,10,61000,2018-04-08,8.4,3.0,4.0,Yes,159,9.0,5,M083,Yes
E00331,42,Male,Sales,Sales Manager,Hyderabad,Bachelor's,Full-Time,19,140000,2013-01-25,13.6,4.0,5.0,Yes,146,8.0,1,M007,Yes
E00332,34,Male,Operations,Operations Manager,Pune,Bachelor's,Full-Time,12,105000,2019-01-26,7.6,3.0,4.0,No,159,9.0,2,M067,No
E00333,32,Male,IT,Software Engineer,Bangalore,Bachelor's,Full-Time,8,119000,2022-07-27,4.1,4.0,4.0,Yes,173,9.0,4,M050,No
E00334,38,Female,IT,IT Support,Mumbai,Bachelor's,Full-Time,19,163000,2014-01-25,12.6,4.0,4.0,No,176,10.0,5,M034,No
E00335,36,Male,IT,IT Support,Delhi,PhD,Full-Time,18,154000,2017-05-15,9.3,4.0,3.0,No,145,3.0,5,M105,Yes
E00336,41,Male,IT,Data Engineer,Noida,MBA,Full-Time,19,159000,2014-11-14,11.8,3.0,2.0,No,151,9.0,3,M087,No
E00337,43,Male,Marketing,Marketing Executive,Lucknow,Bachelor's,Full-Time,18,146000,2015-09-02,11.0,2.0,3.0,Yes,181,8.0,5,M069,No
E00338,36,Female,Operations,Operations Manager,Bangalore,Master's,Full-Time,13,127000,2017-01-25,9.6,4.0,4.0,Yes,177,10.0,6,M107,Yes
E00339,36,Male,Finance,Finance Manager,Chennai,MBA,Full-Time,14,138000,2019-04-09,7.4,3.0,2.0,Yes,184,9.0,1,M067,No
E00340,35,Female,IT,BI Analyst,Delhi,Bachelor's,Part-Time,14,71000,2015-10-08,10.9,3.0,4.0,No,193,10.0,6,M088,No
E00341,37,Male,Finance,Financial Analyst,Delhi,MBA,Full-Time,12,124000,2019-09-02,7.0,3.0,,No,178,5.0,2,M091,No
E00342,34,Male,Finance,Audit Associate,Chennai,MBA,Full-Time,10,117000,2020-05-14,6.3,3.0,2.0,No,161,7.0,3,M034,No
E00343,34,Male,IT,Data Analyst,Noida,Bachelor's,Full-Time,13,129000,2016-10-08,9.9,5.0,5.0,No,170,8.0,6,M115,No
E00344,42,Male,Finance,Accountant,Lucknow,Bachelor's,Full-Time,22,176000,2011-04-09,15.4,4.0,3.0,No,198,4.0,5,M043,No
E00345,45,Female,Finance,Audit Associate,Hyderabad,PhD,Contract,21,130000,2014-09-01,12.0,3.0,2.0,Yes,218,11.0,4,M021,Yes
E00346,23,Female,Operations,Operations Manager,Delhi,Master's,Full-Time,0,58000,2026-06-20,0.2,3.0,4.0,No,176,3.0,2,M012,Yes
E00347,34,Female,Operations,Operations Analyst,Chennai,Bachelor's,Full-Time,20,141000,2015-04-09,11.4,4.0,4.0,No,178,15.0,7,M032,No
E00348,29,Male,IT,Data Engineer,Mumbai,Bachelor's,Contract,9,95000,2020-06-20,6.2,2.0,4.0,No,181,9.0,3,M047,No
E00349,32,Male,Finance,Accountant,Hyderabad,Bachelor's,Full-Time,9,93000,2021-06-20,5.2,4.0,3.0,No,168,6.0,3,M113,No
E00350,37,Male,Operations,Operations Analyst,Delhi,Master's,Full-Time,17,151000,2014-01-25,12.6,5.0,3.0,No,189,13.0,4,M086,No
E00351,39,Male,HR,HR Manager,Pune,Master's,Full-Time,17,139000,2015-01-26,11.6,2.0,2.0,No,186,13.0,5,M098,No
E00352,33,Female,Marketing,Digital Marketing Analyst,Mumbai,PhD,Full-Time,13,129000,2020-01-26,6.6,3.0,4.0,Yes,174,7.0,2,M087,No
E00353,21,Female,Operations,Operations Manager,Bangalore,Bachelor's,Full-Time,0,44000,2026-06-20,0.2,1.0,1.0,No,162,8.0,2,M055,No
E00354,27,Male,IT,Data Engineer,Noida,Master's,Full-Time,5,108000,2023-12-20,2.7,3.0,2.0,Yes,141,5.0,5,M065,Yes
E00355,40,Male,IT,BI Analyst,Bangalore,Master's,Full-Time,18,155000,2015-10-08,10.9,5.0,4.0,No,181,5.0,5,M068,No
E00356,21,Male,Operations,Process Associate,Hyderabad,Bachelor's,Full-Time,0,60000,2026-06-20,0.2,3.0,2.0,Yes,172,13.0,2,M017,No
E00357,42,Male,IT,Software Engineer,Mumbai,Bachelor's,Full-Time,25,169000,2010-05-15,16.3,5.0,4.0,Yes,155,7.0,3,M026,No
E00358,38,Male,Operations,Operations Manager,Bangalore,PhD,Full-Time,14,132000,2016-03-02,10.5,4.0,3.0,No,148,9.0,5,M095,No
E00359,43,Male,Customer Support,Team Lead,Bangalore,MBA,Full-Time,18,135000,2017-03-03,9.5,5.0,5.0,No,180,6.0,4,M103,No
E00360,33,Male,HR,HR Manager,Bangalore,Bachelor's,Full-Time,10,101000,2018-05-15,8.3,4.0,2.0,No,139,8.0,2,M101,No
E00361,21,Male,Finance,Financial Analyst,Noida,Master's,Part-Time,0,42000,2026-06-20,0.2,2.0,4.0,Yes,173,6.0,0,M104,Yes
E00362,37,Male,Operations,Process Associate,Mumbai,Bachelor's,Part-Time,15,61000,2018-01-25,8.6,4.0,3.0,No,183,13.0,7,M033,No
E00363,43,Male,Finance,Financial Analyst,Lucknow,Master's,Contract,23,160000,2009-12-20,16.7,3.0,4.0,No,178,6.0,6,M064,No
E00364,40,Female,HR,Recruiter,Hyderabad,Master's,Part-Time,20,83000,2011-04-09,15.4,4.0,5.0,No,161,7.0,6,M092,No
E00365,29,Male,Customer Support,Team Lead,Delhi,Bachelor's,Full-Time,9,91000,2021-04-08,5.4,3.0,2.0,Yes,146,10.0,5,M010,Yes
E00366,35,Female,Finance,Audit Associate,Hyderabad,PhD,Full-Time,12,120000,2017-09-01,9.0,3.0,4.0,Yes,179,6.0,2,M100,No
E00367,30,Male,Customer Support,Customer Success Associate,Hyderabad,Master's,Full-Time,8,77000,2020-04-08,6.4,4.0,2.0,No,190,9.0,3,M046,No
E00368,28,Male,Customer Support,Team Lead,Chennai,Bachelor's,Full-Time,7,82000,2021-05-15,5.3,3.0,2.0,No,158,9.0,4,M073,No
E00369,41,Male,Sales,Business Development Executive,Mumbai,MBA,Full-Time,15,139000,2019-09-02,7.0,3.0,5.0,No,177,4.0,4,M090,No
E00370,26,Male,IT,BI Analyst,Delhi,Bachelor's,Full-Time,5,104000,2022-10-08,3.9,2.0,4.0,No,196,4.0,2,M113,No
E00371,28,Female,IT,Data Engineer,Noida,Bachelor's,Full-Time,2,84000,2025-03-03,1.5,3.0,5.0,No,174,10.0,1,M110,No
E00372,26,Male,IT,IT Support,Lucknow,Bachelor's,Contract,9,84000,2020-03-02,6.5,2.0,2.0,No,161,12.0,4,M051,Yes
E00373,24,Female,IT,IT Support,Noida,Bachelor's,Full-Time,1,68000,2025-11-13,0.8,3.0,3.0,No,187,13.0,9,M034,No
E00374,35,Female,Operations,Operations Executive,Delhi,MBA,Full-Time,13,138000,2015-10-08,10.9,5.0,5.0,No,155,8.0,6,M014,No
E00375,42,Male,IT,BI Analyst,Chennai,Bachelor's,Contract,18,123000,2015-06-21,11.2,4.0,4.0,Yes,145,12.0,2,M041,No
E00376,33,Male,Sales,Sales Executive,Delhi,MBA,Full-Time,9,101000,2022-05-15,4.3,3.0,3.0,Yes,183,9.0,3,M090,No
E00377,23,Female,Marketing,Marketing Manager,Hyderabad,Master's,Full-Time,7,102000,2022-04-08,4.4,3.0,2.0,No,161,6.0,3,M101,Yes
E00378,40,Male,IT,Software Engineer,Mumbai,Bachelor's,Full-Time,20,157000,2017-04-08,9.4,3.0,3.0,No,162,9.0,6,M095,No
E00379,46,Female,Marketing,Brand Executive,Hyderabad,MBA,Full-Time,20,156000,2015-04-09,11.4,3.0,2.0,No,157,5.0,4,M111,No
E00380,29,Male,Sales,Sales Manager,Bangalore,Bachelor's,Full-Time,11,115000,2019-03-03,7.5,3.0,2.0,Yes,159,12.0,5,M038,No
E00381,31,Male,IT,BI Analyst,Delhi,Bachelor's,Full-Time,12,130000,2019-10-08,6.9,4.0,4.0,Yes,193,9.0,6,M048,Yes
E00382,38,Male,Operations,Process Associate,Noida,Bachelor's,Full-Time,15,119000,2015-10-08,10.9,4.0,4.0,No,198,14.0,7,M043,No
E00383,45,Male,Operations,Operations Analyst,Mumbai,Bachelor's,Full-Time,24,156000,2008-09-01,18.0,4.0,4.0,No,200,9.0,2,M028,No
E00384,30,Female,Customer Support,Support Analyst,Bangalore,Bachelor's,Part-Time,8,67000,2021-10-08,4.9,4.0,3.0,No,188,5.0,5,M120,No
E00385,25,Male,Operations,Process Associate,Bangalore,Master's,Part-Time,8,71000,2020-03-02,6.5,4.0,3.0,No,176,6.0,3,M041,No
E00386,38,Female,Marketing,Marketing Executive,Lucknow,Bachelor's,Full-Time,14,122000,2019-12-20,6.7,4.0,4.0,No,142,5.0,4,M108,No
E00387,40,Male,Sales,Sales Manager,Hyderabad,Bachelor's,Full-Time,18,123000,2012-07-26,14.1,5.0,3.0,No,165,4.0,6,M104,No
E00388,34,Male,IT,IT Support,Delhi,PhD,Contract,11,109000,2018-01-25,8.6,3.0,3.0,Yes,207,5.0,1,M056,No
E00389,30,Male,Operations,Process Associate,Chennai,Master's,Part-Time,4,58000,2024-05-14,2.3,2.0,2.0,No,160,6.0,7,M081,No
E00390,41,Male,Marketing,Marketing Executive,Noida,MBA,Part-Time,24,84000,2012-12-20,13.7,5.0,4.0,Yes,195,11.0,3,M076,No
E00391,38,Male,Customer Support,Customer Success Associate,Delhi,Bachelor's,Part-Time,13,68000,2019-04-09,7.4,3.0,5.0,Yes,169,6.0,1,M091,Yes
E00392,29,Male,Finance,Financial Analyst,Pune,Master's,Full-Time,8,107000,2020-06-20,6.2,3.0,2.0,No,120,5.0,5,M065,No
E00393,34,Female,Finance,Audit Associate,Chennai,MBA,Full-Time,8,112000,2020-05-14,6.3,4.0,5.0,No,180,9.0,6,M104,No
E00394,25,Male,Operations,Operations Executive,Pune,Master's,Full-Time,2,67000,2025-06-20,1.2,4.0,4.0,No,191,6.0,5,M060,Yes
E00395,39,Male,Sales,Sales Executive,Bangalore,Master's,Full-Time,18,145000,2014-04-08,12.4,4.0,5.0,No,167,9.0,4,M097,No
E00396,32,Female,Customer Support,Team Lead,Noida,Bachelor's,Full-Time,8,98000,2022-09-01,4.0,3.0,5.0,Yes,190,15.0,7,M013,No
E00397,31,Female,Marketing,Digital Marketing Analyst,Hyderabad,Bachelor's,Full-Time,10,101000,2020-04-08,6.4,4.0,5.0,Yes,138,8.0,3,M069,No
E00398,34,Male,Finance,Financial Analyst,Mumbai,,Full-Time,11,123000,2017-05-15,9.3,3.0,4.0,No,143,5.0,3,M052,Yes
E00399,34,Male,Operations,Operations Executive,Delhi,Bachelor's,Full-Time,15,114000,2018-12-20,7.7,4.0,2.0,No,172,7.0,4,M101,Yes
E00400,40,Female,Operations,Operations Manager,Bangalore,MBA,Full-Time,21,165000,2009-04-08,17.4,4.0,3.0,No,177,10.0,3,M104,No
E00401,38,Male,IT,BI Analyst,Bangalore,Bachelor's,Full-Time,15,135000,2014-12-20,11.7,4.0,4.0,No,192,9.0,1,M043,No
E00402,33,Male,Customer Support,Team Lead,Chennai,PhD,Full-Time,11,119000,2017-06-20,9.2,3.0,2.0,No,180,10.0,5,M092,Yes
E00403,39,Male,HR,HR Manager,Bangalore,PhD,Full-Time,17,149000,2017-10-08,8.9,3.0,4.0,No,147,7.0,3,M088,No
E00404,37,Female,Marketing,Marketing Manager,Delhi,Bachelor's,Full-Time,17,140000,2017-07-27,9.1,3.0,1.0,Yes,172,9.0,2,M084,No
E00405,31,Male,Sales,Sales Manager,Hyderabad,Bachelor's,Contract,9,55000,2022-07-27,4.1,3.0,4.0,No,179,8.0,1,M040,No
E00406,33,Other,Customer Support,Team Lead,Bangalore,MBA,Full-Time,11,97000,2018-07-27,8.1,2.0,2.0,No,134,10.0,5,M042,Yes
E00407,33,Male,Finance,Financial Analyst,Lucknow,PhD,Full-Time,10,132000,2019-07-27,7.1,4.0,4.0,No,167,14.0,3,M037,No
E00408,38,Female,IT,Data Analyst,Mumbai,Bachelor's,Full-Time,16,121000,2018-05-15,8.3,4.0,3.0,No,162,4.0,2,M084,No
E00409,31,Male,Customer Support,Customer Success Associate,Mumbai,Bachelor's,Full-Time,12,98000,2017-06-20,9.2,4.0,2.0,No,156,9.0,8,M023,No
E00410,31,Male,IT,IT Support,Mumbai,Master's,Full-Time,11,127000,2020-05-14,6.3,3.0,4.0,Yes,177,11.0,2,M067,No
E00411,48,Female,Sales,Sales Executive,Mumbai,Master's,Full-Time,28,181000,2012-07-26,14.1,4.0,5.0,No,147,10.0,4,M069,No
E00412,41,Male,Customer Support,Support Executive,Bangalore,Bachelor's,Full-Time,21,134000,2013-09-01,13.0,5.0,4.0,Yes,176,7.0,2,M079,No
E00413,29,Male,Customer Support,Customer Success Associate,Pune,Master's,Full-Time,7,93000,2023-04-09,3.4,4.0,4.0,No,178,6.0,7,M110,No
E00414,38,Male,HR,HR Executive,Lucknow,Bachelor's,Full-Time,17,140000,2017-04-08,9.4,4.0,3.0,No,188,7.0,8,M117,No
E00415,35,Male,Operations,Operations Analyst,Mumbai,Bachelor's,Contract,10,69000,2020-09-01,6.0,5.0,4.0,No,148,9.0,6,M069,No
E00416,37,Male,Finance,Accountant,Pune,Bachelor's,Full-Time,18,138000,2012-06-20,14.2,4.0,4.0,No,141,8.0,5,M098,No
E00417,35,Female,Sales,Sales Manager,Chennai,Bachelor's,Full-Time,6,81000,2022-01-25,4.6,3.0,4.0,Yes,173,12.0,4,M103,Yes
E00418,42,Male,Sales,Sales Executive,Noida,Bachelor's,Full-Time,20,124000,2014-03-03,12.5,4.0,5.0,No,163,9.0,5,M058,No
E00419,36,Male,Operations,Operations Manager,Delhi,Bachelor's,Full-Time,17,131000,2014-01-25,12.6,3.0,4.0,No,220,7.0,4,M103,No
E00420,34,Male,Operations,Operations Executive,Mumbai,Bachelor's,Full-Time,9,104000,2020-07-26,6.1,4.0,4.0,No,176,6.0,6,M120,Yes
E00421,41,Female,Marketing,Brand Executive,Mumbai,Bachelor's,Full-Time,20,156000,2014-12-20,11.7,4.0,3.0,Yes,169,9.0,3,M046,Yes
E00422,36,Female,Marketing,Digital Marketing Analyst,Pune,Bachelor's,Full-Time,12,106000,2017-10-08,8.9,4.0,3.0,Yes,165,9.0,7,M087,No
E00423,35,Male,IT,Software Engineer,Chennai,PhD,Full-Time,12,129000,2017-12-20,8.7,5.0,5.0,No,146,8.0,7,M047,Yes
E00424,36,Male,Finance,Accountant,Bangalore,Bachelor's,Full-Time,16,135000,2015-06-21,11.2,3.0,2.0,No,178,4.0,4,M017,No
E00425,33,Female,IT,Software Engineer,Delhi,Bachelor's,Full-Time,11,126000,2018-12-20,7.7,2.0,4.0,Yes,167,4.0,4,M009,No
E00426,34,Male,HR,HR Executive,Noida,Master's,Part-Time,7,62000,2021-07-27,5.1,4.0,3.0,No,167,6.0,2,M068,No
E00427,30,Female,Finance,Audit Associate,Chennai,PhD,Full-Time,6,114000,2023-01-26,3.6,3.0,2.0,No,170,8.0,12,M094,Yes
E00428,29,Female,Customer Support,Support Executive,Lucknow,Bachelor's,Full-Time,9,100000,2019-06-21,7.2,3.0,2.0,No,172,3.0,4,M112,No
E00429,27,Female,Sales,Sales Manager,Chennai,Master's,Full-Time,6,90000,2023-07-27,3.1,3.0,,No,137,5.0,3,M078,No
E00430,24,Male,IT,Data Engineer,Delhi,Master's,Full-Time,6,104000,2021-11-13,4.8,4.0,4.0,No,183,8.0,4,M030,No
E00431,28,Female,IT,Data Analyst,Hyderabad,Master's,Full-Time,10,138000,2020-10-08,5.9,3.0,5.0,Yes,153,6.0,3,M095,No
E00432,33,Female,Operations,Operations Manager,Pune,Bachelor's,Full-Time,10,98000,2021-09-01,5.0,3.0,2.0,No,166,7.0,4,M061,No
E00433,35,Male,Operations,Operations Analyst,Bangalore,Master's,Full-Time,19,135000,2013-07-27,13.1,5.0,4.0,Yes,191,6.0,4,M065,No
E00434,32,Male,IT,BI Analyst,Hyderabad,Bachelor's,Full-Time,10,108000,2020-09-01,6.0,3.0,3.0,No,200,8.0,5,M058,No
E00435,21,Male,IT,IT Support,Pune,Master's,Contract,0,55000,2026-06-20,0.2,3.0,3.0,No,137,8.0,9,M027,No
E00436,45,Male,Operations,Process Associate,Bangalore,Master's,Full-Time,21,158000,2013-07-27,13.1,2.0,3.0,Yes,169,10.0,4,M066,No
E00437,42,Male,IT,Data Engineer,Chennai,Bachelor's,Full-Time,14,123000,2016-09-01,10.0,2.0,3.0,No,173,9.0,5,M045,Yes
E00438,37,Male,Marketing,Marketing Manager,Hyderabad,MBA,Full-Time,19,157000,2015-10-08,10.9,4.0,4.0,No,141,16.0,2,M040,No
E00439,47,Male,Operations,Process Associate,Lucknow,Bachelor's,Full-Time,29,173000,2011-03-03,15.5,5.0,5.0,Yes,182,10.0,5,M061,Yes
E00440,27,Male,IT,IT Support,Bangalore,MBA,Full-Time,2,73000,2025-06-20,1.2,2.0,2.0,No,170,6.0,4,M120,Yes
E00441,47,Male,IT,IT Support,Mumbai,Bachelor's,Full-Time,24,176000,2010-01-25,16.6,4.0,4.0,No,171,8.0,1,M041,No
E00442,27,Female,Customer Support,Customer Success Associate,Hyderabad,Bachelor's,Full-Time,5,74000,2023-01-26,3.6,3.0,3.0,No,151,5.0,5,M074,No
E00443,36,Female,Finance,Finance Manager,Mumbai,Bachelor's,Part-Time,12,78000,2018-06-20,8.2,4.0,4.0,No,175,9.0,5,M088,No
E00444,25,Male,Finance,Financial Analyst,Pune,PhD,Contract,0,61000,2026-06-20,0.2,2.0,3.0,No,183,10.0,6,M084,No
E00445,34,Male,Marketing,Digital Marketing Analyst,Chennai,Bachelor's,Full-Time,11,102000,2018-09-01,8.0,4.0,3.0,Yes,170,11.0,5,M042,Yes
E00446,37,Male,Customer Support,Team Lead,Bangalore,Bachelor's,Full-Time,14,114000,2015-03-03,11.5,3.0,2.0,Yes,159,7.0,2,M062,No
E00447,33,Female,Customer Support,Customer Success Associate,Hyderabad,Bachelor's,Full-Time,10,108000,2021-09-01,5.0,4.0,4.0,No,160,4.0,7,M119,No
E00448,39,Female,Operations,Process Associate,Hyderabad,Master's,Full-Time,18,143000,2018-03-03,8.5,4.0,4.0,No,172,5.0,3,M080,No
E00449,35,Female,Finance,Finance Manager,Delhi,Master's,Full-Time,17,152000,2016-11-13,9.8,4.0,3.0,Yes,169,6.0,2,M105,No
E00450,30,Male,IT,Software Engineer,Lucknow,Bachelor's,Contract,7,76000,2023-03-03,3.5,4.0,4.0,No,184,14.0,2,M038,No
E00451,30,Female,Operations,Process Associate,Chennai,Bachelor's,Full-Time,8,78000,2021-05-15,5.3,3.0,4.0,No,159,10.0,7,M060,No
E00452,40,Male,HR,HR Analyst,Pune,Bachelor's,Contract,20,121000,2013-06-20,13.2,4.0,3.0,No,146,8.0,5,M118,Yes
E00453,29,Male,Finance,Finance Manager,Pune,Bachelor's,Full-Time,8,110000,2021-04-08,5.4,3.0,2.0,No,174,9.0,1,M108,No
E00454,40,Male,Customer Support,Support Analyst,Delhi,Bachelor's,Contract,16,99000,2014-09-01,12.0,4.0,3.0,No,159,7.0,3,M049,No
E00455,43,Female,IT,Data Analyst,Lucknow,Master's,Full-Time,21,168000,2009-01-25,17.6,4.0,4.0,No,182,14.0,7,M106,No
E00456,22,Male,Finance,Finance Manager,Pune,Bachelor's,Full-Time,1,78000,2025-11-13,0.8,2.0,1.0,No,168,9.0,8,M107,No
E00457,42,Female,IT,Software Engineer,Pune,Bachelor's,Full-Time,17,151000,2018-03-03,8.5,3.0,3.0,No,180,5.0,4,M105,No
E00458,48,Female,Finance,Finance Manager,Noida,Bachelor's,Full-Time,29,204000,2009-09-01,17.0,4.0,5.0,No,150,9.0,2,M018,No
E00459,36,Male,IT,Software Engineer,Mumbai,PhD,Full-Time,18,174000,2016-10-08,9.9,4.0,3.0,Yes,171,6.0,4,M099,No
E00460,38,Male,IT,IT Support,Chennai,PhD,Full-Time,14,149000,2019-05-15,7.3,3.0,3.0,No,155,8.0,4,M094,No
E00461,41,Female,IT,Data Analyst,Bangalore,MBA,Full-Time,19,152000,2013-12-20,12.7,4.0,5.0,No,146,9.0,1,M101,No
E00462,32,Male,Operations,Operations Executive,Delhi,Bachelor's,Full-Time,12,110000,2018-07-27,8.1,4.0,5.0,No,153,9.0,2,M005,No
E00463,35,Male,Operations,Process Associate,Delhi,Bachelor's,Contract,12,87000,2020-03-02,6.5,3.0,3.0,No,158,6.0,2,M101,No
E00464,25,Male,Operations,Operations Manager,Lucknow,Bachelor's,Contract,4,65000,2023-10-08,2.9,3.0,3.0,No,190,5.0,2,M011,No
E00465,35,Male,Customer Support,Customer Success Associate,Noida,Bachelor's,Full-Time,13,119000,2016-12-20,9.7,4.0,4.0,No,158,20.0,4,M004,No
E00466,37,Male,Finance,Finance Manager,Pune,Bachelor's,Full-Time,11,113000,2021-09-01,5.0,3.0,3.0,No,145,4.0,9,M101,No
E00467,38,Male,Sales,Business Development Executive,Pune,MBA,Full-Time,17,164000,2016-05-14,10.3,3.0,5.0,Yes,170,6.0,6,M061,Yes
E00468,41,Male,Marketing,Marketing Manager,Hyderabad,MBA,Full-Time,16,126000,2013-10-08,12.9,3.0,3.0,No,169,8.0,2,M115,No
E00469,29,Male,Sales,Sales Manager,Lucknow,MBA,Full-Time,9,116000,2020-10-08,5.9,4.0,4.0,No,159,3.0,9,M075,No
E00470,30,Female,Customer Support,Customer Success Associate,Hyderabad,Bachelor's,Full-Time,6,70000,2023-03-03,3.5,4.0,4.0,No,165,6.0,6,M012,No
E00471,47,Other,IT,Software Engineer,Delhi,Master's,Full-Time,25,169000,2012-11-13,13.8,4.0,5.0,Yes,186,8.0,6,M049,No
E00472,33,Female,Customer Support,Customer Success Associate,Bangalore,Bachelor's,Part-Time,14,67000,2018-12-20,7.7,4.0,4.0,No,180,8.0,2,M111,No
E00473,35,Male,IT,Software Engineer,Chennai,Bachelor's,Full-Time,14,118000,2019-10-08,6.9,1.0,3.0,No,179,5.0,3,M028,No
E00474,34,Female,Customer Support,Support Executive,Chennai,Master's,Full-Time,9,97000,2019-09-02,7.0,4.0,2.0,Yes,147,9.0,4,M119,No
E00475,28,Male,HR,HR Executive,Delhi,Bachelor's,Full-Time,3,73000,2025-03-03,1.5,3.0,3.0,Yes,220,5.0,1,M090,No
E00476,45,Male,Customer Support,Team Lead,Bangalore,Bachelor's,Full-Time,22,154000,2014-03-03,12.5,4.0,4.0,Yes,187,8.0,6,M034,No
E00477,30,Female,IT,Data Engineer,Noida,Bachelor's,Full-Time,9,96000,2022-06-20,4.2,3.0,3.0,No,177,4.0,3,M056,No
E00478,26,Female,HR,Recruiter,Bangalore,Master's,Full-Time,5,98000,2022-11-14,3.8,4.0,4.0,No,147,9.0,7,M065,No
E00479,31,Female,Customer Support,Customer Success Associate,Pune,MBA,Full-Time,7,94000,2023-05-15,3.3,2.0,4.0,Yes,185,8.0,4,M006,No
E00480,21,Female,HR,Recruiter,Lucknow,Bachelor's,Full-Time,0,69000,2026-06-20,0.2,4.0,3.0,No,159,9.0,7,M033,Yes
E00481,29,Male,Operations,Process Associate,Delhi,MBA,Full-Time,8,100000,2021-04-08,5.4,4.0,5.0,Yes,165,8.0,5,M047,No
E00482,27,Male,Operations,Process Associate,Mumbai,Bachelor's,Full-Time,5,67000,2023-07-27,3.1,4.0,3.0,No,138,9.0,2,M024,No
E00483,38,Female,Finance,Finance Manager,Pune,Bachelor's,Full-Time,21,145000,2014-11-14,11.8,4.0,4.0,No,146,9.0,5,M034,No
E00484,29,Male,Operations,Operations Executive,Chennai,Master's,Full-Time,7,85000,2022-10-08,3.9,2.0,3.0,No,176,14.0,4,M072,No
E00485,40,Male,Operations,Operations Executive,Hyderabad,Master's,Full-Time,23,168000,2008-12-20,17.7,5.0,5.0,Yes,186,11.0,2,M016,No
E00486,44,Female,Customer Support,Support Analyst,Lucknow,PhD,Part-Time,19,106000,2010-09-01,16.0,4.0,4.0,No,180,10.0,3,M080,Yes
E00487,39,Female,IT,BI Analyst,Bangalore,Bachelor's,Full-Time,13,122000,2018-12-20,7.7,5.0,4.0,No,180,7.0,7,M016,Yes
E00488,32,Male,Sales,Sales Executive,Hyderabad,Master's,Contract,7,84000,2023-05-15,3.3,3.0,4.0,No,167,11.0,5,M116,No
E00489,35,Female,Customer Support,Customer Success Associate,Pune,Master's,Full-Time,16,114000,2019-04-09,7.4,3.0,3.0,No,161,8.0,3,M115,No
E00490,23,Female,Customer Support,Support Executive,Noida,MBA,Full-Time,5,87000,2022-11-14,3.8,4.0,5.0,No,173,8.0,4,M098,No
E00491,33,Female,Finance,Accountant,Bangalore,Bachelor's,Full-Time,9,112000,2020-09-01,6.0,5.0,5.0,Yes,183,8.0,7,M084,No
E00492,28,Male,Operations,Process Associate,Chennai,MBA,Full-Time,5,78000,2022-11-14,3.8,3.0,5.0,Yes,168,6.0,3,M014,No
E00493,39,Male,Sales,Sales Executive,Hyderabad,Master's,Full-Time,14,128000,2016-06-20,10.2,3.0,3.0,Yes,190,11.0,1,M059,No
E00494,52,Male,Sales,Sales Executive,Delhi,Bachelor's,Full-Time,25,173000,2008-09-01,18.0,5.0,4.0,No,164,6.0,3,M062,No
E00495,37,Male,Finance,Audit Associate,Bangalore,Bachelor's,Full-Time,17,113000,2012-12-20,13.7,4.0,3.0,No,150,8.0,3,M090,No
E00496,21,Male,Sales,Business Development Executive,Noida,Bachelor's,Full-Time,0,74000,2026-06-20,0.2,3.0,3.0,No,168,9.0,7,M066,No
E00497,31,Male,Operations,Process Associate,Bangalore,Master's,Full-Time,9,108000,2020-11-13,5.8,3.0,3.0,No,170,6.0,4,M019,No
E00498,35,Male,IT,IT Support,Mumbai,MBA,Full-Time,9,128000,2021-06-20,5.2,4.0,4.0,No,167,6.0,4,M061,No
E00499,35,Female,Customer Support,Support Analyst,Mumbai,Master's,Full-Time,17,129000,2015-07-27,11.1,3.0,3.0,No,191,10.0,8,M066,No
E00500,29,Male,Customer Support,Support Analyst,Noida,Master's,Full-Time,6,71000,2022-10-08,3.9,3.0,3.0,No,182,11.0,3,M114,No
E00501,36,Female,Operations,Process Associate,Pune,Bachelor's,Full-Time,15,126000,2016-04-08,10.4,3.0,2.0,No,142,9.0,2,M026,No
E00502,25,Female,HR,HR Manager,Chennai,Bachelor's,Full-Time,0,59000,2026-06-20,0.2,3.0,3.0,Yes,196,10.0,4,M089,No
E00503,27,Male,Sales,Business Development Executive,Mumbai,Bachelor's,Full-Time,5,83000,2023-01-26,3.6,3.0,4.0,No,120,4.0,7,M049,No
E00504,39,Female,Marketing,Marketing Manager,Pune,Bachelor's,Full-Time,18,148000,2015-04-09,11.4,4.0,5.0,Yes,207,5.0,2,M019,No
E00505,27,Male,Operations,Operations Analyst,Hyderabad,Bachelor's,Full-Time,6,90000,2022-06-20,4.2,4.0,4.0,No,163,7.0,1,M110,No
E00506,38,Male,IT,IT Support,Noida,Bachelor's,Full-Time,16,156000,2017-12-20,8.7,4.0,3.0,No,165,9.0,5,M049,No
E00507,24,Female,Customer Support,Team Lead,Noida,Bachelor's,Full-Time,3,66000,2024-10-08,1.9,3.0,3.0,Yes,167,8.0,1,M112,No
E00508,46,Male,Marketing,Marketing Executive,Bangalore,Bachelor's,Full-Time,21,145000,2015-06-21,11.2,4.0,5.0,No,175,5.0,4,M115,No
E00509,29,Female,Customer Support,Team Lead,Pune,Bachelor's,Full-Time,7,80000,2021-01-25,5.6,4.0,5.0,Yes,168,11.0,3,M081,No
E00510,32,Male,Operations,Process Associate,Bangalore,Bachelor's,Full-Time,10,104000,2020-03-02,6.5,4.0,4.0,No,166,7.0,2,M030,No
E00511,36,Female,Operations,Operations Manager,Hyderabad,Bachelor's,Full-Time,15,130000,2018-07-27,8.1,2.0,4.0,No,192,6.0,3,M076,No
E00512,30,Male,Finance,Accountant,Mumbai,MBA,Full-Time,8,100000,2022-12-20,3.7,3.0,5.0,No,178,6.0,7,M057,No
E00513,35,Female,Customer Support,Team Lead,Mumbai,MBA,Full-Time,10,106000,2019-06-21,7.2,3.0,2.0,No,151,11.0,3,M085,Yes
E00514,38,Male,Marketing,Digital Marketing Analyst,Delhi,Master's,Full-Time,13,141000,2019-09-02,7.0,4.0,3.0,No,181,9.0,4,M036,No
E00515,41,Female,IT,Software Engineer,Pune,Bachelor's,Full-Time,13,124000,2015-09-02,11.0,3.0,3.0,No,177,9.0,1,M040,No
E00516,40,Female,IT,Data Engineer,Delhi,MBA,Full-Time,20,176000,2013-05-15,13.3,4.0,4.0,No,158,13.0,2,M028,No
E00517,33,Male,Finance,Accountant,Chennai,MBA,Full-Time,13,139000,2019-04-09,7.4,3.0,3.0,No,182,4.0,3,M097,No
E00518,33,Female,Marketing,Digital Marketing Analyst,Delhi,MBA,Full-Time,13,138000,2017-05-15,9.3,4.0,4.0,Yes,165,11.0,5,M046,Yes
E00519,50,Male,Customer Support,Team Lead,Bangalore,Bachelor's,Full-Time,29,167000,2010-06-20,16.2,5.0,4.0,No,164,15.0,5,M073,No
E00520,41,Female,IT,IT Support,Chennai,Master's,Full-Time,14,133000,2015-10-08,10.9,2.0,4.0,No,164,13.0,7,M082,No
E00521,28,Male,Operations,Process Associate,Mumbai,MBA,Full-Time,3,83000,2024-12-20,1.7,5.0,4.0,No,124,11.0,7,M088,No
E00522,35,Female,Finance,Finance Manager,Delhi,Master's,Full-Time,13,118000,2015-09-02,11.0,4.0,4.0,No,159,9.0,5,M032,No
E00523,32,Female,Customer Support,Support Analyst,Pune,Master's,Part-Time,10,61000,2019-10-08,6.9,3.0,4.0,Yes,181,4.0,6,M087,No
E00524,33,Male,Marketing,Marketing Executive,Delhi,Bachelor's,Full-Time,10,107000,2018-10-08,7.9,3.0,4.0,No,168,11.0,5,M058,No
E00525,25,Male,Marketing,Brand Executive,Bangalore,Master's,Full-Time,4,105000,2024-10-08,1.9,3.0,4.0,Yes,145,10.0,1,M076,No
E00526,31,Male,Finance,Audit Associate,Delhi,Bachelor's,Full-Time,9,109000,2021-05-15,5.3,3.0,4.0,No,185,5.0,2,M098,No
E00527,47,Female,Finance,Finance Manager,Lucknow,Master's,Full-Time,25,188000,2008-09-01,18.0,5.0,5.0,No,163,9.0,5,M026,No
E00528,38,Male,Sales,Sales Manager,Pune,Bachelor's,Full-Time,14,131000,2016-09-01,10.0,5.0,5.0,Yes,146,7.0,8,M070,No
E00529,21,Male,IT,Software Engineer,Pune,Bachelor's,Part-Time,1,39000,2026-03-03,0.5,2.0,2.0,No,208,8.0,5,M069,No
E00530,43,Female,Marketing,Marketing Executive,Pune,Bachelor's,Full-Time,20,146000,2014-11-14,11.8,4.0,4.0,No,149,4.0,5,M087,No
E00531,42,Male,Marketing,Digital Marketing Analyst,Bangalore,Master's,Full-Time,17,165000,2017-04-08,9.4,3.0,3.0,No,184,5.0,3,M050,No
E00532,31,Female,Customer Support,Customer Success Associate,Delhi,Bachelor's,Full-Time,7,81000,2021-10-08,4.9,3.0,1.0,No,154,7.0,3,M110,No
E00533,39,Male,Customer Support,Support Executive,Chennai,Master's,Contract,16,110000,2017-04-08,9.4,4.0,4.0,No,170,9.0,4,M079,Yes
E00534,28,Male,HR,Recruiter,Bangalore,MBA,Full-Time,8,114000,2022-01-25,4.6,4.0,4.0,No,152,9.0,10,M032,No
E00535,31,Female,Operations,Operations Manager,Mumbai,Bachelor's,Full-Time,9,82000,2021-11-13,4.8,3.0,4.0,Yes,146,4.0,0,M058,No
E00536,44,Male,Customer Support,Support Executive,Mumbai,Bachelor's,Full-Time,22,147000,2013-03-03,13.5,4.0,3.0,No,177,7.0,3,M064,Yes
E00537,32,Male,Marketing,Digital Marketing Analyst,Delhi,Bachelor's,Full-Time,7,94000,2022-12-20,3.7,4.0,2.0,No,175,6.0,4,M077,No
E00538,21,Female,Sales,Business Development Executive,Lucknow,MBA,Full-Time,1,81000,2025-11-13,0.8,4.0,4.0,No,189,12.0,3,M105,No
E00539,34,Male,Finance,Accountant,Bangalore,Master's,Full-Time,10,112000,2021-07-27,5.1,4.0,4.0,No,167,9.0,1,M028,No
E00540,33,Female,IT,IT Support,Hyderabad,Bachelor's,Full-Time,11,108000,2017-09-01,9.0,2.0,3.0,No,208,10.0,5,M115,No
E00541,42,Female,Customer Support,Support Analyst,Bangalore,Bachelor's,Full-Time,24,149000,2011-10-08,14.9,5.0,4.0,No,173,10.0,5,M097,No
E00542,34,Male,Operations,Process Associate,Lucknow,Master's,Full-Time,13,121000,2018-11-14,7.8,4.0,3.0,No,178,9.0,1,M072,No
E00543,31,Male,Sales,Account Manager,Bangalore,MBA,Full-Time,5,106000,2023-12-20,2.7,3.0,3.0,No,144,8.0,4,M080,No
E00544,41,Female,Operations,Operations Analyst,Delhi,MBA,Full-Time,15,149000,2016-01-26,10.6,3.0,3.0,No,157,10.0,0,M119,No
E00545,35,Male,Operations,Operations Analyst,Chennai,Master's,Contract,13,107000,2017-04-08,9.4,4.0,5.0,No,177,7.0,5,M039,No
E00546,29,Male,Sales,Sales Executive,Pune,Bachelor's,Full-Time,4,87000,2024-03-02,2.5,3.0,4.0,No,166,10.0,3,M096,No
E00547,42,Female,IT,Data Analyst,Delhi,Bachelor's,Contract,22,119000,2016-04-08,10.4,5.0,4.0,No,171,11.0,3,M080,Yes
E00548,35,Male,Operations,Operations Analyst,Delhi,Bachelor's,Part-Time,13,66000,2016-01-26,10.6,3.0,5.0,No,153,9.0,7,M045,Yes
E00549,34,Female,HR,Recruiter,Delhi,Bachelor's,Full-Time,12,112000,2016-07-26,10.1,3.0,3.0,No,170,13.0,4,M013,No
E00550,35,Male,Operations,Operations Manager,Mumbai,Bachelor's,Full-Time,11,99000,2019-11-14,6.8,5.0,5.0,No,170,5.0,7,M020,No
E00551,27,Male,HR,HR Executive,Mumbai,Bachelor's,Full-Time,9,103000,2020-05-14,6.3,3.0,3.0,No,147,6.0,1,M058,No
E00552,30,Male,Marketing,Marketing Executive,Hyderabad,Bachelor's,Full-Time,15,132000,2017-03-03,9.5,4.0,5.0,No,180,8.0,4,M019,No
E00553,34,Female,HR,HR Executive,Mumbai,MBA,Full-Time,11,123000,2020-04-08,6.4,3.0,3.0,Yes,137,7.0,2,M075,No
E00554,33,Female,HR,HR Manager,Mumbai,Master's,Full-Time,12,129000,2020-11-13,5.8,4.0,4.0,Yes,171,10.0,6,M091,No
E00555,43,Female,Customer Support,Customer Success Associate,Pune,MBA,Full-Time,21,144000,2013-05-15,13.3,5.0,4.0,Yes,200,3.0,3,M080,No
E00556,36,Male,Finance,Finance Manager,Lucknow,Master's,Full-Time,13,140000,2016-07-26,10.1,4.0,4.0,No,180,6.0,6,M009,No
E00557,40,Male,IT,BI Analyst,Hyderabad,Bachelor's,Full-Time,16,133000,2019-05-15,7.3,3.0,4.0,No,180,6.0,3,M077,No
E00558,34,Male,IT,Software Engineer,Bangalore,Master's,Part-Time,9,65000,2020-07-26,6.1,4.0,4.0,No,152,10.0,2,M019,No
E00559,41,Male,Operations,Operations Manager,Bangalore,Bachelor's,Full-Time,16,130000,2013-11-13,12.8,5.0,4.0,No,200,10.0,5,M094,No
E00560,37,Male,Operations,Process Associate,Lucknow,Master's,Contract,16,116000,2018-01-25,8.6,4.0,5.0,No,193,9.0,2,M055,No
E00561,34,Female,Operations,Operations Manager,Mumbai,Bachelor's,Full-Time,11,109000,2020-11-13,5.8,3.0,4.0,No,153,4.0,6,M119,No
E00562,34,Male,Sales,Business Development Executive,Bangalore,PhD,Contract,6,82000,2022-01-25,4.6,1.0,2.0,Yes,159,9.0,4,M106,No
E00563,27,Female,IT,Data Engineer,Hyderabad,Bachelor's,Full-Time,6,100000,2023-05-15,3.3,3.0,2.0,No,191,5.0,6,M039,No
E00564,38,Male,IT,Software Engineer,Pune,Bachelor's,Full-Time,16,140000,2018-04-08,8.4,4.0,3.0,No,200,9.0,2,M017,No
E00565,34,Female,Sales,Sales Executive,Pune,MBA,Full-Time,15,127000,2017-09-01,9.0,3.0,4.0,No,145,3.0,6,M062,Yes
E00566,30,Male,Operations,Process Associate,Mumbai,Bachelor's,Full-Time,9,85000,2021-03-03,5.5,3.0,4.0,No,150,15.0,2,M094,No
E00567,42,Male,Finance,Finance Manager,Bangalore,Master's,Part-Time,16,89000,2013-11-13,12.8,3.0,4.0,Yes,165,2.0,2,M093,No
E00568,25,Male,Finance,Financial Analyst,Lucknow,Master's,Full-Time,0,78000,2026-06-20,0.2,3.0,2.0,Yes,129,5.0,6,M060,No
E00569,31,Male,Customer Support,Support Analyst,Mumbai,MBA,Contract,7,73000,2022-05-15,4.3,3.0,3.0,No,168,9.0,0,M042,Yes
E00570,41,Male,Sales,Business Development Executive,Pune,PhD,Full-Time,17,157000,2015-05-15,11.3,5.0,3.0,No,189,7.0,6,M002,No
E00571,36,Male,HR,HR Analyst,Pune,PhD,Full-Time,16,143000,2013-05-15,13.3,4.0,2.0,Yes,142,7.0,5,M050,No
E00572,34,Male,Marketing,Marketing Executive,Pune,Bachelor's,Part-Time,12,75000,2020-10-08,5.9,3.0,3.0,No,170,8.0,6,M112,No
E00573,36,Female,Finance,Audit Associate,Mumbai,MBA,Full-Time,17,150000,2017-07-27,9.1,4.0,4.0,Yes,158,4.0,4,M067,No
E00574,35,Female,Operations,Operations Analyst,Mumbai,Master's,Full-Time,10,125000,2018-04-08,8.4,2.0,3.0,No,198,9.0,5,M020,No
E00575,23,Female,Marketing,Marketing Executive,Hyderabad,Master's,Contract,3,67000,2024-03-02,2.5,4.0,3.0,No,158,10.0,2,M001,Yes
E00576,32,Male,Customer Support,Support Executive,Noida,Bachelor's,Contract,12,101000,2020-05-14,6.3,4.0,3.0,No,195,6.0,4,M005,Yes
E00577,45,Male,IT,Software Engineer,Lucknow,Master's,Contract,18,125000,2017-07-27,9.1,5.0,2.0,No,157,8.0,5,M097,No
E00578,29,Male,Customer Support,Support Executive,Bangalore,PhD,Contract,10,85000,2020-06-20,6.2,3.0,3.0,No,182,10.0,2,M039,Yes
E00579,32,Male,Finance,Audit Associate,Bangalore,MBA,Full-Time,10,114000,2021-12-20,4.7,3.0,3.0,Yes,173,9.0,6,M087,No
E00580,30,Male,Sales,Sales Manager,Lucknow,Bachelor's,Full-Time,9,87000,2020-04-08,6.4,3.0,5.0,Yes,166,7.0,1,M018,Yes
E00581,33,Male,Finance,Financial Analyst,Chennai,Bachelor's,Full-Time,9,97000,2022-05-15,4.3,3.0,4.0,No,154,9.0,2,M068,No
E00582,30,Male,Customer Support,Support Analyst,Noida,Bachelor's,Contract,11,69000,2021-06-20,5.2,3.0,3.0,No,174,8.0,3,M105,No
E00583,37,Male,Finance,Accountant,Mumbai,MBA,Full-Time,12,134000,2018-12-20,7.7,3.0,3.0,Yes,160,11.0,5,M097,No
E00584,35,Male,Sales,Business Development Executive,Hyderabad,Master's,Full-Time,15,129000,2014-03-03,12.5,3.0,2.0,Yes,156,12.0,5,M090,No
E00585,39,Female,Operations,Operations Analyst,Pune,Bachelor's,Full-Time,19,139000,2014-11-14,11.8,3.0,2.0,No,195,7.0,4,M022,Yes
E00586,27,Female,Sales,Sales Manager,Pune,Bachelor's,Full-Time,3,86000,2024-11-13,1.8,3.0,3.0,Yes,178,10.0,4,M030,Yes
E00587,32,Female,IT,Data Analyst,Delhi,Bachelor's,Full-Time,15,134000,2013-12-20,12.7,4.0,3.0,No,180,9.0,8,M090,No
E00588,32,Female,IT,IT Support,Bangalore,Bachelor's,Part-Time,11,92000,2019-05-15,7.3,3.0,2.0,No,161,9.0,5,M001,No
E00589,37,Male,IT,Software Engineer,Hyderabad,MBA,Full-Time,17,145000,2016-06-20,10.2,3.0,4.0,No,165,7.0,4,M070,Yes
E00590,28,Female,IT,Data Engineer,Mumbai,Master's,Full-Time,2,88000,2025-06-20,1.2,2.0,3.0,No,164,4.0,3,M081,No
E00591,40,Female,IT,BI Analyst,Delhi,Bachelor's,Full-Time,23,164000,2014-07-27,12.1,5.0,4.0,Yes,174,10.0,2,M095,No
E00592,42,Male,Operations,Process Associate,Lucknow,Master's,Full-Time,17,147000,2015-07-27,11.1,3.0,5.0,No,180,5.0,4,M112,No
E00593,27,Male,Sales,Sales Manager,Delhi,Bachelor's,Full-Time,8,75000,2021-09-01,5.0,4.0,2.0,No,167,9.0,5,M051,Yes
E00594,31,Female,Sales,Sales Executive,Noida,PhD,Full-Time,7,96000,2022-10-08,3.9,3.0,3.0,No,154,7.0,3,M068,No
E00595,30,Male,Customer Support,Customer Success Associate,Bangalore,Bachelor's,Part-Time,6,47000,2023-07-27,3.1,,2.0,No,182,11.0,4,M074,No
E00596,52,Female,Finance,Audit Associate,Pune,Bachelor's,Full-Time,32,216000,2008-09-01,18.0,5.0,4.0,No,169,12.0,3,M061,No
E00597,31,Male,Operations,Operations Analyst,Lucknow,Bachelor's,Full-Time,12,110000,2018-11-14,7.8,4.0,3.0,Yes,142,8.0,6,M048,No
E00598,46,Male,IT,Software Engineer,Bangalore,Master's,Full-Time,21,157000,2016-10-08,9.9,3.0,3.0,No,130,7.0,5,M053,No
E00599,25,Male,Sales,Sales Manager,Bangalore,Master's,Full-Time,6,85000,2023-07-27,3.1,3.0,3.0,No,173,5.0,2,M103,Yes
E00600,27,Male,IT,Data Analyst,Delhi,Master's,Full-Time,8,130000,2020-01-26,6.6,2.0,2.0,No,153,8.0,6,M034,Yes
E00601,29,Female,IT,BI Analyst,Bangalore,Bachelor's,Full-Time,5,87000,2023-05-15,3.3,4.0,2.0,Yes,176,7.0,2,M086,Yes
E00602,28,Other,Sales,Account Manager,Chennai,Bachelor's,Full-Time,10,96000,2021-11-13,4.8,3.0,2.0,No,154,10.0,9,M116,No
E00603,32,Male,IT,IT Support,Noida,Bachelor's,Full-Time,6,110000,2022-04-08,4.4,3.0,3.0,Yes,170,3.0,4,M086,No
E00604,29,Male,IT,BI Analyst,Delhi,Master's,Contract,5,89000,2024-04-08,2.4,3.0,3.0,Yes,161,7.0,7,M007,No
E00605,28,Female,IT,Data Engineer,Mumbai,Bachelor's,Full-Time,7,113000,2021-06-20,5.2,3.0,3.0,No,200,9.0,6,M039,No
E00606,42,Male,Finance,Finance Manager,Delhi,Master's,Full-Time,18,144000,2013-03-03,13.5,5.0,4.0,No,185,11.0,3,M037,No
E00607,43,Male,Sales,Sales Executive,Pune,MBA,Full-Time,22,153000,2011-01-26,15.6,5.0,4.0,No,192,4.0,2,M063,No
E00608,41,Male,Finance,Accountant,Bangalore,MBA,Part-Time,20,103000,2011-10-08,14.9,4.0,3.0,No,168,3.0,4,M055,No
E00609,38,Female,HR,HR Manager,Hyderabad,Bachelor's,Full-Time,16,130000,2018-11-14,7.8,4.0,3.0,No,183,7.0,4,M015,No
E00610,35,Female,Operations,Operations Manager,Pune,Bachelor's,Part-Time,15,78000,2015-07-27,11.1,4.0,5.0,No,170,9.0,4,M083,Yes
E00611,31,Male,IT,Data Analyst,Pune,Bachelor's,Full-Time,8,119000,2022-09-01,4.0,3.0,2.0,No,194,12.0,3,M074,No
E00612,27,Male,Marketing,Digital Marketing Analyst,Mumbai,Master's,Full-Time,6,82000,2023-03-03,3.5,5.0,4.0,Yes,167,9.0,4,M101,No
E00613,37,Female,Operations,Operations Manager,Pune,MBA,Full-Time,18,153000,2011-10-08,14.9,5.0,3.0,Yes,143,16.0,7,M101,No
E00614,26,Female,IT,Data Analyst,Bangalore,Bachelor's,Full-Time,6,87000,2022-10-08,3.9,3.0,3.0,Yes,132,7.0,3,M062,No
E00615,27,Male,Customer Support,Support Executive,Bangalore,Bachelor's,Full-Time,7,89000,2020-10-08,5.9,4.0,4.0,No,198,10.0,7,M114,No
E00616,42,Male,Customer Support,Customer Success Associate,Noida,MBA,Full-Time,17,131000,2018-05-15,8.3,5.0,4.0,No,177,8.0,4,M068,No
E00617,47,Female,IT,BI Analyst,Chennai,MBA,Contract,26,143000,2009-12-20,16.7,4.0,3.0,No,178,7.0,3,M110,No
E00618,37,Male,Sales,Sales Manager,Bangalore,Bachelor's,Part-Time,13,67000,2020-06-20,6.2,4.0,3.0,No,195,10.0,10,M050,No
E00619,42,Male,Marketing,Marketing Manager,Mumbai,Master's,Full-Time,17,130000,2014-10-08,11.9,5.0,3.0,No,138,7.0,4,M041,No
E00620,32,Male,Operations,Operations Manager,Mumbai,Bachelor's,Full-Time,10,100000,2021-11-13,4.8,3.0,4.0,No,162,9.0,4,M061,No
E00621,25,Male,Sales,Sales Executive,Mumbai,Bachelor's,Full-Time,1,59000,2026-03-03,0.5,4.0,5.0,Yes,164,7.0,2,M025,No
E00622,38,Female,Sales,Business Development Executive,Mumbai,MBA,Full-Time,18,157000,2016-09-01,10.0,4.0,3.0,No,181,8.0,0,M028,No
E00623,38,Male,Finance,Audit Associate,Bangalore,MBA,Full-Time,18,161000,2013-03-03,13.5,5.0,4.0,No,156,9.0,3,M113,No
E00624,35,Female,Finance,Finance Manager,Delhi,MBA,Contract,8,104000,2022-07-27,4.1,3.0,3.0,No,146,9.0,1,M108,No
E00625,32,Male,Operations,Process Associate,Chennai,Bachelor's,Contract,8,75000,2020-05-14,6.3,3.0,4.0,No,146,4.0,2,M082,Yes
E00626,41,Male,Finance,Financial Analyst,Hyderabad,MBA,Full-Time,15,148000,2019-03-03,7.5,4.0,4.0,Yes,189,5.0,7,M112,No
E00627,27,Male,Finance,Financial Analyst,Pune,Bachelor's,Full-Time,4,97000,2024-10-08,1.9,3.0,3.0,No,155,9.0,3,M120,No
E00628,29,Female,Operations,Operations Analyst,Bangalore,Bachelor's,Full-Time,8,86000,2021-10-08,4.9,3.0,3.0,No,158,8.0,5,M035,No
E00629,27,Female,IT,Data Analyst,Lucknow,Master's,Full-Time,4,84000,2023-04-09,3.4,4.0,3.0,No,179,9.0,0,M083,No
E00630,35,Male,Sales,Account Manager,Noida,Bachelor's,Full-Time,12,114000,2020-10-08,5.9,2.0,2.0,No,155,3.0,4,M106,No
E00631,26,Female,Operations,Process Associate,Chennai,MBA,Full-Time,7,87000,2023-04-09,3.4,2.0,3.0,Yes,137,5.0,2,M118,Yes
E00632,29,Male,Customer Support,Customer Success Associate,Chennai,Master's,Full-Time,1,87000,2025-11-13,0.8,2.0,2.0,No,140,8.0,2,M053,No
E00633,29,Female,HR,HR Analyst,Lucknow,Bachelor's,Full-Time,10,115000,2020-12-20,5.7,3.0,3.0,Yes,167,4.0,3,M084,No
E00634,32,Male,HR,Recruiter,Hyderabad,Bachelor's,Full-Time,9,117000,2020-01-26,6.6,4.0,5.0,No,177,5.0,4,M039,No
E00635,24,Female,IT,IT Support,Mumbai,Bachelor's,Full-Time,2,81000,2025-07-27,1.1,4.0,4.0,No,164,,0,M097,No
E00636,35,Male,Finance,Accountant,Pune,Bachelor's,Contract,12,97000,2019-01-26,7.6,4.0,4.0,No,176,13.0,1,M059,No
E00637,43,Male,HR,HR Executive,Chennai,Master's,Full-Time,25,170000,2012-10-08,13.9,4.0,5.0,Yes,139,9.0,6,M065,No
E00638,35,Female,Sales,Sales Manager,Chennai,MBA,Full-Time,10,124000,2020-05-14,6.3,4.0,3.0,No,140,9.0,2,M111,No
E00639,45,Male,Sales,Business Development Executive,Hyderabad,Bachelor's,Full-Time,23,148000,2009-04-08,17.4,3.0,3.0,No,209,5.0,2,M001,No
E00640,43,Male,Finance,Financial Analyst,Bangalore,Bachelor's,Full-Time,22,138000,2010-01-25,16.6,5.0,4.0,Yes,190,7.0,2,M120,No
E00641,39,Male,IT,BI Analyst,Delhi,Master's,Full-Time,13,128000,2018-03-03,8.5,3.0,2.0,Yes,182,5.0,1,M105,Yes
E00642,35,Female,Sales,Business Development Executive,Lucknow,MBA,Part-Time,11,61000,2017-09-01,9.0,3.0,2.0,No,156,14.0,3,M110,Yes
E00643,34,Female,Sales,Business Development Executive,Hyderabad,Bachelor's,Full-Time,12,126000,2019-12-20,6.7,3.0,4.0,Yes,164,8.0,2,M045,Yes
E00644,39,Male,Sales,Sales Executive,Hyderabad,Bachelor's,Contract,15,114000,2018-06-20,8.2,3.0,3.0,Yes,168,8.0,4,M019,Yes
E00645,31,Female,IT,BI Analyst,Mumbai,Master's,Full-Time,7,98000,2021-10-08,4.9,5.0,5.0,No,192,6.0,2,M048,No
E00646,21,Male,Customer Support,Support Analyst,Delhi,Bachelor's,Full-Time,0,64000,2026-06-20,0.2,3.0,4.0,Yes,175,6.0,2,M049,No
E00647,37,Male,Operations,Operations Analyst,Noida,Bachelor's,Part-Time,17,89000,2018-09-01,8.0,5.0,3.0,No,177,7.0,6,M073,Yes
E00648,26,Female,Operations,Operations Executive,Pune,Master's,Part-Time,3,35000,2024-07-26,2.1,2.0,4.0,No,165,9.0,4,M014,No
E00649,27,Male,Marketing,Digital Marketing Analyst,Chennai,Master's,Contract,8,79000,2021-11-13,4.8,3.0,3.0,No,182,2.0,5,M067,No
E00650,34,Male,Finance,Accountant,Delhi,Master's,Full-Time,10,114000,2019-03-03,7.5,4.0,5.0,Yes,173,12.0,4,M030,Yes
E00651,33,Male,IT,Software Engineer,Pune,Master's,Contract,8,96000,2020-06-20,6.2,3.0,3.0,No,169,8.0,5,M105,No
E00652,24,Female,HR,HR Manager,Mumbai,Master's,Full-Time,7,87000,2021-12-20,4.7,2.0,2.0,No,155,6.0,6,M116,No
E00653,35,Male,Operations,Operations Executive,Pune,Bachelor's,Part-Time,11,64000,2021-09-01,5.0,4.0,3.0,No,166,9.0,5,M065,No
E00654,41,Female,Operations,Process Associate,Delhi,Bachelor's,Full-Time,16,119000,2015-05-15,11.3,4.0,3.0,No,149,14.0,4,M069,No
E00655,26,Female,Finance,Accountant,Delhi,Bachelor's,Full-Time,0,72000,2026-06-20,0.2,2.0,2.0,No,167,5.0,3,M087,Yes
E00656,43,Male,IT,BI Analyst,Pune,Bachelor's,Contract,24,133000,2013-06-20,13.2,3.0,3.0,No,170,3.0,7,M006,No
E00657,23,Female,Sales,Account Manager,Lucknow,Master's,Full-Time,0,66000,2026-06-20,0.2,3.0,4.0,Yes,125,5.0,4,M084,Yes
E00658,49,Male,Finance,Financial Analyst,Bangalore,MBA,Full-Time,26,187000,2008-09-01,18.0,5.0,5.0,No,164,12.0,6,M046,No
E00659,31,Male,Operations,Operations Manager,Chennai,PhD,Full-Time,9,132000,2021-07-27,5.1,3.0,2.0,No,147,7.0,6,M042,No
E00660,35,Female,HR,HR Executive,Mumbai,Master's,Full-Time,16,132000,2018-01-25,8.6,4.0,5.0,No,177,3.0,4,M072,No
E00661,21,Female,Sales,Account Manager,Delhi,Bachelor's,Full-Time,0,53000,2026-06-20,0.2,4.0,3.0,No,179,11.0,2,M061,No
E00662,34,Male,Customer Support,Support Executive,Bangalore,Bachelor's,Full-Time,18,133000,2014-07-27,12.1,3.0,4.0,No,160,6.0,6,M031,No
E00663,36,Male,Operations,Process Associate,Mumbai,MBA,Part-Time,14,79000,2015-01-26,11.6,3.0,2.0,No,178,9.0,2,M079,No
E00664,33,Male,Sales,Sales Manager,Hyderabad,Master's,Full-Time,14,117000,2016-12-20,9.7,3.0,4.0,No,179,4.0,4,M026,No
E00665,30,Male,IT,Data Engineer,Bangalore,Master's,Full-Time,10,143000,2020-12-20,5.7,4.0,2.0,No,164,6.0,4,M058,No
E00666,27,Male,IT,BI Analyst,Hyderabad,MBA,Full-Time,5,102000,2023-03-03,3.5,4.0,4.0,Yes,196,7.0,4,M033,No
E00667,42,Male,Sales,Account Manager,Lucknow,Master's,Full-Time,19,147000,2013-05-15,13.3,4.0,4.0,No,155,10.0,2,M112,No
E00668,34,Female,IT,Software Engineer,Bangalore,MBA,Full-Time,13,140000,2017-09-01,9.0,3.0,3.0,No,194,6.0,5,M052,No
E00669,45,Male,Sales,Sales Manager,Chennai,Bachelor's,Full-Time,24,178000,2014-05-15,12.3,4.0,3.0,No,164,6.0,5,M103,Yes
E00670,30,Male,Sales,Sales Executive,Delhi,Master's,Full-Time,7,85000,2021-10-08,4.9,3.0,4.0,No,153,8.0,4,M032,No
E00671,31,Female,IT,Data Engineer,Pune,MBA,Contract,9,97000,2021-01-25,5.6,3.0,4.0,No,162,9.0,3,M054,Yes
E00672,40,Female,Customer Support,Support Analyst,Mumbai,Bachelor's,Full-Time,21,159000,2017-01-25,9.6,4.0,3.0,No,148,7.0,4,M001,Yes
E00673,23,Male,IT,Software Engineer,Bangalore,Master's,Full-Time,6,107000,2022-09-01,4.0,4.0,4.0,No,182,7.0,3,M005,No
E00674,26,Male,HR,HR Analyst,Bangalore,Bachelor's,Full-Time,6,74000,2021-07-27,5.1,4.0,4.0,No,139,15.0,3,M022,No
E00675,42,Female,Finance,Finance Manager,Bangalore,PhD,Full-Time,25,185000,2011-12-20,14.7,4.0,4.0,No,193,12.0,7,M095,No
E00676,26,Male,Customer Support,Support Analyst,Bangalore,Bachelor's,Full-Time,2,62000,2024-12-20,1.7,3.0,3.0,Yes,151,4.0,3,M106,No
E00677,21,Male,IT,Data Engineer,Pune,Master's,Part-Time,1,65000,2026-03-03,0.5,3.0,3.0,Yes,183,8.0,1,M117,No
E00678,47,Female,Finance,Accountant,Noida,Bachelor's,Full-Time,28,183000,2008-09-01,18.0,3.0,4.0,Yes,168,8.0,2,M005,No
E00679,24,Male,Customer Support,Customer Success Associate,Chennai,Master's,Full-Time,0,68000,2026-06-20,0.2,3.0,3.0,Yes,173,8.0,1,M008,No
E00680,35,Male,Marketing,Marketing Manager,Pune,Bachelor's,Full-Time,12,100000,2019-12-20,6.7,3.0,2.0,No,157,7.0,2,M070,No
E00681,34,Male,Marketing,Brand Executive,Bangalore,Bachelor's,Full-Time,16,117000,2015-10-08,10.9,3.0,3.0,No,174,4.0,3,M063,No
E00682,21,Male,Sales,Sales Manager,Mumbai,Bachelor's,Contract,0,44000,2026-06-20,0.2,3.0,4.0,Yes,170,8.0,7,M010,No
E00683,32,Male,IT,IT Support,Mumbai,MBA,Full-Time,7,126000,2021-05-15,5.3,3.0,,No,142,7.0,4,M110,No
E00684,37,Other,Operations,Operations Manager,Mumbai,Bachelor's,Full-Time,19,138000,2013-06-20,13.2,4.0,4.0,No,151,6.0,7,M062,No
E00685,36,Male,Customer Support,Support Executive,Hyderabad,Bachelor's,Full-Time,17,126000,2014-12-20,11.7,4.0,4.0,No,158,7.0,2,M040,Yes
E00686,40,Male,HR,HR Manager,Hyderabad,MBA,Full-Time,19,154000,2011-03-03,15.5,3.0,4.0,Yes,154,8.0,1,M102,Yes
E00687,31,Male,HR,Recruiter,Delhi,Bachelor's,Full-Time,9,108000,2020-12-20,5.7,3.0,3.0,Yes,191,6.0,6,M105,No
E00688,39,Female,Sales,Sales Manager,Delhi,MBA,Full-Time,16,136000,2018-01-25,8.6,2.0,2.0,No,168,10.0,4,M047,No
E00689,29,Male,Operations,Operations Analyst,Chennai,Bachelor's,Full-Time,8,98000,2022-07-27,4.1,4.0,5.0,No,154,10.0,4,M080,Yes
E00690,24,Male,Sales,Sales Manager,Chennai,Master's,Full-Time,6,89000,2022-12-20,3.7,2.0,2.0,Yes,159,9.0,6,M056,No
E00691,25,Female,Sales,Business Development Executive,Mumbai,Bachelor's,Full-Time,4,97000,2023-10-08,2.9,3.0,4.0,No,159,12.0,6,M028,No
E00692,24,Male,Finance,Accountant,Noida,Bachelor's,Full-Time,7,90000,2023-05-15,3.3,4.0,5.0,No,163,8.0,6,M056,No
E00693,41,Male,HR,HR Analyst,Lucknow,Master's,Contract,17,102000,2018-03-03,8.5,4.0,4.0,No,149,11.0,4,M001,No
E00694,23,Male,Sales,Sales Executive,Mumbai,Master's,Full-Time,1,80000,2026-03-03,0.5,2.0,2.0,No,153,9.0,5,M110,Yes
E00695,36,Male,IT,IT Support,Delhi,MBA,Part-Time,13,87000,2017-10-08,8.9,4.0,4.0,No,182,8.0,4,M052,No
E00696,32,Male,Operations,Operations Manager,Hyderabad,Bachelor's,Full-Time,7,90000,2022-11-14,3.8,4.0,3.0,No,171,12.0,2,M082,No
E00697,33,Female,Sales,Sales Manager,Lucknow,Bachelor's,Contract,11,86000,2020-12-20,5.7,3.0,3.0,No,165,8.0,4,M062,No
E00698,44,Male,Operations,Operations Manager,Noida,Bachelor's,Full-Time,23,145000,2010-11-14,15.8,4.0,4.0,No,168,7.0,5,M103,No
E00699,31,Male,IT,IT Support,Bangalore,PhD,Full-Time,10,147000,2019-03-03,7.5,3.0,4.0,No,167,3.0,5,M108,No
E00700,38,Male,Finance,Finance Manager,Delhi,Bachelor's,Full-Time,21,164000,2014-06-20,12.2,4.0,3.0,No,164,6.0,5,M042,No
E00701,34,Male,HR,HR Analyst,Hyderabad,Bachelor's,Full-Time,13,127000,2017-10-08,8.9,2.0,3.0,No,177,9.0,2,M047,No
E00702,33,Male,IT,Data Engineer,Hyderabad,Bachelor's,Full-Time,14,126000,2019-11-14,6.8,3.0,3.0,No,176,9.0,0,M118,No
E00703,50,Female,Sales,Sales Manager,Bangalore,Master's,Full-Time,28,192000,2008-09-01,18.0,5.0,5.0,No,140,10.0,3,M103,No
E00704,24,Male,IT,Software Engineer,Noida,Bachelor's,Contract,6,78000,2023-03-03,3.5,2.0,3.0,No,166,13.0,9,M037,No
E00705,43,Female,IT,BI Analyst,Pune,MBA,Full-Time,27,208000,2008-09-01,18.0,4.0,3.0,No,141,7.0,6,M011,No
E00706,39,Male,Customer Support,Support Analyst,Noida,Bachelor's,Full-Time,18,138000,2011-07-27,15.1,3.0,2.0,No,179,4.0,0,M067,Yes
E00707,31,Male,Sales,Business Development Executive,Noida,MBA,Full-Time,7,105000,2021-05-15,5.3,4.0,4.0,Yes,182,12.0,3,M029,Yes
E00708,45,Male,Marketing,Marketing Executive,Chennai,Bachelor's,Full-Time,22,142000,2016-07-26,10.1,5.0,3.0,No,157,6.0,3,M004,No
E00709,21,Male,Sales,Sales Executive,Delhi,Master's,Full-Time,0,87000,2026-06-20,0.2,4.0,4.0,No,166,7.0,3,M095,No
E00710,30,Male,Operations,Process Associate,Pune,MBA,Full-Time,9,113000,2022-04-08,4.4,2.0,2.0,No,130,5.0,7,M011,No
E00711,26,Male,Operations,Process Associate,Bangalore,Bachelor's,Full-Time,6,78000,2021-11-13,4.8,4.0,3.0,No,186,6.0,4,M030,No
E00712,37,Female,Operations,Operations Analyst,Pune,PhD,Full-Time,16,147000,2014-05-15,12.3,5.0,3.0,Yes,181,9.0,1,M079,No
E00713,26,Male,Finance,Audit Associate,Bangalore,Bachelor's,Contract,4,53000,2023-04-09,3.4,3.0,4.0,No,189,5.0,1,M079,No
E00714,37,Male,Finance,Financial Analyst,Pune,MBA,Full-Time,13,144000,2017-09-01,9.0,4.0,4.0,No,195,7.0,4,M058,No
E00715,33,Male,Sales,Account Manager,Mumbai,Master's,Contract,12,81000,2018-10-08,7.9,3.0,4.0,No,146,10.0,2,M032,No
E00716,31,Male,Customer Support,Support Executive,Bangalore,Bachelor's,Full-Time,14,109000,2017-06-20,9.2,4.0,3.0,Yes,184,6.0,4,M029,No
E00717,37,Male,Marketing,Brand Executive,Bangalore,Bachelor's,Full-Time,18,141000,2015-10-08,10.9,5.0,3.0,No,195,6.0,5,M113,No
E00718,32,Male,Customer Support,Support Executive,Bangalore,Bachelor's,Full-Time,11,108000,2019-09-02,7.0,4.0,4.0,No,141,6.0,3,M043,No
E00719,26,Male,IT,Software Engineer,Pune,Bachelor's,Full-Time,7,102000,2021-10-08,4.9,2.0,1.0,No,165,7.0,2,M092,Yes
E00720,54,Female,Operations,Operations Executive,Chennai,Bachelor's,Full-Time,31,194000,2008-09-01,18.0,4.0,3.0,No,161,13.0,2,M085,No
E00721,31,Female,Customer Support,Customer Success Associate,Hyderabad,Bachelor's,Full-Time,8,85000,2021-03-03,5.5,4.0,5.0,Yes,183,6.0,1,M102,No
E00722,21,Male,Sales,Account Manager,Bangalore,Bachelor's,Full-Time,0,62000,2026-06-20,0.2,3.0,3.0,No,125,8.0,5,M039,No
E00723,28,Male,IT,Data Analyst,Bangalore,MBA,Full-Time,6,110000,2021-11-13,4.8,3.0,2.0,No,201,8.0,5,M011,No
E00724,25,Female,Operations,Process Associate,Bangalore,Bachelor's,Part-Time,2,39000,2025-05-15,1.3,2.0,2.0,No,166,8.0,8,M096,Yes
E00725,40,Male,HR,HR Manager,Bangalore,Bachelor's,Full-Time,21,133000,2014-04-08,12.4,5.0,4.0,No,184,7.0,4,M027,No
E00726,36,Male,Marketing,Marketing Executive,Noida,Master's,Full-Time,13,120000,2017-06-20,9.2,5.0,5.0,No,167,12.0,1,M024,No
E00727,37,Male,IT,Software Engineer,Mumbai,Bachelor's,Full-Time,13,129000,2018-06-20,8.2,4.0,5.0,No,177,5.0,4,M037,Yes
E00728,31,Male,Marketing,Brand Executive,Delhi,Bachelor's,Full-Time,14,120000,2019-11-14,6.8,5.0,5.0,No,126,3.0,3,M065,No
E00729,32,Male,Sales,Sales Executive,Bangalore,Bachelor's,Full-Time,9,98000,2021-04-08,5.4,3.0,3.0,No,161,9.0,2,M032,Yes
E00730,31,Male,IT,IT Support,Mumbai,MBA,Full-Time,9,119000,2019-01-26,7.6,3.0,4.0,No,183,12.0,3,M053,No
E00731,33,Male,IT,IT Support,Hyderabad,MBA,Full-Time,12,127000,2021-01-25,5.6,3.0,2.0,No,173,10.0,9,M001,Yes
E00732,40,Male,Marketing,Digital Marketing Analyst,Hyderabad,Bachelor's,Part-Time,15,74000,2015-10-08,10.9,4.0,5.0,No,139,8.0,1,M109,No
E00733,36,Female,Operations,Process Associate,Mumbai,Master's,Full-Time,17,136000,2013-04-08,13.4,5.0,5.0,No,169,6.0,4,M056,No
E00734,38,Male,HR,HR Analyst,Bangalore,Master's,Full-Time,18,145000,2013-11-13,12.8,5.0,4.0,No,153,7.0,2,M034,No
E00735,37,Male,Sales,Business Development Executive,Delhi,Master's,Full-Time,19,154000,2013-10-08,12.9,4.0,5.0,No,152,6.0,5,M082,Yes
E00736,40,Male,Customer Support,Customer Success Associate,Mumbai,Master's,Full-Time,16,127000,2014-12-20,11.7,3.0,3.0,Yes,141,12.0,3,M029,No
E00737,36,Female,Finance,Financial Analyst,Mumbai,Master's,Full-Time,14,127000,2017-12-20,8.7,2.0,2.0,No,179,3.0,3,M006,No
E00738,37,Female,Marketing,Digital Marketing Analyst,Lucknow,Bachelor's,Full-Time,15,113000,2019-05-15,7.3,4.0,5.0,No,188,10.0,5,M057,Yes
E00739,42,Female,Finance,Audit Associate,Pune,Bachelor's,Full-Time,21,180000,2009-03-03,17.5,5.0,4.0,Yes,206,7.0,2,M095,No
E00740,29,Male,Finance,Accountant,Hyderabad,Bachelor's,Full-Time,3,70000,2024-10-08,1.9,3.0,4.0,No,141,8.0,3,M014,No
E00741,28,Female,Finance,Audit Associate,Delhi,MBA,Full-Time,6,101000,2022-05-15,4.3,5.0,5.0,No,182,9.0,2,M075,No
E00742,26,Female,Sales,Account Manager,Delhi,Master's,Full-Time,0,76000,2026-06-20,0.2,2.0,2.0,No,183,9.0,5,M069,No
E00743,35,Male,Operations,Operations Executive,Hyderabad,MBA,Full-Time,14,132000,2020-01-26,6.6,3.0,3.0,No,158,8.0,1,M062,No
E00744,21,Male,HR,HR Manager,Pune,PhD,Full-Time,0,83000,2026-06-20,0.2,2.0,4.0,Yes,151,8.0,4,M086,No
E00745,37,Male,Sales,Sales Manager,Pune,Bachelor's,Full-Time,10,100000,2018-12-20,7.7,3.0,4.0,No,148,7.0,1,M051,Yes
E00746,33,Female,Customer Support,Support Analyst,Bangalore,Master's,Full-Time,13,118000,2020-01-26,6.6,4.0,3.0,No,159,6.0,4,M013,Yes
E00747,42,Male,Finance,Finance Manager,Hyderabad,Master's,Part-Time,19,98000,2010-09-01,16.0,4.0,3.0,No,172,9.0,5,M076,No
E00748,29,Male,HR,HR Analyst,Delhi,PhD,Part-Time,5,59000,2022-12-20,3.7,2.0,2.0,No,192,6.0,4,M105,No
E00749,33,Female,Customer Support,Team Lead,Noida,PhD,Full-Time,14,131000,2017-10-08,8.9,4.0,3.0,No,188,10.0,4,M004,No
E00750,42,Female,Operations,Process Associate,Pune,Master's,Full-Time,21,165000,2012-01-26,14.6,3.0,3.0,No,139,8.0,2,M038,No
E00751,44,Female,IT,Data Engineer,Hyderabad,Bachelor's,Full-Time,24,173000,2014-11-14,11.8,3.0,3.0,Yes,154,13.0,10,M004,No
E00752,29,Female,Customer Support,Customer Success Associate,Bangalore,MBA,Full-Time,7,93000,2021-12-20,4.7,2.0,3.0,No,191,8.0,3,M030,No
E00753,35,Male,Operations,Process Associate,Hyderabad,,Full-Time,20,152000,2017-01-25,9.6,4.0,3.0,No,155,7.0,2,M054,No
E00754,36,Female,Sales,Sales Manager,Bangalore,MBA,Full-Time,12,133000,2018-09-01,8.0,4.0,4.0,No,167,10.0,11,M065,No
E00755,37,Male,IT,IT Support,Delhi,MBA,Full-Time,19,178000,2013-11-13,12.8,5.0,2.0,No,137,8.0,6,M061,No
E00756,32,Female,Marketing,Brand Executive,Bangalore,Bachelor's,Full-Time,10,89000,2018-09-01,8.0,4.0,4.0,Yes,189,17.0,2,M049,No
E00757,43,Male,Operations,Operations Executive,Pune,Master's,Full-Time,17,147000,2014-01-25,12.6,5.0,5.0,Yes,134,7.0,3,M031,Yes
E00758,21,Other,HR,Recruiter,Mumbai,Bachelor's,Full-Time,0,65000,2026-06-20,0.2,3.0,2.0,No,138,7.0,2,M113,No
E00759,31,Female,Customer Support,Team Lead,Delhi,Bachelor's,Full-Time,10,86000,2018-07-27,8.1,3.0,4.0,No,187,8.0,3,M042,No
E00760,37,Female,Marketing,Digital Marketing Analyst,Noida,Bachelor's,Full-Time,12,116000,2018-06-20,8.2,4.0,3.0,Yes,203,8.0,5,M050,No
E00761,37,Male,IT,BI Analyst,Mumbai,MBA,Full-Time,13,148000,2017-09-01,9.0,4.0,4.0,No,163,9.0,5,M023,No
E00762,43,Male,Sales,Sales Manager,Hyderabad,MBA,Full-Time,21,155000,2015-10-08,10.9,4.0,4.0,Yes,167,8.0,3,M078,No
E00763,42,Female,Sales,Account Manager,Delhi,MBA,Full-Time,21,166000,2009-12-20,16.7,4.0,4.0,No,184,9.0,4,M099,No
E00764,32,Male,Operations,Operations Executive,Bangalore,Bachelor's,Full-Time,4,83000,2023-05-15,3.3,3.0,3.0,No,173,7.0,5,M081,Yes
E00765,43,Female,IT,Software Engineer,Chennai,MBA,Full-Time,24,175000,2008-09-01,18.0,3.0,4.0,No,161,7.0,3,M060,No
E00766,29,Male,HR,HR Manager,Bangalore,Master's,Full-Time,6,93000,2021-09-01,5.0,2.0,3.0,Yes,159,11.0,5,M032,No
E00767,41,Female,Operations,Process Associate,Delhi,Bachelor's,Full-Time,16,128000,2017-07-27,9.1,3.0,3.0,No,140,11.0,5,M056,No
E00768,47,Male,Customer Support,Support Analyst,Hyderabad,Bachelor's,Full-Time,27,158000,2008-09-01,18.0,4.0,4.0,No,172,9.0,6,M056,No
E00769,43,Female,Sales,Business Development Executive,Pune,Bachelor's,Full-Time,21,142000,2013-01-25,13.6,3.0,3.0,No,166,,4,M100,Yes
E00770,35,Female,Marketing,Marketing Executive,Pune,MBA,Full-Time,16,141000,2018-06-20,8.2,3.0,3.0,No,160,10.0,2,M087,No
E00771,32,Male,IT,Data Engineer,Mumbai,Master's,Full-Time,11,134000,2018-10-08,7.9,4.0,3.0,No,150,6.0,7,M034,No
E00772,23,Male,Marketing,Marketing Executive,Bangalore,Master's,Full-Time,1,82000,2025-12-20,0.7,2.0,2.0,Yes,152,10.0,4,M111,No
E00773,36,Male,IT,Data Engineer,Pune,Bachelor's,Full-Time,14,123000,2018-10-08,7.9,3.0,3.0,No,179,9.0,4,M102,No
E00774,26,Male,Finance,Financial Analyst,Hyderabad,Master's,Full-Time,5,104000,2024-05-14,2.3,3.0,3.0,No,184,9.0,3,M041,No
E00775,28,Male,Marketing,Marketing Manager,Noida,Bachelor's,Full-Time,5,76000,2024-01-26,2.6,3.0,4.0,No,162,5.0,6,M039,No
E00776,26,Female,IT,Data Analyst,Chennai,Bachelor's,Full-Time,2,66000,2025-06-20,1.2,3.0,3.0,No,160,11.0,5,M086,No
E00777,31,Male,Sales,Business Development Executive,Noida,Master's,Full-Time,11,114000,2020-12-20,5.7,4.0,2.0,No,153,12.0,2,M042,No
E00778,34,Male,Operations,Operations Analyst,Hyderabad,Bachelor's,Full-Time,12,119000,2020-05-14,6.3,4.0,3.0,No,185,6.0,1,M066,No
E00779,36,Male,Operations,Operations Executive,Delhi,MBA,Full-Time,14,135000,2018-03-03,8.5,4.0,2.0,No,169,8.0,10,M020,Yes
E00780,30,Male,Operations,Operations Analyst,Chennai,Bachelor's,Full-Time,11,104000,2017-06-20,9.2,3.0,4.0,Yes,175,8.0,2,M014,Yes
E00781,41,Male,Operations,Operations Analyst,Delhi,Master's,Contract,19,111000,2012-04-08,14.4,3.0,2.0,No,174,13.0,7,M038,No
E00782,33,Female,HR,HR Analyst,Bangalore,Bachelor's,Full-Time,11,103000,2020-04-08,6.4,3.0,2.0,No,162,11.0,2,M037,No
E00783,28,Female,Sales,Sales Manager,Noida,,Contract,5,73000,2022-06-20,4.2,3.0,3.0,No,147,7.0,6,M037,No
E00784,36,Male,Sales,Sales Executive,Noida,Bachelor's,Full-Time,15,115000,2016-01-26,10.6,3.0,5.0,No,150,9.0,2,M116,Yes
E00785,48,Male,Sales,Sales Executive,Delhi,Bachelor's,Full-Time,27,172000,2009-07-27,17.1,4.0,3.0,No,188,7.0,3,M012,No
E00786,36,Female,Customer Support,Support Analyst,Bangalore,MBA,Full-Time,16,129000,2016-06-20,10.2,3.0,3.0,Yes,155,11.0,4,M092,No
E00787,31,Male,Operations,Operations Executive,Delhi,Bachelor's,Full-Time,8,79000,2021-10-08,4.9,3.0,4.0,Yes,161,11.0,5,M056,No
E00788,23,Male,Finance,Financial Analyst,Chennai,MBA,Full-Time,0,72000,2026-06-20,0.2,3.0,5.0,No,148,9.0,5,M008,No
E00789,32,Male,Finance,Finance Manager,Noida,PhD,Full-Time,12,140000,2019-05-15,7.3,2.0,3.0,No,146,6.0,2,M093,No
E00790,36,Male,Customer Support,Customer Success Associate,Mumbai,Bachelor's,Full-Time,15,115000,2016-10-08,9.9,4.0,5.0,No,154,9.0,5,M021,Yes
E00791,31,Female,IT,Data Analyst,Bangalore,Bachelor's,Full-Time,7,99000,2022-01-25,4.6,4.0,4.0,No,198,10.0,6,M039,No
E00792,22,Female,Operations,Process Associate,Noida,Master's,Full-Time,3,71000,2024-05-14,2.3,3.0,2.0,No,180,10.0,3,M048,No
E00793,28,Male,HR,HR Analyst,Delhi,PhD,Full-Time,2,101000,2025-06-20,1.2,4.0,4.0,Yes,159,6.0,4,M018,No
E00794,44,Male,Operations,Operations Executive,Hyderabad,MBA,Full-Time,24,163000,2008-12-20,17.7,4.0,4.0,No,187,6.0,1,M112,No
E00795,44,Female,IT,Data Engineer,Lucknow,Bachelor's,Full-Time,19,154000,2013-10-08,12.9,3.0,2.0,No,165,8.0,2,M063,Yes
E00796,28,Female,Customer Support,Support Analyst,Bangalore,MBA,Full-Time,11,106000,2017-06-20,9.2,3.0,3.0,No,192,4.0,2,M083,No
E00797,39,Female,Customer Support,Team Lead,Pune,Bachelor's,Full-Time,13,107000,2018-10-08,7.9,4.0,3.0,No,208,11.0,3,M074,No
E00798,26,Female,HR,HR Manager,Bangalore,PhD,Full-Time,7,112000,2020-12-20,5.7,4.0,4.0,No,187,9.0,2,M009,No
E00799,44,Male,Operations,Operations Manager,Delhi,PhD,Full-Time,22,156000,2009-07-27,17.1,4.0,4.0,No,170,4.0,6,M087,No
E00800,36,Female,Customer Support,Team Lead,Chennai,Bachelor's,Full-Time,13,107000,2017-06-20,9.2,3.0,3.0,No,181,11.0,1,M030,No
E00801,41,Female,Operations,Operations Executive,Delhi,Bachelor's,Full-Time,19,149000,2013-03-03,13.5,3.0,2.0,No,168,7.0,4,M086,Yes
E00802,22,Male,IT,IT Support,Lucknow,Bachelor's,Full-Time,2,96000,2025-09-01,1.0,2.0,3.0,Yes,135,8.0,0,M059,No
E00803,39,Female,HR,HR Executive,Hyderabad,Bachelor's,Full-Time,15,122000,2014-03-03,12.5,3.0,3.0,No,156,6.0,5,M055,No
E00804,34,Male,Operations,Operations Analyst,Mumbai,MBA,Contract,10,88000,2021-10-08,4.9,3.0,3.0,Yes,151,12.0,3,M093,No
E00805,40,Male,Finance,Audit Associate,Mumbai,Bachelor's,Contract,20,138000,2013-03-03,13.5,3.0,2.0,No,156,7.0,3,M070,No
E00806,40,Male,Operations,Operations Analyst,Delhi,Bachelor's,Full-Time,14,127000,2018-07-27,8.1,4.0,4.0,No,200,13.0,5,M050,No
E00807,34,Male,Customer Support,Support Analyst,Delhi,Bachelor's,Full-Time,11,93000,2019-11-14,6.8,5.0,4.0,No,188,11.0,5,M061,Yes
E00808,30,Male,Customer Support,Team Lead,Bangalore,PhD,Full-Time,16,132000,2015-07-27,11.1,4.0,3.0,No,176,10.0,2,M035,No
E00809,39,Male,Finance,Financial Analyst,Delhi,Master's,Full-Time,15,149000,2014-06-20,12.2,5.0,3.0,No,183,10.0,3,M014,No
E00810,34,Male,IT,BI Analyst,Delhi,Bachelor's,Full-Time,15,126000,2017-03-03,9.5,4.0,3.0,No,134,10.0,1,M069,No
E00811,28,Male,Customer Support,Support Analyst,Pune,,Full-Time,5,83000,2022-06-20,4.2,4.0,3.0,No,181,8.0,6,M046,No
E00812,28,Male,Marketing,Marketing Executive,Pune,PhD,Full-Time,7,113000,2021-11-13,4.8,3.0,3.0,No,185,10.0,4,M082,Yes
E00813,24,Male,IT,IT Support,Pune,MBA,Full-Time,4,105000,2024-07-26,2.1,3.0,3.0,No,128,7.0,6,M035,No
E00814,30,Male,Customer Support,Customer Success Associate,Bangalore,Bachelor's,Full-Time,11,96000,2020-11-13,5.8,3.0,3.0,Yes,182,5.0,5,M094,No
E00815,42,Male,Marketing,Brand Executive,Mumbai,Bachelor's,Full-Time,19,137000,2012-09-01,14.0,4.0,3.0,No,142,16.0,4,M071,No
E00816,35,Male,HR,HR Analyst,Pune,Bachelor's,Full-Time,18,149000,2018-03-03,8.5,4.0,5.0,No,133,10.0,1,M098,No
E00817,30,Female,Operations,Operations Executive,Hyderabad,Bachelor's,Part-Time,7,52000,2022-03-03,4.5,4.0,3.0,No,192,5.0,8,M102,No
E00818,40,Female,Finance,Audit Associate,Bangalore,Master's,Full-Time,19,153000,2016-12-20,9.7,4.0,4.0,No,150,10.0,8,M042,No
E00819,28,Female,IT,Data Engineer,Chennai,MBA,Full-Time,7,113000,2022-04-08,4.4,3.0,3.0,Yes,155,7.0,2,M053,Yes
E00820,35,Male,Sales,Sales Manager,Chennai,Bachelor's,Full-Time,10,106000,2019-03-03,7.5,3.0,4.0,Yes,186,13.0,6,M019,Yes
E00821,33,Male,Marketing,Marketing Executive,Hyderabad,MBA,Full-Time,10,108000,2020-05-14,6.3,4.0,3.0,No,163,9.0,3,M045,No
E00822,39,Female,IT,Data Analyst,Bangalore,Bachelor's,Full-Time,17,138000,2017-11-13,8.8,4.0,4.0,No,165,8.0,5,M120,No
E00823,23,Male,Sales,Business Development Executive,Chennai,Master's,Contract,0,50000,2026-06-20,0.2,2.0,3.0,No,164,10.0,3,M054,No
E00824,28,Male,Finance,Accountant,Hyderabad,Master's,Full-Time,12,135000,2019-06-21,7.2,3.0,4.0,No,174,8.0,4,M064,No
E00825,23,Male,HR,HR Analyst,Chennai,Bachelor's,Full-Time,0,52000,2026-06-20,0.2,4.0,3.0,No,164,7.0,4,M075,Yes
E00826,32,Female,Customer Support,Team Lead,Chennai,Bachelor's,Full-Time,13,91000,2017-10-08,8.9,3.0,2.0,No,170,8.0,7,M041,No
E00827,42,Male,Sales,Sales Manager,Chennai,Master's,Full-Time,22,146000,2011-06-21,15.2,4.0,3.0,No,159,5.0,7,M017,No
E00828,30,Female,Sales,Business Development Executive,Hyderabad,Bachelor's,Contract,8,61000,2022-11-14,3.8,3.0,4.0,Yes,174,5.0,5,M011,No
E00829,30,Female,Operations,Operations Analyst,Bangalore,Bachelor's,Part-Time,6,64000,2022-12-20,3.7,3.0,3.0,No,174,7.0,1,M109,No
E00830,40,Male,Finance,Finance Manager,Pune,Master's,Full-Time,16,144000,2016-11-13,9.8,4.0,4.0,No,202,5.0,6,M092,No
E00831,41,Female,Sales,Sales Manager,Pune,PhD,Full-Time,18,160000,2016-03-02,10.5,3.0,2.0,No,161,10.0,4,M003,No
E00832,33,Female,Finance,Financial Analyst,Chennai,Bachelor's,Full-Time,7,102000,2021-12-20,4.7,3.0,3.0,No,165,5.0,3,M010,No
E00833,39,Female,IT,IT Support,Bangalore,MBA,Full-Time,14,143000,2018-06-20,8.2,4.0,3.0,No,172,3.0,3,M024,No
E00834,26,Male,IT,Data Analyst,Bangalore,Bachelor's,Full-Time,0,71000,2026-06-20,0.2,3.0,2.0,Yes,185,8.0,7,M097,No
E00835,44,Female,Finance,Financial Analyst,Noida,MBA,Full-Time,25,194000,2008-09-01,18.0,4.0,3.0,No,148,7.0,3,M056,No
E00836,49,Male,Finance,Finance Manager,Chennai,Master's,Contract,29,156000,2011-10-08,14.9,5.0,5.0,No,170,3.0,4,M026,No
E00837,38,Female,Customer Support,Team Lead,Noida,MBA,Full-Time,18,152000,2014-01-25,12.6,3.0,4.0,Yes,123,10.0,8,M069,No
E00838,21,Male,Finance,Audit Associate,Chennai,Bachelor's,Part-Time,0,48000,2026-06-20,0.2,2.0,3.0,No,163,4.0,10,M024,Yes
E00839,30,Male,Operations,Operations Manager,Hyderabad,Master's,Full-Time,8,95000,2022-01-25,4.6,5.0,3.0,No,187,9.0,3,M044,No
E00840,38,Female,Operations,Operations Manager,Pune,Master's,Full-Time,20,147000,2011-11-14,14.8,4.0,4.0,Yes,155,10.0,0,M026,No
E00841,31,Female,IT,BI Analyst,Noida,Bachelor's,Part-Time,7,56000,2021-12-20,4.7,3.0,3.0,Yes,171,15.0,5,M071,No
E00842,43,Male,Operations,Operations Analyst,Hyderabad,Bachelor's,Full-Time,21,157000,2013-03-03,13.5,4.0,2.0,No,158,9.0,2,M076,No
E00843,38,Male,IT,Data Engineer,Pune,Bachelor's,Part-Time,18,88000,2013-10-08,12.9,5.0,4.0,No,153,7.0,6,M057,No
E00844,29,Male,Customer Support,Support Executive,Bangalore,Bachelor's,Full-Time,4,62000,2023-07-27,3.1,3.0,3.0,No,185,4.0,4,M103,No
E00845,34,Female,IT,Software Engineer,Delhi,MBA,Full-Time,20,171000,2009-11-13,16.8,3.0,4.0,Yes,149,5.0,3,M108,No
E00846,28,Female,Finance,Finance Manager,Pune,Bachelor's,Part-Time,6,57000,2022-06-20,4.2,2.0,3.0,Yes,173,8.0,3,M036,Yes
E00847,33,Female,IT,BI Analyst,Mumbai,Bachelor's,Full-Time,11,121000,2017-11-13,8.8,5.0,4.0,Yes,174,6.0,2,M017,No
E00848,30,Male,Customer Support,Support Analyst,Mumbai,Master's,Part-Time,11,83000,2021-09-01,5.0,3.0,4.0,No,153,4.0,2,M080,No
E00849,42,Male,HR,HR Analyst,Mumbai,Bachelor's,Contract,22,127000,2012-01-26,14.6,4.0,2.0,No,171,9.0,4,M095,Yes
E00850,49,Female,Operations,Operations Executive,Mumbai,Bachelor's,Full-Time,27,172000,2012-03-02,14.5,4.0,4.0,No,151,5.0,2,M018,No
E00851,24,Female,IT,Data Engineer,Mumbai,Bachelor's,Full-Time,2,68000,2025-09-01,1.0,2.0,1.0,No,177,10.0,6,,No
E00852,21,Male,Operations,Operations Manager,Delhi,PhD,Full-Time,0,72000,2026-06-20,0.2,3.0,2.0,No,144,12.0,9,M066,No
E00853,32,Female,Sales,Sales Executive,Noida,MBA,Full-Time,9,118000,2019-12-20,6.7,3.0,4.0,No,162,9.0,1,M113,Yes
E00854,23,Male,Customer Support,Support Analyst,Hyderabad,MBA,Full-Time,2,62000,2025-06-20,1.2,2.0,2.0,Yes,163,6.0,8,M010,No
E00855,34,Male,Sales,Sales Manager,Bangalore,Bachelor's,Full-Time,13,136000,2017-05-15,9.3,5.0,3.0,Yes,188,10.0,5,M112,No
E00856,39,Male,Sales,Account Manager,Bangalore,MBA,Full-Time,20,158000,2013-10-08,12.9,4.0,5.0,Yes,171,12.0,4,M061,No
E00857,44,Male,IT,Data Analyst,Pune,Bachelor's,Full-Time,22,165000,2012-12-20,13.7,5.0,3.0,Yes,185,7.0,4,M039,No
E00858,35,Male,Finance,Financial Analyst,Delhi,Bachelor's,Full-Time,10,104000,2020-12-20,5.7,4.0,5.0,No,178,5.0,3,M014,No
E00859,33,Male,HR,Recruiter,Chennai,Bachelor's,Full-Time,14,123000,2018-04-08,8.4,4.0,3.0,No,178,15.0,1,M116,No
E00860,21,Male,IT,Data Engineer,Pune,Master's,Full-Time,3,83000,2024-11-13,1.8,3.0,3.0,No,162,13.0,0,M047,No
E00861,34,Female,Operations,Operations Analyst,Chennai,Bachelor's,Contract,14,111000,2016-10-08,9.9,4.0,4.0,No,186,8.0,2,M010,No
E00862,34,Male,Finance,Audit Associate,Mumbai,Bachelor's,Full-Time,12,130000,2020-09-01,6.0,4.0,5.0,Yes,162,10.0,1,M055,No
E00863,38,Male,HR,HR Executive,Pune,Bachelor's,Full-Time,19,149000,2017-05-15,9.3,3.0,2.0,Yes,137,6.0,8,M092,Yes
E00864,29,Male,Finance,Finance Manager,Mumbai,Bachelor's,Full-Time,16,123000,2015-04-09,11.4,4.0,3.0,No,164,8.0,5,M024,No
E00865,31,Male,Finance,Accountant,Lucknow,Master's,Full-Time,9,117000,2020-09-01,6.0,3.0,4.0,No,176,10.0,3,M118,No
E00866,24,Female,HR,HR Analyst,Pune,Bachelor's,Contract,0,58000,2026-06-20,0.2,3.0,3.0,No,139,6.0,8,M040,No
E00867,21,Male,IT,Data Analyst,Mumbai,Master's,Full-Time,0,86000,2026-06-20,0.2,3.0,4.0,No,152,3.0,5,M063,Yes
E00868,26,Female,Sales,Account Manager,Mumbai,Bachelor's,Full-Time,6,78000,2022-12-20,3.7,2.0,3.0,No,146,10.0,5,M034,No
E00869,23,Female,Marketing,Marketing Manager,Bangalore,MBA,Full-Time,0,69000,2026-06-20,0.2,1.0,4.0,Yes,182,4.0,6,M049,No
E00870,36,Male,Customer Support,Support Analyst,Pune,Master's,Full-Time,14,116000,2015-05-15,11.3,3.0,3.0,No,198,10.0,6,M063,No
E00871,30,Male,Finance,Finance Manager,Mumbai,Bachelor's,Full-Time,9,100000,2020-01-26,6.6,5.0,4.0,Yes,164,9.0,4,M105,No
E00872,30,Male,Sales,Business Development Executive,Hyderabad,Bachelor's,Full-Time,12,126000,2020-12-20,5.7,3.0,3.0,No,178,10.0,4,M009,No
E00873,27,Male,Operations,Operations Analyst,Mumbai,Master's,Full-Time,8,83000,2020-12-20,5.7,4.0,4.0,No,177,9.0,5,M047,No
E00874,21,Female,Finance,Financial Analyst,Pune,MBA,Full-Time,1,90000,2026-03-03,0.5,1.0,3.0,Yes,196,8.0,2,M093,No
E00875,45,Male,IT,BI Analyst,Chennai,Bachelor's,Contract,18,103000,2016-04-08,10.4,3.0,3.0,No,156,12.0,5,M045,No
E00876,27,Male,IT,Data Analyst,Chennai,Bachelor's,Full-Time,7,93000,2022-12-20,3.7,2.0,3.0,No,164,11.0,5,M105,No
E00877,31,Male,Operations,Operations Analyst,Chennai,MBA,Full-Time,11,98000,2018-04-08,8.4,3.0,4.0,No,162,7.0,1,M036,No
E00878,24,Male,Operations,Process Associate,Bangalore,Master's,Full-Time,3,75000,2024-07-26,2.1,5.0,4.0,Yes,169,9.0,1,M009,No
E00879,41,Male,IT,Data Engineer,Bangalore,Bachelor's,Full-Time,15,149000,2016-04-08,10.4,4.0,4.0,Yes,213,13.0,3,M105,Yes
E00880,35,Male,Sales,Account Manager,Pune,Bachelor's,Contract,11,87000,2018-10-08,7.9,5.0,3.0,No,169,6.0,4,M111,No
E00881,28,Male,Sales,Sales Executive,Delhi,Bachelor's,Full-Time,3,64000,2025-01-25,1.6,3.0,3.0,Yes,153,6.0,5,M011,No
E00882,31,Male,Operations,Operations Executive,Delhi,Master's,Full-Time,4,93000,2024-03-02,2.5,4.0,4.0,No,147,5.0,7,M085,No
E00883,46,Female,IT,BI Analyst,Bangalore,Bachelor's,Full-Time,24,184000,2009-10-08,16.9,5.0,5.0,No,191,5.0,7,M077,No
E00884,33,Female,IT,Data Analyst,Mumbai,PhD,Full-Time,9,129000,2020-05-14,6.3,3.0,1.0,No,153,8.0,2,M113,No
E00885,33,Male,Marketing,Brand Executive,Bangalore,Bachelor's,Full-Time,18,157000,2012-11-13,13.8,3.0,3.0,Yes,180,7.0,8,M024,Yes
E00886,27,Male,IT,Software Engineer,Noida,Bachelor's,Full-Time,5,100000,2023-11-14,2.8,2.0,3.0,No,156,7.0,4,M001,No
E00887,21,Female,Operations,Operations Manager,Mumbai,Master's,Full-Time,2,82000,2025-03-03,1.5,3.0,2.0,Yes,145,7.0,2,M099,Yes
E00888,33,Male,Sales,Business Development Executive,Hyderabad,MBA,Full-Time,7,96000,2022-04-08,4.4,3.0,2.0,No,179,7.0,3,M099,No
E00889,36,Male,IT,Data Engineer,Bangalore,MBA,Full-Time,13,144000,2017-05-15,9.3,5.0,5.0,No,157,7.0,6,M061,No
E00890,42,Male,Sales,Account Manager,Pune,Bachelor's,Full-Time,20,148000,2014-01-25,12.6,3.0,5.0,No,176,7.0,5,M085,No
E00891,21,Male,Operations,Operations Analyst,Mumbai,Master's,Part-Time,0,46000,2026-06-20,0.2,3.0,1.0,No,177,9.0,4,M111,No
E00892,26,Male,Marketing,Marketing Manager,Noida,Master's,Full-Time,3,78000,2025-01-25,1.6,2.0,3.0,No,178,6.0,4,M069,No
E00893,30,Female,Marketing,Digital Marketing Analyst,Noida,Bachelor's,Full-Time,7,94000,2021-09-01,5.0,3.0,4.0,Yes,163,11.0,3,M021,No
E00894,34,Female,Finance,Finance Manager,Mumbai,Bachelor's,Full-Time,11,107000,2019-03-03,7.5,4.0,4.0,No,180,8.0,4,M004,No
E00895,33,Female,Operations,Process Associate,Noida,Bachelor's,Full-Time,16,106000,2018-05-15,8.3,4.0,4.0,Yes,151,14.0,2,M097,No
E00896,33,Female,Sales,Account Manager,Lucknow,Bachelor's,Full-Time,12,121000,2020-12-20,5.7,4.0,5.0,No,124,6.0,8,M100,No
E00897,37,Male,Sales,Business Development Executive,Chennai,MBA,Full-Time,16,128000,2014-05-15,12.3,4.0,4.0,Yes,181,5.0,2,M058,No
E00898,28,Male,Customer Support,Team Lead,Noida,Bachelor's,Full-Time,7,82000,2023-01-26,3.6,4.0,5.0,No,171,7.0,1,M072,Yes
E00899,41,Female,IT,Software Engineer,Mumbai,PhD,Full-Time,21,181000,2015-09-02,11.0,4.0,3.0,No,157,6.0,9,M093,No
E00900,37,Female,IT,IT Support,Hyderabad,Master's,Full-Time,15,147000,2014-01-25,12.6,,3.0,No,142,10.0,4,M117,Yes
E00901,32,Male,Sales,Sales Manager,Bangalore,Master's,Full-Time,9,106000,2020-01-26,6.6,2.0,2.0,No,131,5.0,4,M007,No
E00902,45,Female,IT,Data Engineer,Bangalore,Master's,Full-Time,23,180000,2013-12-20,12.7,4.0,4.0,No,169,7.0,6,M001,Yes
E00903,45,Male,Sales,Account Manager,Lucknow,Bachelor's,Full-Time,26,175000,2008-11-13,17.8,4.0,4.0,No,198,12.0,1,M069,No
E00904,41,Male,Operations,Operations Manager,Mumbai,Bachelor's,Full-Time,22,157000,2012-01-26,14.6,5.0,4.0,No,166,6.0,4,M077,No
E00905,21,Male,Finance,Financial Analyst,Chennai,Bachelor's,Full-Time,0,84000,2026-06-20,0.2,3.0,3.0,No,161,2.0,5,M064,No
E00906,45,Male,Customer Support,Support Executive,Chennai,Master's,Full-Time,25,168000,2008-09-01,18.0,4.0,4.0,No,168,6.0,2,M090,No
E00907,40,Male,Marketing,Digital Marketing Analyst,Noida,Bachelor's,Full-Time,18,139000,2012-07-26,14.1,4.0,4.0,No,207,4.0,3,M076,No
E00908,48,Male,Sales,Sales Executive,Lucknow,MBA,Full-Time,26,175000,2012-10-08,13.9,4.0,3.0,Yes,182,7.0,1,M008,Yes
E00909,43,Male,Sales,Sales Manager,Mumbai,Bachelor's,Part-Time,20,94000,2012-07-26,14.1,5.0,3.0,Yes,151,11.0,2,M117,No
E00910,45,Male,Finance,Financial Analyst,Bangalore,Bachelor's,Full-Time,23,171000,2015-12-20,10.7,5.0,4.0,No,169,5.0,4,M060,Yes
E00911,40,Male,Operations,Operations Executive,Delhi,Bachelor's,Full-Time,21,144000,2016-09-01,10.0,5.0,5.0,No,174,7.0,6,M113,No
E00912,43,Other,Sales,Sales Manager,Bangalore,MBA,Full-Time,21,167000,2011-04-09,15.4,4.0,5.0,No,149,6.0,6,M034,No
E00913,48,Male,Operations,Operations Executive,Bangalore,Master's,Full-Time,26,174000,2014-09-01,12.0,4.0,4.0,Yes,182,4.0,4,M086,No
E00914,36,Male,Finance,Financial Analyst,Delhi,Bachelor's,Part-Time,10,74000,2019-11-14,6.8,5.0,5.0,Yes,153,9.0,3,M114,No
E00915,23,Male,HR,HR Manager,Chennai,Bachelor's,Part-Time,0,45000,2026-06-20,0.2,3.0,2.0,Yes,141,8.0,7,M009,Yes
E00916,32,Male,Finance,Financial Analyst,Hyderabad,Bachelor's,Full-Time,9,114000,2021-04-08,5.4,4.0,5.0,No,169,11.0,7,M073,No
E00917,37,Female,Sales,Sales Executive,Mumbai,PhD,Full-Time,13,136000,2020-07-26,6.1,3.0,4.0,No,167,6.0,6,M045,No
E00918,35,Male,Customer Support,Team Lead,Pune,Master's,Full-Time,13,106000,2017-01-25,9.6,3.0,3.0,No,168,13.0,4,,No
E00919,25,Female,Operations,Process Associate,Mumbai,Bachelor's,Full-Time,2,61000,2025-01-25,1.6,4.0,4.0,No,154,10.0,4,M017,No
E00920,23,Male,IT,IT Support,Bangalore,Master's,Full-Time,1,91000,2025-12-20,0.7,2.0,2.0,No,157,7.0,6,M007,No
E00921,29,Male,Marketing,Digital Marketing Analyst,Chennai,Bachelor's,Full-Time,7,114000,2021-11-13,4.8,3.0,2.0,No,188,7.0,1,M103,No
E00922,40,Male,Finance,Accountant,Pune,PhD,Full-Time,16,150000,2017-12-20,8.7,3.0,5.0,No,176,5.0,2,M051,No
E00923,45,Male,Customer Support,Support Analyst,Chennai,Bachelor's,Full-Time,22,149000,2016-09-01,10.0,5.0,3.0,No,151,6.0,4,M098,No
E00924,40,Male,Marketing,Marketing Executive,Bangalore,Master's,Full-Time,18,143000,2013-07-27,13.1,5.0,3.0,No,133,6.0,3,M016,No
E00925,41,Male,Finance,Finance Manager,Noida,Bachelor's,Full-Time,22,152000,2014-10-08,11.9,4.0,3.0,No,152,12.0,4,M057,Yes
E00926,33,Male,IT,Data Engineer,Pune,Master's,Full-Time,12,125000,2017-03-03,9.5,4.0,3.0,No,171,11.0,5,M092,No
E00927,22,Male,Sales,Sales Executive,Hyderabad,MBA,Full-Time,0,55000,2026-06-20,0.2,3.0,3.0,No,157,8.0,2,M025,Yes
E00928,31,Other,HR,HR Manager,Pune,Master's,Full-Time,10,123000,2020-01-26,6.6,4.0,5.0,Yes,155,10.0,6,M022,No
E00929,32,Male,Operations,Operations Analyst,Noida,Master's,Full-Time,14,106000,2016-03-02,10.5,3.0,3.0,Yes,157,10.0,4,M055,No
E00930,31,Male,Sales,Sales Executive,Hyderabad,MBA,Part-Time,11,72000,2018-04-08,8.4,4.0,2.0,No,167,5.0,5,M034,No
E00931,34,Male,IT,Data Analyst,Hyderabad,Bachelor's,Part-Time,13,68000,2017-06-20,9.2,4.0,4.0,No,182,10.0,3,M015,No
E00932,37,Male,Marketing,Digital Marketing Analyst,Lucknow,Bachelor's,Full-Time,17,126000,2012-09-01,14.0,5.0,4.0,Yes,168,5.0,2,M016,Yes
E00933,40,Male,Customer Support,Support Analyst,Chennai,Bachelor's,Full-Time,22,157000,2008-09-01,18.0,2.0,4.0,No,169,9.0,1,M016,No
E00934,32,Female,HR,HR Analyst,Delhi,PhD,Full-Time,13,134000,2015-11-14,10.8,3.0,3.0,No,164,7.0,1,M038,Yes
E00935,21,Female,IT,Data Engineer,Pune,Bachelor's,Full-Time,0,63000,2026-06-20,0.2,2.0,3.0,No,159,8.0,6,M086,No
E00936,31,Male,Sales,Business Development Executive,Delhi,Master's,Full-Time,12,116000,2017-11-13,8.8,4.0,4.0,Yes,184,8.0,3,M093,No
E00937,34,Male,IT,Data Engineer,Mumbai,Master's,Contract,9,86000,2020-04-08,6.4,2.0,3.0,No,181,7.0,2,M032,Yes
E00938,43,Male,Customer Support,Support Analyst,Hyderabad,Bachelor's,Full-Time,17,123000,2018-04-08,8.4,2.0,,Yes,205,15.0,8,M043,No
E00939,30,Female,IT,Software Engineer,Lucknow,Bachelor's,Full-Time,8,107000,2022-03-03,4.5,5.0,4.0,No,179,12.0,4,M088,No
E00940,38,Male,HR,HR Manager,Lucknow,Bachelor's,Full-Time,16,144000,2019-06-21,7.2,4.0,2.0,Yes,159,11.0,2,M105,Yes
E00941,36,Male,Sales,Business Development Executive,Delhi,Bachelor's,Full-Time,13,99000,2020-01-26,6.6,4.0,3.0,No,152,9.0,1,M050,No
E00942,34,Male,HR,HR Analyst,Hyderabad,Bachelor's,Full-Time,14,118000,2017-11-13,8.8,4.0,4.0,Yes,185,5.0,6,M087,No
E00943,41,Female,Operations,Operations Analyst,Mumbai,Bachelor's,Full-Time,14,114000,2019-07-27,7.1,4.0,4.0,Yes,153,10.0,4,M057,Yes
E00944,29,Male,Marketing,Digital Marketing Analyst,Lucknow,MBA,Full-Time,6,109000,2021-10-08,4.9,4.0,3.0,Yes,183,7.0,7,M038,No
E00945,30,Male,Sales,Business Development Executive,Lucknow,PhD,Full-Time,7,113000,2021-04-08,5.4,3.0,4.0,Yes,154,2.0,2,M023,No
E00946,34,Female,IT,Data Engineer,Pune,Bachelor's,Full-Time,8,111000,2022-11-14,3.8,3.0,3.0,No,174,11.0,1,M089,No
E00947,30,Male,IT,BI Analyst,Chennai,Bachelor's,Full-Time,12,126000,2020-01-26,6.6,4.0,2.0,No,149,8.0,2,M090,No
E00948,38,Female,Customer Support,Support Executive,Pune,Bachelor's,Contract,13,75000,2016-07-26,10.1,3.0,2.0,No,182,4.0,3,M036,No
E00949,29,Male,Customer Support,Team Lead,Hyderabad,Master's,Full-Time,6,97000,2022-01-25,4.6,4.0,5.0,No,146,11.0,5,M050,No
E00950,36,Female,Operations,Operations Manager,Bangalore,MBA,Contract,16,114000,2013-05-15,13.3,3.0,3.0,No,173,10.0,3,M098,No
E00951,33,Female,Operations,Operations Executive,Delhi,Bachelor's,Full-Time,13,121000,2015-09-02,11.0,4.0,3.0,Yes,164,7.0,3,M013,Yes
E00952,36,Male,Operations,Operations Executive,Pune,Bachelor's,Full-Time,11,116000,2017-06-20,9.2,3.0,1.0,No,170,11.0,2,M097,No
E00953,31,Female,IT,Data Engineer,Pune,MBA,Full-Time,11,134000,2019-11-14,6.8,5.0,4.0,Yes,161,4.0,9,M105,No
E00954,32,Male,Customer Support,Support Analyst,Delhi,Master's,Full-Time,11,121000,2020-07-26,6.1,3.0,4.0,No,160,7.0,7,M110,No
E00955,35,Female,Finance,Financial Analyst,Lucknow,Bachelor's,Part-Time,19,95000,2012-05-14,14.3,3.0,3.0,No,171,12.0,9,M004,No
E00956,35,Male,Finance,Accountant,Bangalore,Master's,Part-Time,14,82000,2018-09-01,8.0,3.0,2.0,No,150,5.0,3,M117,Yes
E00957,34,Female,HR,HR Manager,Hyderabad,Bachelor's,Full-Time,12,110000,2017-05-15,9.3,4.0,3.0,No,150,8.0,6,M036,No
E00958,46,Male,IT,Data Analyst,Pune,Bachelor's,Full-Time,22,164000,2012-01-26,14.6,5.0,5.0,No,162,10.0,3,M063,Yes
E00959,27,Female,IT,IT Support,Pune,MBA,Full-Time,3,92000,2024-05-14,2.3,4.0,2.0,Yes,161,8.0,3,M084,No
E00960,34,Male,Operations,Operations Executive,Pune,MBA,Part-Time,10,84000,2021-01-25,5.6,2.0,2.0,Yes,150,4.0,2,M093,No
E00961,23,Female,IT,Data Engineer,Mumbai,Bachelor's,Full-Time,4,91000,2024-01-26,2.6,3.0,4.0,No,185,3.0,4,M079,No
E00962,37,Female,Operations,Operations Manager,Bangalore,MBA,Full-Time,15,134000,2016-07-26,10.1,1.0,3.0,No,162,8.0,2,M054,No
E00963,26,Male,Sales,Account Manager,Pune,Bachelor's,Full-Time,5,86000,2022-07-27,4.1,4.0,4.0,No,164,13.0,4,M079,Yes
E00964,32,Female,Finance,Finance Manager,Hyderabad,MBA,Full-Time,14,166000,2018-11-14,7.8,4.0,3.0,Yes,144,10.0,3,M077,Yes
E00965,31,Other,Sales,Business Development Executive,Bangalore,Bachelor's,Part-Time,3,36000,2024-03-02,2.5,3.0,3.0,No,205,12.0,3,M060,No
E00966,36,Male,Sales,Sales Manager,Pune,MBA,Full-Time,17,138000,2013-07-27,13.1,4.0,3.0,No,212,2.0,2,M014,No
E00967,30,Male,Operations,Operations Manager,Delhi,MBA,Full-Time,8,91000,2020-10-08,5.9,3.0,2.0,Yes,154,8.0,6,M060,No
E00968,30,Male,Sales,Sales Executive,Pune,Bachelor's,Full-Time,9,98000,2019-10-08,6.9,3.0,2.0,Yes,190,6.0,5,M060,Yes
E00969,44,Male,HR,HR Executive,Noida,MBA,Full-Time,20,158000,2012-11-13,13.8,4.0,4.0,No,166,6.0,3,M022,No
E00970,36,Male,Finance,Accountant,Bangalore,MBA,Full-Time,12,126000,2020-01-26,6.6,3.0,3.0,No,197,6.0,6,M065,No
E00971,30,Male,Operations,Process Associate,Bangalore,MBA,Full-Time,9,103000,2021-12-20,4.7,4.0,4.0,No,174,9.0,4,M065,No
E00972,32,Male,Customer Support,Customer Success Associate,Chennai,Bachelor's,Contract,16,94000,2013-12-20,12.7,4.0,4.0,No,170,6.0,4,M031,No
E00973,46,Male,Operations,Process Associate,Hyderabad,MBA,Full-Time,27,179000,2008-09-01,18.0,4.0,4.0,Yes,123,5.0,2,M119,No
E00974,32,Male,Sales,Business Development Executive,Pune,MBA,Full-Time,13,131000,2019-09-02,7.0,2.0,3.0,No,152,7.0,3,M097,No
E00975,29,Female,IT,BI Analyst,Noida,Bachelor's,Full-Time,7,111000,2021-10-08,4.9,2.0,2.0,No,168,8.0,5,M111,Yes
E00976,29,Female,Sales,Sales Executive,Chennai,PhD,Full-Time,5,107000,2023-07-27,3.1,4.0,3.0,No,172,10.0,3,M065,No
E00977,30,Male,Operations,Process Associate,Lucknow,Bachelor's,Contract,6,73000,2023-07-27,3.1,3.0,2.0,No,146,5.0,2,M102,No
E00978,30,Female,IT,Data Analyst,Hyderabad,Bachelor's,Full-Time,7,111000,2022-01-25,4.6,3.0,2.0,No,155,6.0,4,M088,No
E00979,25,Female,Finance,Audit Associate,Hyderabad,Master's,Full-Time,0,80000,2026-06-20,0.2,4.0,3.0,No,178,9.0,2,M103,No
E00980,26,Female,Operations,Operations Executive,Delhi,Master's,Full-Time,2,74000,2025-09-01,1.0,2.0,1.0,Yes,143,9.0,6,M022,Yes
E00981,28,Male,Sales,Account Manager,Bangalore,Master's,Full-Time,5,85000,2023-06-21,3.2,3.0,2.0,No,170,5.0,3,M087,Yes
E00982,38,Male,Operations,Operations Executive,Hyderabad,Bachelor's,Full-Time,16,122000,2015-09-02,11.0,4.0,5.0,No,190,8.0,4,M066,No
E00983,31,Female,IT,BI Analyst,Mumbai,PhD,Part-Time,9,75000,2022-06-20,4.2,3.0,3.0,Yes,175,12.0,1,M086,No
E00984,33,Female,IT,IT Support,Lucknow,Bachelor's,Full-Time,12,129000,2019-05-15,7.3,5.0,4.0,No,174,5.0,5,M073,No
E00985,43,Female,Operations,Operations Manager,Hyderabad,Bachelor's,Full-Time,21,149000,2015-01-26,11.6,5.0,5.0,Yes,132,8.0,4,M004,No
E00986,43,Female,Finance,Audit Associate,Hyderabad,Bachelor's,Full-Time,20,158000,2017-06-20,9.2,4.0,2.0,Yes,153,11.0,4,M114,No
E00987,32,Male,Operations,Operations Manager,Delhi,Master's,Full-Time,5,78000,2024-03-02,2.5,4.0,5.0,No,205,7.0,4,M089,No
E00988,30,Male,Finance,Audit Associate,Bangalore,MBA,Full-Time,7,122000,2023-03-03,3.5,3.0,3.0,No,157,7.0,4,M079,No
E00989,28,Male,Sales,Sales Executive,Bangalore,Master's,Part-Time,4,51000,2024-07-26,2.1,3.0,4.0,No,191,6.0,2,M088,No
E00990,39,Male,Marketing,Marketing Manager,Delhi,MBA,Full-Time,18,141000,2012-10-08,13.9,4.0,4.0,No,157,11.0,4,M104,No
E00991,33,Female,Marketing,Brand Executive,Bangalore,Bachelor's,Full-Time,13,114000,2018-07-27,8.1,3.0,2.0,No,163,9.0,4,M007,No
E00992,31,Male,Operations,Operations Manager,Hyderabad,Master's,Full-Time,11,136000,2021-01-25,5.6,4.0,4.0,Yes,177,6.0,7,M072,No
E00993,28,Male,Sales,Business Development Executive,Noida,Bachelor's,Part-Time,8,56000,2022-10-08,3.9,4.0,4.0,Yes,170,10.0,3,M027,No
E00994,29,Female,Operations,Process Associate,Noida,Bachelor's,Full-Time,7,84000,2022-09-01,4.0,3.0,1.0,No,175,7.0,3,M091,No
E00995,36,Male,Finance,Accountant,Pune,Bachelor's,Part-Time,13,74000,2016-09-01,10.0,4.0,5.0,No,153,8.0,7,M045,Yes
E00996,25,Female,IT,Software Engineer,Mumbai,Master's,Full-Time,1,84000,2026-01-25,0.6,2.0,3.0,No,148,9.0,6,M099,No
E00997,41,Other,Customer Support,Support Executive,Noida,Bachelor's,Contract,15,83000,2018-12-20,7.7,3.0,4.0,No,152,10.0,3,M061,No
E00998,30,Male,IT,Data Engineer,Noida,MBA,Full-Time,10,127000,2020-07-26,6.1,4.0,3.0,No,158,8.0,2,M102,No
E00999,33,Male,Customer Support,Support Executive,Bangalore,Bachelor's,Full-Time,11,108000,2019-04-09,7.4,3.0,4.0,No,164,10.0,4,M094,Yes
E01000,25,Male,Finance,Financial Analyst,Chennai,Bachelor's,Full-Time,0,71000,2026-06-20,0.2,3.0,4.0,Yes,187,11.0,2,M039,No
E01001,34,Male,Sales,Sales Executive,Mumbai,Master's,Full-Time,10,103000,2019-09-02,7.0,3.0,3.0,No,170,8.0,4,M093,Yes
E01002,32,Male,HR,HR Manager,Chennai,Bachelor's,Full-Time,8,91000,2021-10-08,4.9,3.0,3.0,No,177,7.0,4,M005,No
E01003,34,Male,Customer Support,Customer Success Associate,Lucknow,MBA,Full-Time,12,109000,2021-04-08,5.4,3.0,2.0,No,171,9.0,8,M082,No
E01004,44,Female,Operations,Process Associate,Bangalore,Master's,Full-Time,25,172000,2008-09-01,18.0,3.0,3.0,Yes,148,7.0,8,M079,No
E01005,35,Male,Marketing,Digital Marketing Analyst,Noida,Bachelor's,Full-Time,12,125000,2017-11-13,8.8,3.0,3.0,No,168,8.0,5,M090,No
E01006,28,Female,Operations,Operations Analyst,Pune,PhD,Contract,0,58000,2026-06-20,0.2,3.0,4.0,Yes,170,7.0,4,M055,No
E01007,29,Male,Operations,Operations Manager,Lucknow,Bachelor's,Full-Time,7,87000,2022-07-27,4.1,2.0,2.0,No,182,10.0,5,M002,No
E01008,38,Male,Marketing,Brand Executive,Delhi,Bachelor's,Part-Time,16,97000,2016-01-26,10.6,4.0,4.0,No,149,7.0,0,M095,No
E01009,43,Female,Sales,Account Manager,Noida,Master's,Full-Time,20,163000,2014-07-27,12.1,4.0,3.0,No,131,9.0,4,M025,No
E01010,36,Male,Finance,Audit Associate,Bangalore,Bachelor's,Full-Time,12,124000,2017-11-13,8.8,3.0,3.0,No,171,7.0,8,M089,No
E01011,39,Male,Sales,Account Manager,Delhi,MBA,Full-Time,18,167000,2014-05-15,12.3,5.0,5.0,No,174,6.0,2,M032,No
E01012,38,Female,Customer Support,Support Executive,Bangalore,MBA,Full-Time,16,136000,2018-12-20,7.7,3.0,3.0,No,165,3.0,6,M058,No
E01013,44,Female,Customer Support,Team Lead,Lucknow,PhD,Contract,22,109000,2011-01-26,15.6,4.0,4.0,Yes,169,8.0,4,M022,No
E01014,21,Female,IT,IT Support,Chennai,Bachelor's,Full-Time,0,79000,2026-06-20,0.2,3.0,4.0,Yes,184,7.0,3,M052,No
E01015,39,Male,Operations,Operations Analyst,Noida,Bachelor's,Part-Time,16,63000,2017-01-25,9.6,2.0,3.0,Yes,160,12.0,10,M074,No
E01016,41,Male,Customer Support,Support Executive,Lucknow,MBA,Contract,18,113000,2012-04-08,14.4,5.0,5.0,No,163,9.0,1,M061,No
E01017,25,Female,Sales,Account Manager,Bangalore,Bachelor's,Full-Time,6,72000,2021-12-20,4.7,2.0,3.0,No,169,7.0,3,M100,No
E01018,28,Female,HR,HR Executive,Delhi,Master's,Contract,7,73000,2023-01-26,3.6,3.0,4.0,No,146,13.0,6,M076,No
E01019,28,Male,Customer Support,Team Lead,Bangalore,Master's,Full-Time,8,91000,2020-03-02,6.5,4.0,5.0,No,165,6.0,4,M021,No
E01020,29,Female,IT,Software Engineer,Mumbai,Bachelor's,Contract,10,82000,2020-05-14,6.3,4.0,3.0,No,167,7.0,4,M062,No
E01021,31,Male,Operations,Operations Executive,Mumbai,Bachelor's,Full-Time,10,97000,2019-04-09,7.4,3.0,4.0,No,197,6.0,3,M015,No
E01022,36,Male,Sales,Sales Manager,Delhi,MBA,Full-Time,16,150000,2014-04-08,12.4,3.0,3.0,No,163,3.0,4,M011,Yes
E01023,40,Male,Customer Support,Team Lead,Mumbai,MBA,Contract,14,89000,2017-07-27,9.1,5.0,3.0,Yes,172,9.0,7,M046,No
E01024,42,Male,Customer Support,Team Lead,Bangalore,Bachelor's,Full-Time,21,145000,2013-11-13,12.8,4.0,3.0,No,185,7.0,5,M071,No
E01025,28,Male,Customer Support,Support Analyst,Bangalore,Bachelor's,Full-Time,6,69000,2021-10-08,4.9,4.0,2.0,Yes,153,7.0,5,M088,No
E01026,28,Male,Finance,Financial Analyst,Bangalore,Bachelor's,Full-Time,10,108000,2021-04-08,5.4,3.0,2.0,No,193,7.0,8,M030,No
E01027,43,Male,Marketing,Marketing Manager,Lucknow,MBA,Full-Time,23,175000,2013-12-20,12.7,4.0,4.0,No,200,9.0,3,M014,No
E01028,39,Female,Marketing,Marketing Executive,Chennai,Bachelor's,Full-Time,15,117000,2017-10-08,8.9,4.0,3.0,No,167,4.0,2,M040,Yes
E01029,35,Female,Sales,Sales Manager,Lucknow,Master's,Full-Time,14,118000,2015-07-27,11.1,3.0,4.0,No,158,12.0,5,M110,No
E01030,37,Female,Marketing,Digital Marketing Analyst,Delhi,Bachelor's,Full-Time,15,130000,2014-04-08,12.4,2.0,3.0,No,197,11.0,2,M119,No
E01031,34,Female,IT,Data Analyst,Mumbai,Master's,Full-Time,13,146000,2019-09-02,7.0,3.0,5.0,Yes,182,9.0,7,M070,No
E01032,38,Male,Operations,Process Associate,Chennai,Bachelor's,Full-Time,13,112000,2016-05-14,10.3,5.0,5.0,Yes,169,6.0,3,M050,No
E01033,32,Male,Sales,Account Manager,Mumbai,MBA,Full-Time,11,116000,2020-07-26,6.1,3.0,4.0,No,194,3.0,5,M046,Yes
E01034,36,Female,IT,IT Support,Mumbai,Bachelor's,Full-Time,13,128000,2015-10-08,10.9,5.0,4.0,Yes,192,10.0,3,M072,No
E01035,23,Male,IT,Data Analyst,Mumbai,Master's,Full-Time,2,90000,2025-04-08,1.4,3.0,3.0,No,162,9.0,3,M036,No
E01036,29,Male,Operations,Operations Analyst,Bangalore,Bachelor's,Contract,5,64000,2024-05-14,2.3,3.0,4.0,No,172,3.0,7,M056,Yes
E01037,29,Male,Sales,Business Development Executive,Mumbai,Master's,Full-Time,6,73000,2023-11-14,2.8,4.0,4.0,No,178,4.0,6,M012,No
E01038,31,Female,Operations,Operations Manager,Delhi,MBA,Full-Time,12,111000,2020-07-26,6.1,4.0,4.0,No,169,4.0,6,M069,No
E01039,28,Male,IT,Data Engineer,Pune,Bachelor's,Contract,3,58000,2025-01-25,1.6,4.0,4.0,No,143,11.0,6,M077,No
E01040,30,Female,Sales,Account Manager,Bangalore,MBA,Full-Time,6,101000,2022-03-03,4.5,2.0,3.0,No,151,9.0,2,M019,Yes
E01041,23,Male,HR,Recruiter,Mumbai,Master's,Full-Time,1,75000,2026-03-03,0.5,4.0,3.0,No,144,4.0,3,M022,No
E01042,38,Female,Marketing,Marketing Executive,Chennai,Bachelor's,Full-Time,14,128000,2014-12-20,11.7,4.0,3.0,Yes,177,14.0,2,M012,Yes
E01043,33,Female,Sales,Sales Executive,Bangalore,Bachelor's,Contract,9,80000,2020-05-14,6.3,4.0,5.0,No,147,7.0,0,M032,No
E01044,22,Female,Operations,Process Associate,Delhi,Bachelor's,Full-Time,0,46000,2026-06-20,0.2,2.0,4.0,No,171,11.0,4,M114,No
E01045,28,Male,Customer Support,Support Executive,Noida,Master's,Full-Time,2,82000,2025-07-27,1.1,3.0,2.0,No,201,7.0,6,M038,No
E01046,36,Male,Operations,Operations Executive,Bangalore,MBA,Full-Time,11,128000,2017-10-08,8.9,4.0,3.0,No,194,7.0,3,M061,No
E01047,30,Female,Sales,Sales Manager,Bangalore,Bachelor's,Full-Time,13,105000,2017-05-15,9.3,4.0,5.0,Yes,135,15.0,6,M038,No
E01048,29,Male,IT,Data Analyst,Hyderabad,Bachelor's,Full-Time,8,109000,2020-04-08,6.4,4.0,4.0,No,145,7.0,1,M081,No
E01049,33,Male,Customer Support,Team Lead,Mumbai,MBA,Full-Time,9,96000,2019-03-03,7.5,4.0,4.0,No,154,7.0,2,M090,No
E01050,36,Male,IT,BI Analyst,Hyderabad,MBA,Full-Time,15,148000,2019-03-03,7.5,3.0,4.0,Yes,147,10.0,6,M080,No
E01051,24,Female,Customer Support,Support Analyst,Chennai,Bachelor's,Full-Time,3,74000,2025-03-03,1.5,2.0,3.0,Yes,138,8.0,2,M012,Yes
E01052,38,Male,HR,Recruiter,Bangalore,PhD,Full-Time,18,173000,2012-10-08,13.9,4.0,4.0,Yes,168,6.0,4,M101,Yes
E01053,28,Female,Customer Support,Customer Success Associate,Hyderabad,Master's,Full-Time,6,93000,2021-11-13,4.8,3.0,3.0,No,181,5.0,4,M046,No
E01054,34,Male,Marketing,Digital Marketing Analyst,Hyderabad,Bachelor's,Full-Time,14,124000,2017-01-25,9.6,4.0,3.0,No,185,10.0,6,M080,No
E01055,34,Male,Customer Support,Team Lead,Bangalore,MBA,Contract,7,70000,2022-06-20,4.2,2.0,3.0,No,159,9.0,4,M069,No
E01056,30,Female,Sales,Business Development Executive,Pune,Bachelor's,Full-Time,5,85000,2023-01-26,3.6,4.0,5.0,No,163,8.0,5,M072,No
E01057,27,Male,Operations,Operations Executive,Mumbai,Bachelor's,Full-Time,5,91000,2023-10-08,2.9,4.0,3.0,No,174,12.0,4,M071,No
E01058,32,Male,Finance,Financial Analyst,Hyderabad,Bachelor's,Contract,11,89000,2020-09-01,6.0,3.0,3.0,No,166,10.0,4,M091,Yes
E01059,45,Female,Finance,Accountant,Bangalore,MBA,Full-Time,21,160000,2013-01-25,13.6,4.0,4.0,Yes,183,7.0,5,M026,No
E01060,24,Female,Operations,Operations Manager,Delhi,MBA,Full-Time,3,68000,2025-01-25,1.6,2.0,2.0,Yes,176,8.0,6,M077,No
E01061,46,Male,Customer Support,Customer Success Associate,Mumbai,Bachelor's,Full-Time,22,149000,2012-06-20,14.2,4.0,4.0,No,161,6.0,3,M099,No
E01062,32,Female,Customer Support,Support Executive,Chennai,Bachelor's,Full-Time,9,92000,2019-03-03,7.5,,3.0,No,135,7.0,4,M046,No
E01063,34,Female,Operations,Operations Manager,Bangalore,Bachelor's,Part-Time,15,69000,2014-11-14,11.8,5.0,5.0,Yes,195,7.0,4,M017,No
E01064,26,Female,Finance,Financial Analyst,Delhi,Master's,Full-Time,6,111000,2021-09-01,5.0,3.0,4.0,Yes,156,6.0,5,M007,No
E01065,29,Male,Finance,Audit Associate,Delhi,Bachelor's,Full-Time,5,85000,2022-10-08,3.9,2.0,2.0,No,174,4.0,5,M073,No
E01066,30,Male,Operations,Operations Analyst,Pune,MBA,Full-Time,5,90000,2023-09-02,3.0,3.0,5.0,No,134,3.0,1,M106,No
E01067,27,Female,Sales,Account Manager,Hyderabad,,Full-Time,4,79000,2023-07-27,3.1,4.0,4.0,No,168,5.0,2,M074,No
E01068,33,Female,IT,BI Analyst,Pune,Bachelor's,Full-Time,11,115000,2017-09-01,9.0,3.0,3.0,No,170,7.0,2,M064,No
E01069,31,Male,Sales,Account Manager,Chennai,Bachelor's,Full-Time,7,94000,2020-11-13,5.8,4.0,5.0,No,171,15.0,7,M119,No
E01070,47,Male,Sales,Sales Executive,Noida,Bachelor's,Full-Time,28,190000,2008-09-01,18.0,5.0,5.0,No,222,9.0,0,M109,No
E01071,26,Male,Sales,Sales Executive,Mumbai,MBA,Full-Time,5,85000,2023-12-20,2.7,2.0,1.0,No,157,8.0,4,M042,No
E01072,35,Male,Sales,Business Development Executive,Hyderabad,Bachelor's,Contract,14,99000,2020-03-02,6.5,3.0,3.0,No,183,6.0,4,M119,Yes
E01073,36,Male,IT,Data Engineer,Noida,Bachelor's,Full-Time,11,120000,2021-01-25,5.6,4.0,4.0,No,177,10.0,6,M102,No
E01074,27,Male,IT,Data Analyst,Lucknow,Bachelor's,Full-Time,8,107000,2019-12-20,6.7,2.0,1.0,Yes,156,10.0,9,M053,No
E01075,39,Female,Customer Support,Team Lead,Noida,Bachelor's,Full-Time,10,102000,2020-05-14,6.3,4.0,4.0,No,183,8.0,3,M014,No
E01076,31,Male,Finance,Audit Associate,Delhi,Bachelor's,Full-Time,11,115000,2017-12-20,8.7,2.0,3.0,No,165,6.0,3,M037,Yes
E01077,21,Female,Finance,Accountant,Bangalore,Bachelor's,Full-Time,1,77000,2026-01-25,0.6,4.0,3.0,Yes,184,5.0,2,M013,No
E01078,39,Male,Operations,Operations Manager,Hyderabad,Master's,Full-Time,16,141000,2015-04-09,11.4,4.0,4.0,No,203,12.0,3,M072,No
E01079,26,Male,Sales,Sales Executive,Chennai,Master's,Full-Time,7,96000,2023-06-21,3.2,4.0,4.0,No,171,6.0,0,M105,No
E01080,27,Male,Customer Support,Team Lead,Hyderabad,Bachelor's,Full-Time,5,76000,2023-12-20,2.7,3.0,2.0,Yes,163,9.0,6,M052,Yes
E01081,39,Male,Marketing,Marketing Executive,Hyderabad,Bachelor's,Contract,17,103000,2016-01-26,10.6,4.0,4.0,No,187,4.0,3,M074,No
E01082,32,Female,IT,IT Support,Noida,PhD,Full-Time,11,135000,2018-12-20,7.7,3.0,4.0,No,193,10.0,5,M033,Yes
E01083,40,Female,Finance,Accountant,Delhi,Bachelor's,Full-Time,26,174000,2013-03-03,13.5,3.0,3.0,No,152,6.0,3,M101,No
E01084,42,Male,Customer Support,Team Lead,Noida,Bachelor's,Full-Time,23,153000,2009-04-08,17.4,4.0,3.0,No,160,7.0,4,M020,No
E01085,29,Male,Customer Support,Customer Success Associate,Delhi,Bachelor's,Full-Time,9,91000,2021-04-08,5.4,4.0,4.0,Yes,180,9.0,3,M068,No
E01086,40,Male,Finance,Finance Manager,Mumbai,Bachelor's,Full-Time,16,139000,2014-04-08,12.4,4.0,3.0,Yes,166,1.0,4,M001,No
E01087,29,Female,Operations,Operations Executive,Delhi,MBA,Contract,7,77000,2023-04-09,3.4,4.0,2.0,No,151,4.0,4,M115,No
E01088,50,Female,IT,Data Analyst,Chennai,Bachelor's,Full-Time,26,167000,2008-09-01,18.0,5.0,5.0,No,178,10.0,5,M083,No
E01089,29,Male,Customer Support,Customer Success Associate,Bangalore,Master's,Full-Time,9,99000,2021-07-27,5.1,4.0,3.0,No,180,9.0,6,M088,No
E01090,41,Female,Sales,Sales Manager,Bangalore,Bachelor's,Full-Time,19,142000,2012-01-26,14.6,3.0,3.0,No,162,14.0,5,M061,Yes
E01091,40,Female,Customer Support,Customer Success Associate,Lucknow,Bachelor's,Contract,15,92000,2017-06-20,9.2,3.0,5.0,No,169,7.0,1,M054,No
E01092,36,Male,Operations,Process Associate,Bangalore,MBA,Full-Time,14,123000,2016-09-01,10.0,3.0,3.0,No,158,15.0,4,M118,Yes
E01093,29,Male,Operations,Operations Analyst,Hyderabad,Bachelor's,Full-Time,5,68000,2022-07-27,4.1,3.0,3.0,No,148,4.0,6,M111,No
E01094,33,Female,HR,HR Analyst,Hyderabad,Master's,Full-Time,11,121000,2021-09-01,5.0,3.0,4.0,No,159,10.0,4,M075,No
E01095,21,Female,Sales,Business Development Executive,Hyderabad,Bachelor's,Full-Time,0,60000,2026-06-20,0.2,3.0,4.0,No,169,11.0,4,M086,No
E01096,36,Male,IT,Data Analyst,Pune,Master's,Full-Time,14,141000,2016-01-26,10.6,4.0,3.0,Yes,141,12.0,7,M120,No
E01097,36,Male,Sales,Sales Executive,Mumbai,Bachelor's,Full-Time,16,127000,2015-05-15,11.3,4.0,4.0,No,160,16.0,3,M037,No
E01098,35,Male,Sales,Sales Executive,Hyderabad,MBA,Full-Time,13,129000,2019-04-09,7.4,4.0,4.0,Yes,170,6.0,2,M067,No
E01099,21,Male,Operations,Operations Manager,Delhi,Bachelor's,Full-Time,0,54000,2026-06-20,0.2,2.0,3.0,No,190,9.0,3,M081,Yes
E01100,25,Female,Sales,Sales Manager,Pune,MBA,Contract,4,62000,2024-10-08,1.9,3.0,3.0,No,162,8.0,3,M112,No
E01101,29,Male,IT,BI Analyst,Bangalore,Bachelor's,Full-Time,9,114000,2021-12-20,4.7,4.0,5.0,No,146,15.0,5,M040,No
E01102,36,Female,Customer Support,Team Lead,Hyderabad,Master's,Part-Time,11,61000,2019-11-14,6.8,5.0,3.0,Yes,164,6.0,8,M020,No
E01103,36,Female,Customer Support,Customer Success Associate,Bangalore,Bachelor's,Full-Time,15,116000,2014-11-14,11.8,2.0,4.0,Yes,158,10.0,3,M035,Yes
E01104,33,Male,Customer Support,Support Executive,Mumbai,MBA,Full-Time,14,126000,2017-09-01,9.0,3.0,4.0,No,178,5.0,3,M108,No
E01105,38,Male,Customer Support,Support Analyst,Mumbai,Bachelor's,Full-Time,17,118000,2015-01-26,11.6,5.0,5.0,Yes,162,8.0,3,M040,No
E01106,27,Male,IT,Data Analyst,Bangalore,Bachelor's,Full-Time,5,82000,2022-09-01,4.0,3.0,3.0,No,120,8.0,5,M079,No
E01107,38,Female,Finance,Finance Manager,Chennai,Bachelor's,Full-Time,18,165000,2016-05-14,10.3,3.0,5.0,No,230,12.0,4,M075,No
E01108,37,Male,Operations,Operations Executive,Mumbai,Bachelor's,Full-Time,16,120000,2014-12-20,11.7,3.0,1.0,No,171,15.0,4,M013,No
E01109,37,Female,Operations,Operations Analyst,Lucknow,Bachelor's,Full-Time,17,135000,2013-03-03,13.5,3.0,3.0,Yes,170,5.0,5,M090,Yes
E01110,33,Female,IT,Data Engineer,Lucknow,MBA,Full-Time,6,127000,2023-06-21,3.2,2.0,4.0,No,140,6.0,6,M023,No
E01111,47,Male,Marketing,Marketing Executive,Hyderabad,PhD,Full-Time,21,176000,2014-04-08,12.4,4.0,3.0,No,142,8.0,4,M104,No
E01112,37,Female,Sales,Sales Manager,Bangalore,Bachelor's,Full-Time,18,135000,2011-06-21,15.2,4.0,5.0,No,166,6.0,2,M013,Yes
E01113,27,Other,Sales,Business Development Executive,Delhi,MBA,Full-Time,1,78000,2025-11-13,0.8,2.0,1.0,Yes,174,6.0,1,M048,Yes
E01114,36,Male,HR,HR Manager,Chennai,Master's,Full-Time,15,125000,2018-07-27,8.1,4.0,3.0,No,181,6.0,4,M050,No
E01115,39,Male,Operations,Operations Executive,Delhi,Bachelor's,Full-Time,16,133000,2019-01-26,7.6,4.0,3.0,No,172,15.0,1,M080,No
E01116,30,Female,Operations,Process Associate,Bangalore,Master's,Part-Time,6,62000,2023-04-09,3.4,3.0,4.0,Yes,147,5.0,4,M109,No
E01117,42,Female,IT,Software Engineer,Hyderabad,Master's,Contract,21,127000,2013-11-13,12.8,3.0,3.0,No,123,1.0,3,M078,No
E01118,37,Male,Customer Support,Team Lead,Noida,PhD,Full-Time,16,128000,2016-09-01,10.0,4.0,3.0,No,166,10.0,7,M104,No
E01119,21,Male,Sales,Business Development Executive,Chennai,Bachelor's,Full-Time,4,67000,2023-11-14,2.8,3.0,4.0,Yes,158,7.0,5,M052,No
E01120,36,Male,IT,IT Support,Bangalore,Master's,Full-Time,12,140000,2016-12-20,9.7,3.0,5.0,No,145,7.0,3,M098,No
E01121,31,Other,Customer Support,Team Lead,Pune,Bachelor's,Full-Time,13,108000,2019-01-26,7.6,3.0,3.0,No,183,8.0,2,M116,No
E01122,38,Male,Customer Support,Support Analyst,Mumbai,Bachelor's,Full-Time,17,125000,2013-04-08,13.4,4.0,2.0,Yes,140,9.0,4,M104,No
E01123,41,Male,Marketing,Brand Executive,Mumbai,Bachelor's,Full-Time,17,127000,2018-05-15,8.3,4.0,2.0,No,179,7.0,1,M093,No
E01124,35,Female,Marketing,Marketing Manager,Noida,PhD,Full-Time,15,131000,2019-09-02,7.0,5.0,4.0,No,143,12.0,7,M092,No
E01125,46,Male,Operations,Process Associate,Mumbai,MBA,Full-Time,25,184000,2010-05-15,16.3,4.0,4.0,No,170,11.0,2,M027,No
E01126,33,Male,HR,HR Analyst,Mumbai,MBA,Full-Time,11,119000,2021-06-20,5.2,5.0,4.0,No,185,8.0,3,M038,No
E01127,38,Male,IT,BI Analyst,Bangalore,Bachelor's,Full-Time,17,152000,2016-05-14,10.3,4.0,4.0,No,162,7.0,8,M077,No
E01128,40,Female,Finance,Audit Associate,Noida,Bachelor's,Full-Time,17,136000,2012-12-20,13.7,4.0,3.0,Yes,198,7.0,5,M067,No
E01129,33,Male,Finance,Finance Manager,Chennai,Bachelor's,Full-Time,9,104000,2021-10-08,4.9,3.0,4.0,Yes,203,8.0,2,M103,No
E01130,39,Female,Sales,Account Manager,Pune,Bachelor's,Part-Time,19,94000,2012-10-08,13.9,3.0,5.0,No,172,9.0,4,M102,No
E01131,30,Female,Operations,Operations Executive,Chennai,Bachelor's,Full-Time,7,94000,2022-09-01,4.0,3.0,1.0,No,178,12.0,5,M069,No
E01132,31,Male,Finance,Accountant,Bangalore,MBA,Full-Time,9,125000,2022-06-20,4.2,2.0,3.0,Yes,187,5.0,5,M059,No
E01133,25,Male,IT,Software Engineer,Delhi,Master's,Full-Time,4,95000,2023-12-20,2.7,2.0,2.0,No,178,7.0,4,M080,No
E01134,36,Male,Sales,Sales Executive,Delhi,Bachelor's,Full-Time,15,131000,2014-11-14,11.8,4.0,2.0,No,176,6.0,4,M031,No
E01135,36,Male,Operations,Operations Manager,Bangalore,Bachelor's,Full-Time,10,110000,2020-07-26,6.1,4.0,3.0,No,159,6.0,6,M086,No
E01136,42,Female,IT,Software Engineer,Hyderabad,Bachelor's,Full-Time,23,168000,2010-09-01,16.0,5.0,4.0,Yes,138,2.0,5,M003,Yes
E01137,40,Female,Marketing,Marketing Executive,Lucknow,Bachelor's,Full-Time,18,134000,2012-01-26,14.6,4.0,4.0,Yes,143,6.0,4,M069,No
E01138,32,Male,Finance,Finance Manager,Bangalore,MBA,Part-Time,9,85000,2019-10-08,6.9,3.0,5.0,No,211,7.0,3,M067,No
E01139,26,Male,Finance,Audit Associate,Mumbai,Master's,Full-Time,5,92000,2024-01-26,2.6,4.0,4.0,No,174,4.0,4,M079,No
E01140,37,Male,Operations,Operations Manager,Mumbai,MBA,Contract,16,113000,2014-10-08,11.9,3.0,2.0,No,164,2.0,6,M098,No
E01141,42,Female,Marketing,Marketing Executive,Mumbai,Bachelor's,Full-Time,22,155000,2012-05-14,14.3,4.0,3.0,No,191,4.0,7,M015,No
E01142,39,Male,Sales,Sales Executive,Noida,Bachelor's,Contract,18,91000,2013-03-03,13.5,3.0,2.0,Yes,155,5.0,4,M027,No
E01143,42,Male,Operations,Operations Executive,Delhi,Bachelor's,Full-Time,22,161000,2012-05-14,14.3,4.0,3.0,Yes,178,2.0,5,M077,No
E01144,33,Male,HR,HR Executive,Delhi,MBA,Full-Time,14,106000,2019-09-02,7.0,3.0,4.0,Yes,169,9.0,4,M098,No
E01145,31,Male,Sales,Business Development Executive,Chennai,MBA,Full-Time,11,102000,2019-03-03,7.5,4.0,4.0,Yes,176,10.0,7,M018,No
E01146,29,Male,Customer Support,Support Analyst,Bangalore,Bachelor's,Full-Time,7,86000,2022-03-03,4.5,4.0,4.0,No,162,6.0,3,M010,No
E01147,34,Male,Marketing,Brand Executive,Hyderabad,Bachelor's,Full-Time,9,106000,2020-10-08,5.9,4.0,3.0,No,151,9.0,6,,No
E01148,33,Male,Operations,Operations Analyst,Delhi,Bachelor's,Full-Time,15,115000,2014-09-01,12.0,4.0,4.0,Yes,153,10.0,5,M068,No
E01149,35,Female,Marketing,Marketing Manager,Hyderabad,Master's,Part-Time,12,77000,2016-12-20,9.7,4.0,3.0,No,154,7.0,4,M066,No
E01150,33,Male,Marketing,Marketing Manager,Lucknow,MBA,Part-Time,10,50000,2020-05-14,6.3,5.0,5.0,No,168,7.0,3,M030,No
E01151,33,Male,Operations,Operations Analyst,Chennai,Master's,Full-Time,7,103000,2022-04-08,4.4,2.0,3.0,Yes,140,8.0,5,M052,Yes
E01152,29,Male,Marketing,Digital Marketing Analyst,Delhi,Master's,Full-Time,8,108000,2021-06-20,5.2,5.0,4.0,No,146,5.0,4,M095,No
E01153,41,Male,Operations,Operations Manager,Chennai,Bachelor's,Full-Time,19,137000,2014-03-03,12.5,4.0,4.0,No,170,6.0,2,M057,No
E01154,35,Male,Operations,Operations Manager,Bangalore,Bachelor's,Full-Time,9,96000,2019-03-03,7.5,4.0,4.0,No,166,5.0,8,M046,No
E01155,33,Male,Operations,Operations Manager,Bangalore,Bachelor's,Full-Time,12,113000,2018-03-03,8.5,3.0,5.0,No,171,7.0,4,M003,No
E01156,29,Male,Operations,Process Associate,Mumbai,Bachelor's,Full-Time,6,83000,2023-04-09,3.4,3.0,3.0,Yes,167,10.0,6,M063,No
E01157,25,Male,IT,IT Support,Delhi,Master's,Contract,10,79000,2020-01-26,6.6,4.0,4.0,No,213,6.0,4,M044,No
E01158,43,Male,Customer Support,Customer Success Associate,Hyderabad,Master's,Full-Time,20,165000,2012-09-01,14.0,5.0,4.0,No,170,7.0,3,M069,No
E01159,38,Male,Customer Support,Support Executive,Pune,Bachelor's,Full-Time,15,126000,2016-01-26,10.6,4.0,4.0,No,161,8.0,2,M098,Yes
E01160,23,Female,IT,Data Analyst,Noida,MBA,Full-Time,0,72000,2026-06-20,0.2,2.0,3.0,Yes,170,7.0,2,M078,No
E01161,39,Male,Marketing,Marketing Executive,Hyderabad,Bachelor's,Full-Time,20,144000,2016-04-08,10.4,5.0,4.0,Yes,186,5.0,3,M055,No
E01162,40,Male,IT,Data Engineer,Hyderabad,Bachelor's,Full-Time,17,141000,2018-10-08,7.9,5.0,3.0,No,167,8.0,7,M058,No
E01163,35,Male,Sales,Sales Executive,Bangalore,Bachelor's,Full-Time,11,118000,2020-04-08,6.4,4.0,3.0,No,180,,5,M062,No
E01164,45,Male,Operations,Operations Manager,Bangalore,Bachelor's,Full-Time,25,144000,2011-03-03,15.5,4.0,3.0,No,175,9.0,3,M101,No
E01165,36,Male,IT,Software Engineer,Hyderabad,Bachelor's,Full-Time,11,114000,2021-06-20,5.2,3.0,4.0,No,163,6.0,2,M007,Yes
E01166,24,Male,Marketing,Marketing Executive,Delhi,Bachelor's,Full-Time,4,64000,2023-07-27,3.1,3.0,3.0,No,170,2.0,5,M079,No
E01167,37,Female,Marketing,Marketing Executive,Noida,Bachelor's,Full-Time,19,140000,2015-06-21,11.2,5.0,4.0,No,197,8.0,8,M019,No
E01168,36,Male,HR,HR Executive,Bangalore,PhD,Full-Time,15,137000,2014-06-20,12.2,3.0,2.0,No,172,3.0,4,M118,No
E01169,30,Male,IT,Data Analyst,Bangalore,Bachelor's,Full-Time,10,115000,2021-07-27,5.1,3.0,5.0,Yes,150,8.0,5,M019,No
E01170,38,Female,Sales,Account Manager,Delhi,Bachelor's,Full-Time,18,132000,2018-03-03,8.5,4.0,4.0,No,162,7.0,5,M081,No
E01171,22,Female,Operations,Operations Manager,Mumbai,Bachelor's,Part-Time,4,40000,2024-01-26,2.6,3.0,4.0,No,130,7.0,4,M048,Yes
E01172,41,Male,Customer Support,Support Analyst,Bangalore,Master's,Full-Time,22,159000,2015-01-26,11.6,3.0,4.0,No,170,12.0,4,M104,No
E01173,28,Male,Operations,Process Associate,Pune,Bachelor's,Contract,7,72000,2020-11-13,5.8,2.0,3.0,No,192,5.0,4,M077,No
E01174,27,Male,Sales,Business Development Executive,Bangalore,MBA,Full-Time,7,108000,2023-06-21,3.2,4.0,4.0,No,144,5.0,5,M057,No
E01175,33,Male,Operations,Operations Manager,Hyderabad,Bachelor's,Contract,9,73000,2021-03-03,5.5,4.0,5.0,Yes,171,6.0,8,M021,No
E01176,37,Male,HR,HR Executive,Mumbai,Master's,Full-Time,17,135000,2012-09-01,14.0,3.0,3.0,Yes,186,17.0,2,M107,Yes
E01177,35,Male,Operations,Operations Executive,Bangalore,Master's,Full-Time,10,108000,2020-09-01,6.0,2.0,3.0,Yes,188,9.0,10,M001,No
E01178,29,Female,IT,Data Engineer,Delhi,Bachelor's,Contract,6,80000,2023-10-08,2.9,3.0,4.0,No,191,6.0,4,M082,No
E01179,30,Male,Operations,Operations Executive,Chennai,Bachelor's,Full-Time,0,38000,2026-06-20,0.2,3.0,4.0,No,134,8.0,1,M024,No
E01180,26,Male,HR,HR Manager,Delhi,Bachelor's,Full-Time,5,85000,2023-06-21,3.2,4.0,4.0,No,177,11.0,4,M030,Yes
E01181,32,Male,Customer Support,Customer Success Associate,Chennai,Master's,Full-Time,8,97000,2022-06-20,4.2,4.0,4.0,No,141,4.0,5,M062,No
E01182,42,Female,Sales,Sales Manager,Bangalore,Bachelor's,Contract,23,124000,2012-01-26,14.6,3.0,4.0,No,150,7.0,8,M071,No
E01183,34,Male,Operations,Operations Executive,Chennai,Bachelor's,Full-Time,13,111000,2016-06-20,10.2,4.0,4.0,No,183,10.0,2,M027,No
E01184,40,Male,Customer Support,Team Lead,Mumbai,PhD,Full-Time,21,135000,2009-11-13,16.8,5.0,5.0,Yes,171,12.0,2,M052,Yes
E01185,44,Male,IT,Software Engineer,Pune,Bachelor's,Full-Time,19,148000,2017-10-08,8.9,5.0,5.0,No,181,7.0,1,M027,No
E01186,30,Male,Customer Support,Support Analyst,Hyderabad,MBA,Contract,11,102000,2020-12-20,5.7,4.0,4.0,No,151,6.0,8,M067,No
E01187,33,Male,Operations,Operations Manager,Lucknow,MBA,Full-Time,16,137000,2017-09-01,9.0,5.0,4.0,Yes,195,10.0,3,M116,No
E01188,49,Male,IT,Data Analyst,Delhi,Bachelor's,Full-Time,29,191000,2008-09-01,18.0,5.0,4.0,No,180,4.0,3,M117,No
E01189,44,Male,Sales,Sales Manager,Bangalore,Bachelor's,Full-Time,24,163000,2012-05-14,14.3,5.0,5.0,No,184,7.0,3,M080,No
E01190,22,Male,Operations,Operations Executive,Bangalore,Bachelor's,Full-Time,0,61000,2026-06-20,0.2,3.0,3.0,No,149,10.0,4,M004,No
E01191,37,Male,IT,Software Engineer,Chennai,Master's,Full-Time,14,146000,2016-05-14,10.3,3.0,3.0,No,189,5.0,4,M045,No
E01192,34,Female,Operations,Process Associate,Hyderabad,Master's,Full-Time,14,124000,2019-10-08,6.9,3.0,4.0,No,162,10.0,3,M057,No
E01193,40,Male,Sales,Business Development Executive,Chennai,MBA,Full-Time,14,137000,2016-11-13,9.8,4.0,5.0,Yes,157,4.0,2,M001,No
E01194,29,Male,Operations,Process Associate,Mumbai,MBA,Full-Time,6,110000,2023-09-02,3.0,3.0,3.0,No,179,7.0,2,M097,No
E01195,28,Male,IT,BI Analyst,Delhi,Master's,Full-Time,2,98000,2025-07-27,1.1,2.0,2.0,No,178,10.0,5,M044,No
E01196,29,Male,Customer Support,Team Lead,Bangalore,Bachelor's,Full-Time,5,94000,2024-01-26,2.6,2.0,3.0,No,153,12.0,3,M109,No
E01197,30,Female,Customer Support,Customer Success Associate,Lucknow,Bachelor's,Full-Time,10,88000,2021-06-20,5.2,3.0,4.0,No,205,13.0,9,M090,No
E01198,40,Male,Customer Support,Support Executive,Pune,MBA,Full-Time,19,159000,2013-06-20,13.2,4.0,4.0,No,201,6.0,6,M103,No
E01199,26,Male,Operations,Process Associate,Lucknow,Bachelor's,Full-Time,4,68000,2023-12-20,2.7,3.0,3.0,No,179,8.0,5,M067,No
E01200,30,Male,IT,Data Engineer,Mumbai,Bachelor's,Contract,8,86000,2022-06-20,4.2,3.0,4.0,No,176,8.0,3,M004,No
E01201,21,Female,Operations,Operations Executive,Pune,Master's,Full-Time,0,74000,2026-06-20,0.2,2.0,3.0,No,174,11.0,7,M033,No
E01202,41,Female,IT,IT Support,Pune,Bachelor's,Full-Time,18,143000,2015-07-27,11.1,4.0,3.0,No,140,9.0,3,M050,No
E01203,43,Male,IT,IT Support,Mumbai,MBA,Full-Time,19,165000,2017-05-15,9.3,5.0,5.0,No,170,13.0,5,M005,No
E01204,32,Male,Sales,Business Development Executive,Noida,Master's,Full-Time,8,113000,2022-09-01,4.0,3.0,4.0,No,170,9.0,1,M093,No
E01205,32,Male,Finance,Finance Manager,Lucknow,Bachelor's,Contract,11,83000,2019-03-03,7.5,2.0,2.0,Yes,158,6.0,3,M052,No
E01206,37,Male,Operations,Process Associate,Noida,MBA,Contract,13,112000,2015-10-08,10.9,3.0,3.0,No,162,11.0,2,M011,No
E01207,44,Female,Operations,Operations Manager,Chennai,Bachelor's,Full-Time,20,130000,2013-01-25,13.6,4.0,3.0,No,125,10.0,2,M003,Yes
E01208,37,Male,Finance,Accountant,Mumbai,Bachelor's,Full-Time,10,127000,2018-05-15,8.3,3.0,4.0,No,148,3.0,6,M018,No
E01209,29,Male,Sales,Sales Executive,Mumbai,Bachelor's,Full-Time,6,96000,2022-11-14,3.8,3.0,4.0,Yes,185,12.0,2,M030,No
E01210,23,Female,Customer Support,Customer Success Associate,Lucknow,Bachelor's,Full-Time,0,51000,2026-06-20,0.2,2.0,2.0,No,199,9.0,4,M081,No
E01211,26,Female,Finance,Audit Associate,Bangalore,Bachelor's,Full-Time,4,81000,2024-01-26,2.6,3.0,2.0,No,151,9.0,4,M046,No
E01212,35,Male,Finance,Financial Analyst,Pune,Bachelor's,Full-Time,11,110000,2018-09-01,8.0,3.0,4.0,No,171,4.0,5,M094,No
E01213,29,Female,IT,IT Support,Pune,Bachelor's,Full-Time,7,100000,2022-06-20,4.2,3.0,2.0,No,188,11.0,4,M094,No
E01214,35,Male,Marketing,Marketing Executive,Pune,Bachelor's,Full-Time,13,117000,2016-05-14,10.3,3.0,3.0,No,159,9.0,5,M097,No
E01215,30,Female,Operations,Operations Analyst,Lucknow,MBA,Full-Time,12,132000,2021-03-03,5.5,4.0,4.0,Yes,180,10.0,4,M017,No
E01216,27,Female,Sales,Business Development Executive,Mumbai,MBA,Full-Time,6,117000,2022-11-14,3.8,3.0,3.0,No,167,8.0,2,M039,No
E01217,26,Male,IT,Data Engineer,Delhi,Bachelor's,Full-Time,0,74000,2026-06-20,0.2,3.0,5.0,Yes,189,11.0,3,M080,Yes
E01218,45,Female,Operations,Operations Analyst,Bangalore,Bachelor's,Full-Time,20,134000,2012-10-08,13.9,3.0,5.0,Yes,145,6.0,6,M033,No
E01219,40,Female,Operations,Operations Manager,Delhi,Bachelor's,Full-Time,18,129000,2016-07-26,10.1,5.0,3.0,Yes,148,8.0,2,M111,No
E01220,46,Male,Sales,Account Manager,Mumbai,Bachelor's,Full-Time,22,153000,2012-12-20,13.7,5.0,5.0,No,173,6.0,4,M066,No
E01221,38,Male,Customer Support,Customer Success Associate,Delhi,MBA,Full-Time,9,93000,2020-11-13,5.8,2.0,3.0,Yes,170,9.0,4,M066,No
E01222,31,Female,IT,Data Engineer,Noida,Master's,Full-Time,12,121000,2017-12-20,8.7,3.0,4.0,Yes,167,7.0,5,M088,No
E01223,43,Male,Finance,Accountant,Lucknow,Bachelor's,Full-Time,23,183000,2009-03-03,17.5,4.0,5.0,Yes,178,6.0,8,M005,No
E01224,34,Male,Customer Support,Support Analyst,Bangalore,Bachelor's,Contract,13,86000,2016-12-20,9.7,3.0,4.0,No,151,5.0,5,M036,Yes
E01225,36,Female,Finance,Finance Manager,Delhi,Bachelor's,Full-Time,12,111000,2019-09-02,7.0,3.0,3.0,No,143,6.0,3,M003,No
E01226,34,Female,Operations,Process Associate,Lucknow,Master's,Full-Time,13,129000,2015-09-02,11.0,4.0,3.0,No,159,4.0,2,M104,No
E01227,21,Male,Finance,Finance Manager,Bangalore,Bachelor's,Full-Time,0,57000,2026-06-20,0.2,3.0,4.0,No,161,7.0,4,M032,No
E01228,45,Male,Sales,Business Development Executive,Bangalore,PhD,Contract,24,131000,2013-05-15,13.3,5.0,4.0,Yes,163,11.0,5,M014,No
E01229,37,Male,Customer Support,Support Analyst,Bangalore,MBA,Full-Time,13,111000,2019-10-08,6.9,3.0,3.0,Yes,191,6.0,10,M038,No
E01230,36,Male,Finance,Accountant,Hyderabad,Bachelor's,Full-Time,18,158000,2016-04-08,10.4,2.0,2.0,Yes,182,6.0,4,M119,Yes
E01231,34,Male,Customer Support,Team Lead,Bangalore,Master's,Full-Time,8,92000,2021-09-01,5.0,4.0,5.0,No,178,12.0,5,M107,Yes
E01232,35,Female,Sales,Sales Manager,Lucknow,MBA,Full-Time,16,119000,2014-01-25,12.6,4.0,5.0,No,172,3.0,3,M005,No
E01233,30,Male,Sales,Account Manager,Delhi,Master's,Full-Time,8,115000,2020-07-26,6.1,5.0,3.0,No,160,8.0,8,M101,No
E01234,38,Male,IT,Software Engineer,Hyderabad,Bachelor's,Full-Time,15,132000,2014-10-08,11.9,2.0,3.0,No,153,8.0,6,M046,No
E01235,25,Male,Operations,Process Associate,Mumbai,Bachelor's,Full-Time,3,54000,2024-12-20,1.7,4.0,3.0,No,146,7.0,2,M090,Yes
E01236,35,Other,Finance,Financial Analyst,Delhi,MBA,Full-Time,15,140000,2016-05-14,10.3,2.0,1.0,Yes,155,7.0,4,M056,Yes
E01237,38,Male,Marketing,Digital Marketing Analyst,Pune,Master's,Full-Time,19,156000,2015-12-20,10.7,5.0,4.0,Yes,167,7.0,3,M081,No
E01238,33,Male,Finance,Accountant,Chennai,Master's,Part-Time,12,83000,2020-10-08,5.9,4.0,3.0,No,147,13.0,4,M060,No
E01239,37,Male,Customer Support,Support Executive,Chennai,MBA,Full-Time,13,135000,2017-04-08,9.4,3.0,2.0,Yes,171,11.0,2,M083,No
E01240,27,Male,Sales,Business Development Executive,Hyderabad,MBA,Full-Time,5,87000,2024-03-02,2.5,4.0,3.0,No,165,11.0,3,M075,No
E01241,27,Male,Marketing,Brand Executive,Noida,MBA,Full-Time,10,117000,2019-06-21,7.2,3.0,2.0,No,161,4.0,5,M007,No
E01242,36,Male,Operations,Operations Manager,Chennai,Bachelor's,Part-Time,17,74000,2014-07-27,12.1,4.0,3.0,No,189,7.0,2,M013,No
E01243,39,Male,Operations,Operations Analyst,Chennai,Master's,Full-Time,19,133000,2011-12-20,14.7,4.0,2.0,No,124,9.0,2,M115,No
E01244,21,Male,Marketing,Marketing Executive,Bangalore,Master's,Full-Time,1,84000,2026-03-03,0.5,4.0,3.0,Yes,161,10.0,2,M025,No
E01245,38,Male,Operations,Operations Analyst,Bangalore,MBA,Full-Time,18,150000,2012-12-20,13.7,5.0,3.0,Yes,126,5.0,5,M114,No
E01246,30,Male,Operations,Process Associate,Mumbai,Master's,Full-Time,11,116000,2017-05-15,9.3,3.0,4.0,Yes,172,10.0,2,M112,No
E01247,33,Male,IT,Data Analyst,Pune,Bachelor's,Full-Time,10,118000,2018-10-08,7.9,4.0,4.0,No,182,10.0,7,M012,No
E01248,25,Male,IT,IT Support,Delhi,MBA,Full-Time,0,78000,2026-06-20,0.2,3.0,3.0,No,144,11.0,1,M031,No
E01249,28,Male,Customer Support,Customer Success Associate,Delhi,Master's,Full-Time,6,77000,2022-05-15,4.3,2.0,3.0,No,146,10.0,5,M092,No
E01250,41,Male,Operations,Operations Manager,Noida,Bachelor's,Part-Time,17,81000,2016-03-02,10.5,3.0,3.0,No,137,3.0,5,M015,No
E01251,34,Male,Marketing,Digital Marketing Analyst,Noida,Bachelor's,Full-Time,9,111000,2019-12-20,6.7,5.0,3.0,No,169,4.0,3,M097,No
E01252,31,Male,Finance,Finance Manager,Noida,Bachelor's,Full-Time,7,112000,2021-06-20,5.2,3.0,2.0,No,162,1.0,3,M011,No
E01253,33,Male,IT,Data Analyst,Mumbai,Bachelor's,Part-Time,17,96000,2014-10-08,11.9,4.0,4.0,Yes,163,8.0,3,M103,Yes
E01254,37,Male,IT,IT Support,Pune,Bachelor's,Contract,15,106000,2015-03-03,11.5,3.0,2.0,No,161,17.0,5,M032,No
E01255,37,Female,Operations,Operations Executive,Mumbai,Bachelor's,Full-Time,16,128000,2016-07-26,10.1,3.0,3.0,Yes,150,5.0,3,M080,No
E01256,33,Female,Finance,Finance Manager,Bangalore,Master's,Contract,8,86000,2022-09-01,4.0,3.0,3.0,No,188,7.0,2,M009,No
E01257,42,Male,Sales,Sales Executive,Bangalore,Master's,Full-Time,15,125000,2016-07-26,10.1,3.0,4.0,Yes,173,6.0,4,M052,No
E01258,41,Male,Finance,Financial Analyst,Delhi,Master's,Full-Time,17,149000,2017-03-03,9.5,3.0,2.0,No,147,8.0,5,M041,Yes
E01259,37,Male,IT,IT Support,Delhi,MBA,Part-Time,19,90000,2015-03-03,11.5,3.0,3.0,No,155,9.0,4,M012,No
E01260,34,Male,Operations,Operations Executive,Noida,Bachelor's,Full-Time,13,111000,2020-10-08,5.9,4.0,4.0,Yes,152,7.0,4,M083,Yes
E01261,39,Male,Sales,Account Manager,Bangalore,Bachelor's,Full-Time,18,152000,2015-10-08,10.9,4.0,2.0,No,193,8.0,4,M078,No
E01262,36,Female,Marketing,Brand Executive,Chennai,MBA,Full-Time,16,150000,2014-04-08,12.4,4.0,3.0,Yes,181,10.0,4,M012,No
E01263,41,Male,Sales,Sales Executive,Hyderabad,Bachelor's,Full-Time,18,129000,2014-09-01,12.0,4.0,,No,166,7.0,1,M064,No
E01264,40,Female,Finance,Accountant,Mumbai,PhD,Full-Time,21,174000,2017-03-03,9.5,4.0,4.0,No,199,12.0,2,M088,No
E01265,27,Male,IT,IT Support,Hyderabad,MBA,Full-Time,3,89000,2024-10-08,1.9,4.0,4.0,No,194,9.0,4,M073,No
E01266,26,Female,IT,BI Analyst,Mumbai,Bachelor's,Part-Time,8,65000,2022-03-03,4.5,2.0,3.0,No,164,8.0,2,M085,No
E01267,29,Female,Finance,Audit Associate,Hyderabad,PhD,Full-Time,8,129000,2021-07-27,5.1,4.0,3.0,No,161,9.0,3,M012,No
E01268,41,Male,Finance,Finance Manager,Delhi,Bachelor's,Full-Time,15,137000,2017-06-20,9.2,4.0,2.0,No,161,4.0,2,M109,No
E01269,23,Male,Operations,Operations Executive,Bangalore,Bachelor's,Contract,0,68000,2026-06-20,0.2,4.0,4.0,No,151,9.0,4,M037,No
E01270,37,Male,Sales,Business Development Executive,Bangalore,Master's,Full-Time,11,128000,2021-07-27,5.1,2.0,2.0,No,199,6.0,3,M005,No
E01271,37,Male,Operations,Process Associate,Hyderabad,Bachelor's,Full-Time,18,135000,2013-09-01,13.0,4.0,3.0,No,150,9.0,7,M009,No
E01272,42,Male,Marketing,Marketing Manager,Noida,MBA,Full-Time,20,165000,2010-11-14,15.8,5.0,5.0,Yes,184,10.0,6,M057,Yes
E01273,35,Male,Operations,Operations Executive,Delhi,Bachelor's,Full-Time,7,86000,2020-11-13,5.8,3.0,3.0,No,180,11.0,7,M115,No
E01274,25,Male,IT,Data Engineer,Chennai,Master's,Full-Time,4,88000,2024-07-26,2.1,3.0,3.0,Yes,163,7.0,5,M020,Yes
E01275,27,Female,Finance,Finance Manager,Pune,Master's,Full-Time,4,106000,2023-12-20,2.7,4.0,3.0,No,201,9.0,6,M070,No
E01276,26,Male,IT,BI Analyst,Lucknow,Master's,Full-Time,0,90000,2026-06-20,0.2,2.0,3.0,No,140,4.0,8,M104,No
E01277,30,Female,Sales,Sales Executive,Chennai,Bachelor's,Full-Time,12,110000,2018-11-14,7.8,5.0,4.0,Yes,167,3.0,5,M114,Yes
E01278,33,Male,Customer Support,Support Executive,Hyderabad,Bachelor's,Full-Time,11,101000,2021-03-03,5.5,4.0,3.0,No,159,8.0,4,M013,No
E01279,26,Female,IT,BI Analyst,Pune,MBA,Full-Time,3,108000,2024-04-08,2.4,3.0,1.0,No,185,9.0,3,M080,No
E01280,44,Male,Finance,Finance Manager,Noida,Bachelor's,Full-Time,21,164000,2016-04-08,10.4,3.0,5.0,No,174,8.0,2,M084,No
E01281,25,Male,Operations,Process Associate,Delhi,MBA,Full-Time,0,57000,2026-06-20,0.2,3.0,2.0,Yes,137,10.0,3,M005,No
E01282,43,Female,Operations,Process Associate,Mumbai,Master's,Full-Time,18,145000,2014-10-08,11.9,4.0,4.0,No,190,7.0,4,M118,No
E01283,42,Male,HR,HR Manager,Bangalore,MBA,Contract,23,130000,2008-09-01,18.0,5.0,5.0,No,177,4.0,3,M043,No
E01284,40,Female,IT,Software Engineer,Chennai,Master's,Full-Time,17,162000,2014-07-27,12.1,4.0,4.0,Yes,149,7.0,3,M081,No
E01285,29,Male,Sales,Sales Executive,Chennai,Bachelor's,Part-Time,7,66000,2022-09-01,4.0,2.0,2.0,No,162,10.0,2,M054,No
E01286,36,Male,HR,HR Analyst,Bangalore,Master's,Full-Time,9,119000,2021-10-08,4.9,3.0,2.0,No,145,10.0,2,M062,No
E01287,25,Male,IT,BI Analyst,Hyderabad,MBA,Contract,0,55000,2026-06-20,0.2,2.0,1.0,No,165,8.0,4,M010,Yes
E01288,40,Female,Sales,Account Manager,Delhi,Bachelor's,Full-Time,20,139000,2011-07-27,15.1,3.0,4.0,No,171,8.0,3,M030,No
E01289,33,Male,IT,BI Analyst,Bangalore,PhD,Full-Time,12,150000,2017-12-20,8.7,4.0,5.0,No,162,7.0,5,M007,No
E01290,31,Female,IT,Data Analyst,Lucknow,Bachelor's,Full-Time,13,121000,2017-09-01,9.0,5.0,4.0,No,160,6.0,9,M057,No
E01291,25,Female,Finance,Accountant,Mumbai,Bachelor's,Full-Time,6,80000,2023-11-14,2.8,3.0,3.0,No,139,9.0,6,M011,No
E01292,21,Male,IT,BI Analyst,Bangalore,Bachelor's,Full-Time,0,77000,2026-06-20,0.2,3.0,4.0,No,174,15.0,7,M072,No
E01293,27,Male,HR,HR Executive,Hyderabad,,Full-Time,6,98000,2022-06-20,4.2,2.0,2.0,No,133,10.0,1,M051,No
E01294,42,Female,Operations,Operations Manager,Chennai,Bachelor's,Full-Time,19,154000,2010-10-08,15.9,4.0,4.0,No,169,11.0,3,M064,No
E01295,31,Male,Marketing,Digital Marketing Analyst,Bangalore,MBA,Full-Time,14,136000,2017-01-25,9.6,5.0,4.0,No,136,8.0,3,M101,No
E01296,33,Male,Sales,Business Development Executive,Pune,MBA,Full-Time,14,134000,2018-09-01,8.0,3.0,3.0,Yes,169,5.0,2,M031,No
E01297,39,Male,IT,IT Support,Hyderabad,Bachelor's,Full-Time,17,140000,2016-06-20,10.2,4.0,4.0,No,168,7.0,3,M112,No
E01298,47,Male,IT,BI Analyst,Bangalore,Bachelor's,Full-Time,26,196000,2013-03-03,13.5,5.0,5.0,No,175,8.0,4,M001,No
E01299,43,Male,Operations,Operations Manager,Bangalore,Master's,Full-Time,25,175000,2008-09-01,18.0,5.0,5.0,Yes,184,8.0,1,M089,No
E01300,27,Male,Operations,Operations Manager,Hyderabad,Bachelor's,Full-Time,6,80000,2022-04-08,4.4,3.0,4.0,Yes,187,11.0,3,M058,Yes
E01301,21,Female,IT,BI Analyst,Mumbai,MBA,Full-Time,3,89000,2025-01-25,1.6,3.0,2.0,No,139,4.0,3,M092,No
E01302,51,Male,Customer Support,Team Lead,Lucknow,Bachelor's,Full-Time,24,152000,2014-05-15,12.3,4.0,5.0,No,167,8.0,2,M087,No
E01303,50,Male,IT,Software Engineer,Chennai,Bachelor's,Full-Time,29,185000,2012-10-08,13.9,3.0,4.0,No,204,9.0,8,M051,No
E01304,35,Other,HR,HR Executive,Lucknow,MBA,Full-Time,12,132000,2016-11-13,9.8,2.0,1.0,Yes,170,5.0,10,M093,Yes
E01305,25,Female,Operations,Operations Analyst,Mumbai,Bachelor's,Full-Time,7,71000,2022-11-14,3.8,3.0,4.0,Yes,153,8.0,8,M022,Yes
E01306,41,Female,Customer Support,Support Analyst,Lucknow,Bachelor's,Full-Time,23,147000,2013-03-03,13.5,5.0,4.0,No,167,8.0,1,M074,Yes
E01307,33,Male,Operations,Operations Manager,Delhi,Bachelor's,Contract,11,87000,2020-06-20,6.2,3.0,2.0,No,161,7.0,4,M046,No
E01308,33,Female,Marketing,Digital Marketing Analyst,Delhi,Bachelor's,Full-Time,15,129000,2017-06-20,9.2,3.0,3.0,No,147,9.0,4,M017,Yes
E01309,40,Male,Sales,Account Manager,Bangalore,Master's,Full-Time,22,157000,2010-06-20,16.2,4.0,4.0,No,184,8.0,6,M013,No
E01310,36,Male,Marketing,Marketing Manager,Bangalore,MBA,Full-Time,14,140000,2015-06-21,11.2,3.0,3.0,No,179,11.0,4,M080,No
E01311,26,Male,IT,Software Engineer,Pune,Bachelor's,Full-Time,10,106000,2021-06-20,5.2,5.0,4.0,Yes,144,4.0,3,M115,No
E01312,32,Male,Customer Support,Support Analyst,Delhi,Master's,Full-Time,10,103000,2019-06-21,7.2,3.0,3.0,No,166,9.0,3,M076,Yes
E01313,39,Female,HR,Recruiter,Mumbai,Master's,Full-Time,16,142000,2017-03-03,9.5,3.0,5.0,Yes,158,8.0,4,M112,No
E01314,38,Male,Marketing,Brand Executive,Pune,Bachelor's,Contract,18,112000,2011-06-21,15.2,4.0,3.0,Yes,139,4.0,5,M113,No
E01315,36,Female,Finance,Accountant,Mumbai,Bachelor's,Contract,13,90000,2019-04-09,7.4,5.0,5.0,No,143,10.0,3,M079,No
E01316,41,Female,Operations,Operations Manager,Hyderabad,MBA,Full-Time,19,161000,2018-01-25,8.6,3.0,3.0,Yes,145,5.0,5,M039,No
E01317,31,Male,HR,HR Executive,Delhi,Master's,Full-Time,13,124000,2018-03-03,8.5,3.0,2.0,No,167,7.0,1,M019,No
E01318,35,Male,Operations,Process Associate,Chennai,Master's,Full-Time,13,128000,2020-01-26,6.6,3.0,3.0,No,160,10.0,6,M085,No
E01319,21,Male,IT,Data Engineer,Chennai,Master's,Full-Time,0,95000,2026-06-20,0.2,3.0,2.0,No,151,6.0,2,M061,No
E01320,31,Male,IT,Data Engineer,Delhi,Bachelor's,Contract,10,99000,2019-05-15,7.3,4.0,3.0,No,161,4.0,4,M096,No
E01321,39,Male,Sales,Business Development Executive,Delhi,Master's,Full-Time,15,144000,2015-07-27,11.1,4.0,4.0,No,181,6.0,3,M005,No
E01322,31,Other,IT,BI Analyst,Delhi,Bachelor's,Full-Time,11,120000,2019-09-02,7.0,3.0,2.0,No,174,11.0,6,M057,Yes
E01323,31,Male,Customer Support,Customer Success Associate,Chennai,Master's,Full-Time,11,114000,2018-10-08,7.9,3.0,4.0,No,186,11.0,5,M047,No
E01324,27,Male,Sales,Account Manager,Mumbai,Bachelor's,Full-Time,9,102000,2020-09-01,6.0,3.0,2.0,No,164,11.0,2,M079,No
E01325,41,Female,Customer Support,Support Analyst,Mumbai,Bachelor's,Contract,21,98000,2011-12-20,14.7,4.0,2.0,No,197,9.0,4,M032,No
E01326,38,Male,Sales,Sales Manager,Bangalore,Bachelor's,Full-Time,19,145000,2013-07-27,13.1,3.0,2.0,No,174,8.0,6,M001,No
E01327,40,Female,Sales,Business Development Executive,Delhi,PhD,Full-Time,16,150000,2015-03-03,11.5,3.0,5.0,No,159,10.0,3,M079,No
E01328,22,Male,Marketing,Brand Executive,Hyderabad,Bachelor's,Full-Time,2,77000,2025-07-27,1.1,2.0,1.0,No,170,6.0,3,M035,No
E01329,33,Male,Operations,Operations Analyst,Noida,Bachelor's,Full-Time,16,124000,2017-10-08,8.9,4.0,4.0,No,146,5.0,7,M084,No
E01330,32,Male,Finance,Finance Manager,Mumbai,Bachelor's,Full-Time,8,95000,2021-09-01,5.0,4.0,3.0,Yes,162,11.0,6,M031,No
E01331,32,Male,HR,HR Executive,Delhi,Bachelor's,Full-Time,14,125000,2017-11-13,8.8,4.0,3.0,No,176,8.0,6,M020,No
E01332,30,Male,Operations,Operations Analyst,Chennai,Master's,Full-Time,7,85000,2021-05-15,5.3,4.0,4.0,No,179,8.0,2,M047,No
E01333,32,Female,Sales,Sales Manager,Chennai,Master's,Part-Time,8,78000,2021-11-13,4.8,3.0,4.0,No,161,8.0,5,M024,No
E01334,40,Male,Customer Support,Customer Success Associate,Delhi,Bachelor's,Full-Time,19,130000,2016-11-13,9.8,3.0,3.0,Yes,217,9.0,9,M040,No
E01335,21,Female,Customer Support,Team Lead,Delhi,Bachelor's,Full-Time,1,58000,2026-01-25,0.6,2.0,2.0,No,165,7.0,4,M116,Yes
E01336,46,Male,Operations,Operations Executive,Mumbai,Master's,Full-Time,26,181000,2012-10-08,13.9,3.0,4.0,Yes,138,4.0,3,M074,Yes
E01337,37,Male,Sales,Business Development Executive,Lucknow,Bachelor's,Full-Time,13,122000,2016-12-20,9.7,3.0,4.0,No,190,7.0,5,M078,No
E01338,34,Male,Operations,Operations Executive,Bangalore,Bachelor's,Full-Time,13,100000,2018-05-15,8.3,3.0,3.0,No,179,9.0,4,M099,No
E01339,40,Female,IT,BI Analyst,Lucknow,Bachelor's,Part-Time,16,94000,2014-12-20,11.7,4.0,4.0,No,172,5.0,3,M064,No
E01340,24,Male,IT,Software Engineer,Pune,Bachelor's,Full-Time,0,75000,2026-06-20,0.2,3.0,3.0,No,160,9.0,5,M093,No
E01341,29,Male,Sales,Sales Manager,Hyderabad,Bachelor's,Full-Time,5,77000,2022-09-01,4.0,3.0,2.0,Yes,175,6.0,4,M073,No
E01342,33,Female,Finance,Audit Associate,Bangalore,Master's,Full-Time,9,108000,2019-01-26,7.6,3.0,3.0,No,197,12.0,0,M120,No
E01343,44,Male,Marketing,Digital Marketing Analyst,Delhi,Master's,Full-Time,23,166000,2010-03-03,16.5,3.0,4.0,Yes,172,5.0,5,M116,Yes
E01344,34,Female,Operations,Operations Manager,Delhi,MBA,Part-Time,15,71000,2014-10-08,11.9,4.0,4.0,No,142,9.0,3,M010,No
E01345,37,Male,Operations,Operations Manager,Bangalore,Bachelor's,Full-Time,11,120000,2019-06-21,7.2,3.0,4.0,No,120,2.0,6,M117,No
E01346,30,Female,Finance,Accountant,Pune,Bachelor's,Contract,9,96000,2019-04-09,7.4,2.0,,Yes,175,11.0,6,M061,No
E01347,37,Female,Sales,Account Manager,Lucknow,Bachelor's,Contract,12,92000,2017-04-08,9.4,4.0,5.0,No,150,,2,M002,No
E01348,46,Female,Finance,Audit Associate,Hyderabad,PhD,Full-Time,26,193000,2008-09-01,18.0,5.0,4.0,No,166,10.0,7,M023,No
E01349,41,Male,Customer Support,Support Executive,Pune,Master's,Full-Time,17,131000,2014-10-08,11.9,2.0,3.0,No,153,11.0,5,M082,No
E01350,33,Male,IT,Data Engineer,Bangalore,Master's,Part-Time,8,78000,2020-07-26,6.1,4.0,2.0,No,152,8.0,3,M065,No
E01351,39,Female,Marketing,Digital Marketing Analyst,Delhi,Bachelor's,Full-Time,19,159000,2013-12-20,12.7,3.0,3.0,No,154,11.0,0,M058,No
E01352,38,Male,HR,HR Executive,Bangalore,Bachelor's,Full-Time,15,118000,2018-05-15,8.3,3.0,4.0,Yes,156,9.0,6,M011,No
E01353,38,Male,Finance,Audit Associate,Pune,Bachelor's,Full-Time,15,121000,2017-10-08,8.9,4.0,4.0,Yes,182,8.0,2,M101,No
E01354,42,Female,Operations,Operations Executive,Lucknow,Master's,Full-Time,14,140000,2015-05-15,11.3,4.0,5.0,No,178,11.0,4,M120,No
E01355,42,Male,Finance,Accountant,Pune,MBA,Full-Time,22,156000,2016-04-08,10.4,4.0,4.0,No,146,7.0,6,M036,No
E01356,33,Male,Customer Support,Team Lead,Bangalore,PhD,Full-Time,13,116000,2017-10-08,8.9,3.0,3.0,Yes,149,8.0,0,M097,No
E01357,38,Male,Customer Support,Customer Success Associate,Delhi,Master's,Full-Time,16,126000,2017-01-25,9.6,3.0,3.0,Yes,175,8.0,1,M063,No
E01358,31,Male,Finance,Audit Associate,Hyderabad,Bachelor's,Contract,5,55000,2023-09-02,3.0,3.0,3.0,No,187,14.0,4,M036,Yes
E01359,28,Male,Sales,Business Development Executive,Delhi,MBA,Full-Time,9,122000,2019-06-21,7.2,3.0,4.0,No,187,7.0,4,M057,No
E01360,32,Female,Operations,Operations Analyst,Noida,Master's,Full-Time,8,108000,2020-05-14,6.3,5.0,5.0,Yes,150,8.0,1,M088,No
E01361,33,Male,Customer Support,Support Analyst,Chennai,Bachelor's,Full-Time,10,89000,2019-10-08,6.9,4.0,3.0,No,186,7.0,2,M089,No
E01362,22,Female,Sales,Account Manager,Pune,Bachelor's,Full-Time,6,99000,2023-04-09,3.4,2.0,3.0,No,136,10.0,5,M023,No
E01363,40,Female,Operations,Process Associate,Delhi,Bachelor's,Full-Time,16,138000,2016-06-20,10.2,3.0,4.0,No,164,8.0,2,M054,No
E01364,21,Female,Operations,Operations Analyst,Mumbai,Bachelor's,Full-Time,1,61000,2026-01-25,0.6,3.0,2.0,No,177,5.0,2,M063,No
E01365,53,Male,Operations,Operations Analyst,Bangalore,Bachelor's,Full-Time,32,188000,2008-09-01,18.0,5.0,5.0,No,131,4.0,6,M086,No
E01366,45,Female,IT,Data Analyst,Delhi,Master's,Full-Time,24,202000,2014-11-14,11.8,5.0,3.0,Yes,206,4.0,5,M033,No
E01367,32,Male,Operations,Process Associate,Delhi,Bachelor's,Full-Time,11,111000,2019-05-15,7.3,3.0,1.0,Yes,192,11.0,7,M047,Yes
E01368,34,Male,Customer Support,Customer Success Associate,Pune,Bachelor's,Contract,13,85000,2019-04-09,7.4,3.0,3.0,No,180,8.0,6,M019,Yes
E01369,36,Female,IT,Data Engineer,Pune,Bachelor's,Full-Time,15,147000,2015-12-20,10.7,3.0,3.0,No,151,7.0,2,M034,No
E01370,30,Male,Sales,Sales Manager,Bangalore,MBA,Contract,8,87000,2022-01-25,4.6,3.0,3.0,No,167,6.0,5,M023,No
E01371,35,Female,Customer Support,Customer Success Associate,Delhi,Master's,Contract,17,99000,2016-01-26,10.6,5.0,5.0,Yes,182,4.0,0,M110,No
E01372,33,Male,Sales,Account Manager,Bangalore,Bachelor's,Full-Time,8,96000,2022-11-14,3.8,4.0,4.0,No,148,4.0,4,M090,Yes
E01373,33,Female,Marketing,Marketing Executive,Bangalore,MBA,Full-Time,14,143000,2014-10-08,11.9,2.0,3.0,No,165,9.0,3,M086,No
E01374,35,Male,Finance,Audit Associate,Chennai,MBA,Full-Time,15,125000,2016-11-13,9.8,3.0,4.0,No,184,10.0,3,M067,No
E01375,25,Female,Sales,Sales Manager,Bangalore,Bachelor's,Contract,5,62000,2024-05-14,2.3,3.0,3.0,No,141,7.0,6,M004,No
E01376,34,Male,Customer Support,Customer Success Associate,Delhi,Bachelor's,Full-Time,15,127000,2016-09-01,10.0,3.0,4.0,Yes,174,9.0,5,M097,No
E01377,35,Male,Finance,Finance Manager,Bangalore,Master's,Full-Time,13,127000,2016-04-08,10.4,3.0,4.0,No,136,12.0,3,M075,No
E01378,35,Male,HR,HR Analyst,Noida,MBA,Full-Time,8,120000,2020-07-26,6.1,4.0,4.0,No,151,8.0,6,M084,No
E01379,32,Male,Sales,Business Development Executive,Hyderabad,PhD,Full-Time,10,135000,2019-05-15,7.3,4.0,3.0,No,159,12.0,7,M114,No
E01380,42,Male,Operations,Process Associate,Mumbai,MBA,Full-Time,18,145000,2017-07-27,9.1,5.0,3.0,Yes,177,14.0,2,M096,No
E01381,32,Male,IT,IT Support,Hyderabad,Master's,Full-Time,8,109000,2020-12-20,5.7,4.0,3.0,No,155,9.0,3,M053,No
E01382,36,Male,Finance,Accountant,Chennai,Master's,Full-Time,11,121000,2018-05-15,8.3,2.0,3.0,Yes,170,8.0,2,M112,No
E01383,43,Male,Customer Support,Support Analyst,Lucknow,Bachelor's,Full-Time,20,160000,2013-01-25,13.6,3.0,3.0,Yes,156,5.0,2,M015,No
E01384,33,Male,Sales,Sales Manager,Mumbai,Bachelor's,Full-Time,10,121000,2018-07-27,8.1,3.0,3.0,Yes,158,6.0,4,M089,No
E01385,36,Female,Operations,Operations Analyst,Noida,Bachelor's,Full-Time,8,93000,2022-03-03,4.5,3.0,3.0,Yes,191,7.0,3,M017,No
E01386,33,Female,Sales,Sales Executive,Lucknow,Master's,Full-Time,13,120000,2019-07-27,7.1,4.0,4.0,No,147,10.0,4,M022,No
E01387,43,Female,Operations,Process Associate,Noida,Master's,Full-Time,27,181000,2008-09-01,18.0,4.0,3.0,No,182,5.0,2,M034,No
E01388,32,Female,IT,Software Engineer,Pune,Master's,Full-Time,12,134000,2018-04-08,8.4,4.0,4.0,No,168,6.0,5,M033,No
E01389,43,Male,Customer Support,Team Lead,Pune,Bachelor's,Contract,20,95000,2017-09-01,9.0,4.0,3.0,Yes,158,10.0,5,M025,No
E01390,33,Male,Finance,Finance Manager,Delhi,Master's,Full-Time,11,124000,2020-03-02,6.5,3.0,2.0,Yes,146,6.0,3,M014,No
E01391,28,Male,Sales,Account Manager,Chennai,Bachelor's,Full-Time,5,95000,2022-09-01,4.0,3.0,3.0,No,147,6.0,6,M110,No
E01392,39,Female,IT,Data Engineer,Hyderabad,Bachelor's,Full-Time,17,127000,2018-11-14,7.8,5.0,5.0,Yes,155,2.0,3,M050,No
E01393,32,Other,IT,BI Analyst,Pune,MBA,Full-Time,10,133000,2022-03-03,4.5,3.0,2.0,Yes,165,8.0,8,M030,No
E01394,38,Male,HR,HR Analyst,Delhi,Master's,Full-Time,14,140000,2018-10-08,7.9,4.0,4.0,Yes,179,8.0,2,M086,No
E01395,21,Male,Sales,Sales Executive,Chennai,PhD,Full-Time,3,88000,2024-04-08,2.4,3.0,4.0,No,163,8.0,2,M022,No
E01396,34,Male,Marketing,Marketing Executive,Chennai,Bachelor's,Full-Time,8,112000,2020-03-02,6.5,4.0,5.0,No,164,11.0,5,M083,No
E01397,31,Male,Finance,Audit Associate,Bangalore,Bachelor's,Full-Time,11,108000,2019-06-21,7.2,3.0,3.0,No,166,8.0,1,M102,Yes
E01398,27,Male,Sales,Sales Manager,Noida,Bachelor's,Full-Time,5,87000,2023-04-09,3.4,4.0,3.0,No,177,7.0,3,M004,No
E01399,30,Male,Operations,Operations Executive,Hyderabad,Bachelor's,Full-Time,13,110000,2019-01-26,7.6,3.0,2.0,No,180,6.0,8,M072,No
E01400,30,Female,Operations,Operations Analyst,Noida,MBA,Full-Time,9,105000,2021-10-08,4.9,3.0,4.0,No,143,7.0,3,M045,No
E01401,34,Male,IT,Data Engineer,Delhi,Master's,Full-Time,11,122000,2018-03-03,8.5,,3.0,Yes,163,11.0,6,M116,No
E01402,24,Female,IT,Software Engineer,Delhi,MBA,Full-Time,1,94000,2026-03-03,0.5,4.0,3.0,No,190,9.0,9,M103,No
E01403,36,Female,IT,BI Analyst,Noida,Bachelor's,Part-Time,14,89000,2017-09-01,9.0,3.0,2.0,Yes,144,7.0,6,M074,No
E01404,44,Female,Operations,Operations Manager,Mumbai,MBA,Full-Time,19,149000,2013-04-08,13.4,3.0,4.0,No,169,4.0,2,M114,Yes
E01405,36,Male,Operations,Operations Manager,Noida,Bachelor's,Full-Time,12,96000,2020-10-08,5.9,4.0,5.0,Yes,165,6.0,5,M028,No
E01406,40,Female,Finance,Finance Manager,Hyderabad,MBA,Full-Time,14,142000,2017-06-20,9.2,5.0,5.0,No,158,15.0,7,M054,No
E01407,42,Female,Marketing,Marketing Manager,Hyderabad,Bachelor's,Full-Time,18,142000,2014-05-15,12.3,5.0,3.0,No,197,15.0,3,M058,Yes
E01408,43,Female,Marketing,Marketing Executive,Mumbai,Bachelor's,Full-Time,21,149000,2010-12-20,15.7,4.0,4.0,No,169,5.0,4,M085,No
E01409,47,Male,Operations,Process Associate,Hyderabad,Bachelor's,Full-Time,26,184000,2012-07-26,14.1,2.0,1.0,No,195,12.0,0,M065,No
E01410,31,Other,Marketing,Marketing Manager,Mumbai,MBA,Full-Time,4,78000,2024-05-14,2.3,3.0,3.0,No,168,11.0,3,M037,No
E01411,29,Female,Sales,Business Development Executive,Bangalore,Bachelor's,Full-Time,7,71000,2021-12-20,4.7,3.0,3.0,No,176,7.0,6,M054,No
E01412,39,Female,IT,Data Engineer,Mumbai,Bachelor's,Full-Time,18,141000,2011-06-21,15.2,4.0,4.0,Yes,158,8.0,4,M098,No
E01413,39,Female,Sales,Sales Manager,Bangalore,MBA,Full-Time,17,152000,2017-07-27,9.1,3.0,4.0,No,158,6.0,2,M011,No
E01414,39,Male,IT,Data Analyst,Lucknow,Bachelor's,Full-Time,15,125000,2013-12-20,12.7,4.0,4.0,Yes,175,11.0,6,M016,No
E01415,47,Male,HR,HR Executive,Lucknow,Bachelor's,Full-Time,24,152000,2008-12-20,17.7,3.0,1.0,No,176,6.0,3,M103,No
E01416,34,Male,Customer Support,Support Analyst,Delhi,Bachelor's,Full-Time,11,107000,2018-01-25,8.6,5.0,5.0,No,179,10.0,3,M078,No
E01417,37,Male,IT,Data Engineer,Pune,Bachelor's,Contract,13,103000,2020-05-14,6.3,5.0,4.0,No,175,8.0,3,M065,No
E01418,27,Female,IT,IT Support,Delhi,MBA,Full-Time,5,108000,2023-10-08,2.9,4.0,3.0,No,144,8.0,1,M095,Yes
E01419,49,Male,Finance,Audit Associate,Pune,MBA,Full-Time,33,226000,2011-01-26,15.6,5.0,3.0,No,153,10.0,5,M044,No
E01420,32,Male,Customer Support,Support Analyst,Chennai,Bachelor's,Full-Time,8,82000,2021-11-13,4.8,3.0,5.0,No,183,11.0,4,M043,Yes
E01421,32,Male,Sales,Sales Manager,Lucknow,PhD,Full-Time,9,114000,2019-01-26,7.6,3.0,4.0,No,133,9.0,4,M113,No
E01422,32,Male,HR,HR Analyst,Delhi,Bachelor's,Full-Time,10,109000,2021-10-08,4.9,5.0,5.0,No,173,8.0,6,M076,No
E01423,29,Female,IT,BI Analyst,Chennai,Bachelor's,Contract,5,60000,2023-04-09,3.4,4.0,3.0,No,166,8.0,2,M027,No
E01424,29,Female,IT,Data Engineer,Mumbai,Bachelor's,Full-Time,10,95000,2022-03-03,4.5,4.0,1.0,No,183,8.0,3,M081,No
E01425,30,Male,Customer Support,Support Executive,Lucknow,Bachelor's,Full-Time,2,57000,2025-03-03,1.5,4.0,4.0,No,175,11.0,1,M114,No
E01426,24,Male,Customer Support,Customer Success Associate,Bangalore,Bachelor's,Full-Time,1,65000,2026-03-03,0.5,3.0,4.0,No,156,6.0,5,M080,No
E01427,29,Male,IT,Data Analyst,Hyderabad,MBA,Full-Time,9,124000,2022-03-03,4.5,4.0,3.0,No,155,11.0,4,M001,No
E01428,48,Male,Customer Support,Support Executive,Pune,MBA,Full-Time,25,177000,2012-01-26,14.6,5.0,5.0,No,159,3.0,1,M119,Yes
E01429,39,Male,Operations,Operations Analyst,Pune,Bachelor's,Full-Time,15,103000,2015-04-09,11.4,4.0,4.0,No,178,17.0,3,M030,No
E01430,40,Other,Marketing,Digital Marketing Analyst,Bangalore,Master's,Full-Time,19,155000,2017-04-08,9.4,4.0,4.0,No,127,9.0,2,M064,No
E01431,42,Male,Finance,Audit Associate,Lucknow,,Full-Time,22,175000,2014-10-08,11.9,4.0,4.0,No,171,13.0,1,M037,No
E01432,47,Male,HR,HR Executive,Bangalore,MBA,Full-Time,26,169000,2014-11-14,11.8,4.0,4.0,No,152,8.0,7,M023,No
E01433,22,Male,Finance,Accountant,Pune,MBA,Contract,0,70000,2026-06-20,0.2,2.0,3.0,Yes,171,7.0,4,M027,No
E01434,25,Female,Operations,Process Associate,Mumbai,Bachelor's,Full-Time,4,74000,2023-12-20,2.7,3.0,2.0,No,174,4.0,5,M101,Yes
E01435,28,Male,IT,Data Analyst,Mumbai,MBA,Full-Time,5,133000,2022-12-20,3.7,2.0,3.0,No,138,4.0,2,M080,No
E01436,31,Female,IT,IT Support,Hyderabad,Master's,Full-Time,11,108000,2018-11-14,7.8,3.0,2.0,Yes,164,11.0,5,M088,No
E01437,32,Male,Sales,Business Development Executive,Delhi,Master's,Full-Time,14,142000,2019-07-27,7.1,3.0,4.0,No,171,11.0,5,M028,No
E01438,31,Female,Operations,Operations Executive,Bangalore,Bachelor's,Contract,2,48000,2025-04-08,1.4,3.0,4.0,No,170,6.0,4,M030,No
E01439,36,Male,Sales,Business Development Executive,Bangalore,Bachelor's,Part-Time,14,60000,2019-09-02,7.0,5.0,3.0,No,166,7.0,5,M090,No
E01440,34,Male,Operations,Operations Analyst,Delhi,Master's,Full-Time,8,96000,2021-10-08,4.9,3.0,3.0,No,146,9.0,7,M088,No
E01441,29,Male,Customer Support,Team Lead,Chennai,Bachelor's,Full-Time,13,109000,2017-11-13,8.8,4.0,3.0,Yes,149,5.0,3,M095,No
E01442,21,Male,IT,BI Analyst,Noida,Bachelor's,Full-Time,0,81000,2026-06-20,0.2,3.0,5.0,Yes,143,10.0,1,M089,No
E01443,27,Female,Operations,Operations Manager,Bangalore,Master's,Full-Time,7,112000,2023-03-03,3.5,4.0,5.0,No,178,6.0,3,M051,No
E01444,30,Female,Finance,Finance Manager,Delhi,Bachelor's,Full-Time,8,114000,2022-12-20,3.7,3.0,4.0,Yes,166,5.0,7,M002,No
E01445,32,Male,Marketing,Marketing Manager,Bangalore,Master's,Full-Time,8,97000,2020-06-20,6.2,3.0,5.0,Yes,167,8.0,7,M071,No
E01446,26,Female,IT,BI Analyst,Bangalore,Master's,Full-Time,2,100000,2025-03-03,1.5,3.0,3.0,No,137,8.0,6,M112,No
E01447,31,Female,Operations,Process Associate,Pune,PhD,Part-Time,13,84000,2020-05-14,6.3,4.0,4.0,No,167,11.0,7,M087,No
E01448,26,Female,Marketing,Marketing Executive,Hyderabad,Bachelor's,Full-Time,6,82000,2023-09-02,3.0,4.0,5.0,No,179,11.0,5,M093,No
E01449,33,Male,Customer Support,Team Lead,Bangalore,Bachelor's,Full-Time,16,117000,2013-10-08,12.9,4.0,4.0,Yes,135,10.0,2,M035,No
E01450,26,Male,Operations,Operations Analyst,Mumbai,Master's,Part-Time,4,46000,2023-09-02,3.0,4.0,4.0,Yes,158,10.0,5,M094,No
E01451,28,Male,Finance,Audit Associate,Bangalore,MBA,Full-Time,7,110000,2020-10-08,5.9,3.0,4.0,No,140,4.0,5,M029,No
E01452,25,Female,Operations,Operations Executive,Noida,PhD,Full-Time,2,78000,2025-07-27,1.1,3.0,4.0,No,160,6.0,9,M031,No
E01453,33,Male,Marketing,Brand Executive,Lucknow,Bachelor's,Full-Time,10,96000,2020-03-02,6.5,4.0,3.0,No,152,9.0,4,M114,No
E01454,28,Male,HR,HR Manager,Bangalore,Bachelor's,Full-Time,3,77000,2025-01-25,1.6,3.0,1.0,No,175,9.0,5,M042,No
E01455,40,Male,IT,Data Analyst,Mumbai,MBA,Contract,18,130000,2014-01-25,12.6,3.0,3.0,No,171,10.0,5,M066,No
E01456,37,Male,Customer Support,Support Analyst,Noida,Bachelor's,Full-Time,13,105000,2020-03-02,6.5,4.0,2.0,No,191,7.0,4,M051,Yes
E01457,34,Female,Operations,Operations Manager,Lucknow,Master's,Full-Time,13,134000,2020-03-02,6.5,3.0,2.0,No,167,7.0,1,M079,No
E01458,28,Female,Operations,Operations Manager,Delhi,Bachelor's,Full-Time,6,81000,2023-10-08,2.9,3.0,2.0,No,174,11.0,6,M016,Yes
E01459,37,Male,Sales,Sales Manager,Bangalore,Bachelor's,Contract,16,98000,2015-01-26,11.6,4.0,3.0,No,158,12.0,3,M008,No
E01460,39,Female,Operations,Process Associate,Bangalore,Bachelor's,Part-Time,21,97000,2013-01-25,13.6,4.0,4.0,No,148,7.0,3,M061,No
E01461,35,Male,Finance,Financial Analyst,Hyderabad,Bachelor's,Full-Time,13,121000,2017-07-27,9.1,4.0,5.0,No,183,5.0,4,M092,No
E01462,45,Male,Operations,Operations Executive,Delhi,Master's,Full-Time,25,173000,2008-09-01,18.0,5.0,5.0,Yes,190,6.0,1,M040,No
E01463,37,Male,IT,BI Analyst,Bangalore,MBA,Full-Time,20,145000,2011-10-08,14.9,3.0,4.0,No,181,12.0,3,M081,No
E01464,40,Male,Operations,Operations Executive,Hyderabad,Bachelor's,Full-Time,21,146000,2013-05-15,13.3,4.0,4.0,Yes,170,8.0,3,M057,Yes
E01465,35,Male,Customer Support,Support Analyst,Bangalore,MBA,Full-Time,16,115000,2013-03-03,13.5,5.0,2.0,No,150,9.0,4,M117,No
E01466,39,Female,IT,Software Engineer,Chennai,Bachelor's,Full-Time,16,128000,2016-07-26,10.1,3.0,3.0,No,189,13.0,6,M078,Yes
E01467,28,Male,Customer Support,Customer Success Associate,Mumbai,Master's,Full-Time,7,78000,2023-03-03,3.5,4.0,2.0,Yes,178,11.0,5,M085,No
E01468,31,Female,Finance,Accountant,Bangalore,Bachelor's,Full-Time,6,84000,2021-07-27,5.1,3.0,4.0,No,204,5.0,8,M050,No
E01469,36,Male,Customer Support,Support Executive,Hyderabad,MBA,Full-Time,15,122000,2019-10-08,6.9,4.0,2.0,Yes,147,6.0,4,M027,Yes
E01470,36,Male,Marketing,Brand Executive,Delhi,MBA,Part-Time,15,81000,2016-09-01,10.0,4.0,3.0,No,184,10.0,1,M085,No
E01471,38,Male,HR,HR Manager,Lucknow,Master's,Full-Time,16,142000,2017-06-20,9.2,3.0,4.0,No,178,10.0,3,M032,No
E01472,42,Male,Operations,Process Associate,Hyderabad,MBA,Full-Time,23,169000,2011-09-02,15.0,5.0,3.0,No,162,10.0,4,M080,No
E01473,24,Male,Customer Support,Customer Success Associate,Mumbai,Master's,Contract,0,30000,2026-06-20,0.2,4.0,5.0,No,193,13.0,6,M028,No
E01474,27,Male,Finance,Accountant,Pune,PhD,Full-Time,9,125000,2021-10-08,4.9,4.0,4.0,No,175,7.0,2,M102,No
E01475,36,Male,Sales,Sales Executive,Mumbai,Master's,Full-Time,16,141000,2015-11-14,10.8,4.0,4.0,Yes,151,10.0,4,M119,Yes
E01476,29,Male,Operations,Process Associate,Noida,MBA,Full-Time,7,96000,2021-05-15,5.3,4.0,4.0,No,166,11.0,2,M029,No
E01477,58,Male,Marketing,Marketing Executive,Delhi,Bachelor's,Full-Time,35,209000,2008-09-01,18.0,4.0,3.0,No,151,5.0,2,M049,Yes
E01478,38,Female,Operations,Operations Analyst,Hyderabad,Bachelor's,Full-Time,17,131000,2016-05-14,10.3,4.0,4.0,No,160,8.0,3,M115,No
E01479,33,Female,Marketing,Brand Executive,Bangalore,Master's,Full-Time,15,142000,2018-04-08,8.4,4.0,4.0,No,181,9.0,2,M036,No
E01480,30,Male,Finance,Finance Manager,Delhi,Bachelor's,Full-Time,8,87000,2020-06-20,6.2,3.0,3.0,Yes,186,5.0,12,M119,Yes
E01481,31,Female,Marketing,Brand Executive,Noida,Master's,Full-Time,9,108000,2019-12-20,6.7,4.0,3.0,Yes,172,9.0,5,M024,No
E01482,34,Female,IT,Data Analyst,Chennai,Bachelor's,Full-Time,12,136000,2017-01-25,9.6,4.0,3.0,No,154,4.0,1,M085,No
E01483,35,Female,HR,HR Analyst,Mumbai,Master's,Full-Time,17,153000,2017-11-13,8.8,3.0,3.0,Yes,175,11.0,7,M039,No
E01484,31,Male,IT,IT Support,Mumbai,Bachelor's,Full-Time,8,113000,2022-11-14,3.8,3.0,3.0,No,181,5.0,3,M050,Yes
E01485,32,Male,Sales,Account Manager,Chennai,Bachelor's,Full-Time,10,109000,2021-09-01,5.0,3.0,3.0,No,133,6.0,4,M008,Yes
E01486,43,Female,Finance,Audit Associate,Lucknow,Bachelor's,Full-Time,25,188000,2013-10-08,12.9,3.0,4.0,No,170,16.0,2,M092,No
E01487,44,Male,Finance,Audit Associate,Bangalore,PhD,Full-Time,22,196000,2012-01-26,14.6,5.0,3.0,Yes,165,7.0,2,M082,No
E01488,36,Female,Operations,Operations Analyst,Delhi,Bachelor's,Full-Time,17,128000,2012-05-14,14.3,4.0,3.0,No,185,10.0,7,M083,Yes
E01489,25,Female,Finance,Financial Analyst,Delhi,Bachelor's,Full-Time,1,63000,2026-01-25,0.6,3.0,4.0,Yes,175,6.0,1,M019,No
E01490,38,Male,Finance,Finance Manager,Noida,Master's,Full-Time,15,138000,2014-03-03,12.5,3.0,4.0,No,177,5.0,0,M038,Yes
E01491,45,Male,Sales,Account Manager,Bangalore,Master's,Contract,27,172000,2014-01-25,12.6,4.0,5.0,No,159,4.0,4,M044,No
E01492,44,Male,Finance,Audit Associate,Mumbai,Bachelor's,Full-Time,20,138000,2010-04-08,16.4,5.0,4.0,Yes,168,8.0,3,M026,No
E01493,39,Male,Sales,Sales Manager,Chennai,Bachelor's,Full-Time,17,129000,2017-10-08,8.9,4.0,4.0,Yes,185,6.0,5,M070,No
E01494,44,Male,IT,BI Analyst,Bangalore,Bachelor's,Full-Time,23,156000,2008-09-01,18.0,4.0,3.0,Yes,167,7.0,3,M110,No
E01495,34,Male,Operations,Operations Analyst,Hyderabad,PhD,Full-Time,10,119000,2021-12-20,4.7,4.0,3.0,No,171,8.0,5,M049,No
E01496,38,Male,Operations,Operations Manager,Delhi,Bachelor's,Full-Time,15,110000,2014-04-08,12.4,3.0,3.0,No,140,10.0,3,M026,No
E01497,29,Male,Operations,Operations Executive,Delhi,Bachelor's,Full-Time,7,86000,2022-12-20,3.7,4.0,3.0,No,167,8.0,5,M092,No
E01498,36,Female,Finance,Audit Associate,Delhi,Bachelor's,Full-Time,14,109000,2018-09-01,8.0,3.0,3.0,No,132,8.0,7,M108,No
E01499,43,Male,Finance,Accountant,Hyderabad,Bachelor's,Full-Time,24,174000,2011-03-03,15.5,3.0,3.0,No,159,10.0,1,M032,No
E01500,30,Female,Marketing,Digital Marketing Analyst,Bangalore,MBA,Contract,12,109000,2019-06-21,7.2,3.0,2.0,Yes,169,14.0,5,M034,Yes
E01501,28,Female,HR,HR Analyst,Hyderabad,Bachelor's,Full-Time,4,73000,2023-10-08,2.9,3.0,4.0,Yes,182,9.0,2,M045,No
E01502,35,Male,Finance,Audit Associate,Chennai,Bachelor's,Part-Time,13,75000,2015-10-08,10.9,3.0,3.0,No,150,11.0,2,M037,No
E01503,32,Female,IT,BI Analyst,Chennai,Bachelor's,Full-Time,12,121000,2018-05-15,8.3,3.0,3.0,Yes,175,6.0,2,M089,No
E01504,39,Male,Sales,Sales Manager,Bangalore,Bachelor's,Full-Time,21,152000,2011-03-03,15.5,3.0,3.0,No,194,6.0,8,M086,No
E01505,31,Female,Finance,Accountant,Bangalore,Bachelor's,Full-Time,11,114000,2021-05-15,5.3,4.0,4.0,Yes,156,14.0,4,M095,No
E01506,46,Male,Finance,Financial Analyst,Mumbai,MBA,Part-Time,25,122000,2009-03-03,17.5,5.0,4.0,No,140,10.0,2,M006,No
E01507,25,Male,Operations,Process Associate,Delhi,MBA,Part-Time,5,68000,2023-06-21,3.2,3.0,3.0,No,173,7.0,6,M031,No
E01508,43,Male,HR,HR Manager,Delhi,MBA,Full-Time,23,161000,2008-09-01,18.0,4.0,5.0,No,147,14.0,5,M065,No
E01509,29,Male,Operations,Process Associate,Pune,MBA,Full-Time,5,88000,2023-09-02,3.0,3.0,4.0,No,153,10.0,5,M104,No
E01510,21,Male,Operations,Process Associate,Bangalore,Master's,Full-Time,0,75000,2026-06-20,0.2,3.0,3.0,No,185,8.0,3,M009,No
E01511,36,Male,Marketing,Marketing Executive,Bangalore,Bachelor's,Full-Time,18,126000,2016-12-20,9.7,3.0,3.0,No,202,9.0,2,M076,No
E01512,32,Male,Operations,Operations Analyst,Delhi,MBA,Full-Time,9,90000,2021-09-01,5.0,3.0,3.0,Yes,150,9.0,5,M021,No
E01513,26,Male,Customer Support,Support Executive,Pune,MBA,Part-Time,4,52000,2024-04-08,2.4,4.0,4.0,No,155,4.0,6,M106,No
E01514,22,Male,IT,Software Engineer,Bangalore,MBA,Full-Time,0,88000,2026-06-20,0.2,3.0,5.0,Yes,160,4.0,4,M067,No
E01515,34,Male,Sales,Sales Executive,Pune,Bachelor's,Full-Time,6,81000,2023-05-15,3.3,4.0,2.0,No,158,8.0,7,M042,No
E01516,41,Male,IT,IT Support,Mumbai,Bachelor's,Full-Time,19,147000,2017-10-08,8.9,4.0,4.0,No,203,10.0,3,M046,No
E01517,38,Male,Operations,Operations Analyst,Noida,MBA,Full-Time,17,135000,2013-05-15,13.3,3.0,4.0,No,158,11.0,3,M005,No
E01518,34,Female,Customer Support,Support Executive,Noida,Master's,Full-Time,11,99000,2021-06-20,5.2,3.0,2.0,No,161,10.0,3,M037,Yes
E01519,37,Male,Sales,Account Manager,Mumbai,PhD,Full-Time,12,137000,2016-12-20,9.7,3.0,3.0,No,197,10.0,8,M077,No
E01520,34,Female,Customer Support,Team Lead,Mumbai,Bachelor's,Part-Time,10,48000,2021-09-01,5.0,3.0,2.0,No,178,7.0,4,M029,Yes
E01521,24,Male,IT,Data Analyst,Delhi,Bachelor's,Full-Time,4,86000,2024-10-08,1.9,3.0,4.0,No,186,6.0,2,M092,No
E01522,24,Female,Customer Support,Team Lead,Mumbai,Bachelor's,Full-Time,7,73000,2021-12-20,4.7,3.0,3.0,No,152,5.0,1,M049,No
E01523,33,Male,Sales,Account Manager,Pune,MBA,Full-Time,14,120000,2017-07-27,9.1,3.0,3.0,No,158,8.0,5,M025,No
E01524,33,Male,IT,Software Engineer,Chennai,Bachelor's,Full-Time,8,113000,2021-06-20,5.2,4.0,3.0,Yes,149,6.0,5,M010,No
E01525,40,Male,Finance,Finance Manager,Pune,Bachelor's,Full-Time,20,147000,2013-01-25,13.6,5.0,5.0,No,182,4.0,3,M098,No
E01526,39,Male,Sales,Account Manager,Chennai,PhD,Full-Time,15,145000,2018-03-03,8.5,5.0,4.0,No,190,11.0,6,M015,No
E01527,38,Male,Sales,Account Manager,Delhi,Bachelor's,Full-Time,15,111000,2015-12-20,10.7,4.0,4.0,Yes,157,8.0,1,M030,No
E01528,32,Male,Sales,Business Development Executive,Bangalore,MBA,Full-Time,9,105000,2020-10-08,5.9,4.0,4.0,No,161,7.0,2,M077,No
E01529,24,Other,Marketing,Digital Marketing Analyst,Chennai,Bachelor's,Full-Time,4,87000,2024-05-14,2.3,4.0,4.0,No,162,10.0,2,M101,No
E01530,37,Male,HR,HR Executive,Delhi,MBA,Full-Time,17,167000,2013-05-15,13.3,4.0,3.0,Yes,140,12.0,5,M059,No
E01531,38,Male,Sales,Account Manager,Pune,Master's,Contract,16,90000,2014-10-08,11.9,3.0,5.0,No,156,12.0,7,M113,No
E01532,21,Female,Operations,Operations Manager,Mumbai,MBA,Full-Time,0,68000,2026-06-20,0.2,3.0,2.0,No,182,9.0,9,M055,Yes
E01533,28,Male,Operations,Operations Analyst,Bangalore,MBA,Contract,7,81000,2021-03-03,5.5,4.0,2.0,No,152,6.0,3,M055,No
E01534,29,Female,Sales,Business Development Executive,Lucknow,Bachelor's,Full-Time,8,90000,2020-03-02,6.5,2.0,1.0,No,170,6.0,3,M069,Yes
E01535,35,Male,Finance,Financial Analyst,Bangalore,Bachelor's,Full-Time,16,143000,2016-01-26,10.6,3.0,1.0,Yes,144,3.0,2,M014,No
E01536,28,Female,IT,Data Engineer,Lucknow,Bachelor's,Part-Time,3,45000,2025-01-25,1.6,4.0,4.0,Yes,165,4.0,4,M074,No
E01537,34,Male,Sales,Account Manager,Lucknow,Master's,Contract,12,96000,2016-11-13,9.8,2.0,3.0,Yes,158,10.0,4,M111,No
E01538,33,Female,Operations,Operations Analyst,Chennai,MBA,Full-Time,8,99000,2022-06-20,4.2,2.0,4.0,Yes,146,16.0,7,M098,No
E01539,33,Female,Sales,Account Manager,Pune,Bachelor's,Full-Time,11,119000,2021-06-20,5.2,3.0,2.0,No,182,5.0,3,M095,No
E01540,29,Male,HR,Recruiter,Hyderabad,Master's,Full-Time,6,88000,2023-03-03,3.5,3.0,4.0,No,183,6.0,1,M056,No
E01541,30,Male,Operations,Process Associate,Noida,Bachelor's,Full-Time,8,88000,2020-10-08,5.9,2.0,3.0,Yes,151,9.0,4,M115,No
E01542,26,Male,IT,IT Support,Mumbai,MBA,Full-Time,2,101000,2025-01-25,1.6,3.0,3.0,No,164,6.0,7,M061,Yes
E01543,37,Female,HR,HR Executive,Delhi,PhD,Full-Time,11,115000,2018-11-14,7.8,4.0,4.0,No,169,4.0,2,M005,No
E01544,38,Male,Sales,Account Manager,Pune,Bachelor's,Full-Time,11,109000,2017-07-27,9.1,3.0,3.0,Yes,135,7.0,5,M006,No
E01545,29,Male,Customer Support,Team Lead,Delhi,Bachelor's,Full-Time,7,65000,2023-04-09,3.4,4.0,5.0,No,143,8.0,6,M013,No
E01546,45,Male,Finance,Audit Associate,Delhi,Bachelor's,Full-Time,22,151000,2016-04-08,10.4,4.0,5.0,No,191,13.0,3,M118,No
E01547,32,Male,Marketing,Marketing Executive,Delhi,Master's,Full-Time,8,109000,2021-03-03,5.5,3.0,3.0,Yes,149,7.0,2,M040,No
E01548,45,Male,HR,HR Executive,Hyderabad,Bachelor's,Contract,26,123000,2008-09-01,18.0,5.0,3.0,No,191,8.0,7,M059,No
E01549,30,Female,IT,Data Analyst,Noida,Bachelor's,Full-Time,6,92000,2022-10-08,3.9,3.0,3.0,No,144,7.0,2,M013,No
E01550,21,Male,Operations,Process Associate,Mumbai,Bachelor's,Contract,3,60000,2025-04-08,1.4,2.0,3.0,Yes,180,5.0,5,M046,Yes
E01551,37,Female,Customer Support,Team Lead,Lucknow,Bachelor's,Full-Time,19,127000,2016-06-20,10.2,3.0,4.0,No,162,6.0,4,M112,Yes
E01552,36,Male,Operations,Operations Analyst,Pune,Master's,Full-Time,9,112000,2021-10-08,4.9,4.0,3.0,No,165,8.0,4,M097,No
E01553,34,Male,Marketing,Digital Marketing Analyst,Chennai,Master's,Full-Time,12,124000,2019-09-02,7.0,3.0,3.0,Yes,201,6.0,6,M101,No
E01554,30,Male,Customer Support,Customer Success Associate,Hyderabad,Bachelor's,Full-Time,7,85000,2023-05-15,3.3,4.0,2.0,No,145,9.0,7,M023,Yes
E01555,34,Male,Sales,Account Manager,Chennai,MBA,Full-Time,5,106000,2022-07-27,4.1,3.0,4.0,Yes,179,7.0,1,M021,No
E01556,30,Female,Sales,Business Development Executive,Bangalore,Master's,Full-Time,4,91000,2024-01-26,2.6,3.0,3.0,No,178,9.0,3,M072,No
E01557,32,Female,Operations,Operations Manager,Chennai,Bachelor's,Part-Time,12,81000,2018-01-25,8.6,4.0,5.0,Yes,228,16.0,3,M034,No
E01558,40,Male,Finance,Finance Manager,Bangalore,Bachelor's,Full-Time,23,173000,2015-09-02,11.0,3.0,2.0,No,149,10.0,2,M053,No
E01559,35,Male,Marketing,Brand Executive,Noida,MBA,Full-Time,15,133000,2019-07-27,7.1,3.0,4.0,No,157,11.0,4,M095,No
E01560,38,Male,Customer Support,Team Lead,Lucknow,PhD,Part-Time,17,99000,2015-01-26,11.6,4.0,2.0,No,183,2.0,5,M031,No
E01561,32,Female,Sales,Sales Manager,Mumbai,Bachelor's,Full-Time,10,106000,2018-09-01,8.0,3.0,2.0,Yes,164,6.0,5,M084,Yes
E01562,32,Female,Sales,Business Development Executive,Mumbai,Bachelor's,Full-Time,14,117000,2017-05-15,9.3,4.0,2.0,No,160,8.0,2,M099,Yes
E01563,26,Female,Marketing,Marketing Executive,Chennai,Bachelor's,Part-Time,9,65000,2019-06-21,7.2,2.0,3.0,Yes,185,6.0,3,M066,No
E01564,31,Male,Sales,Sales Manager,Mumbai,Master's,Full-Time,8,115000,2020-06-20,6.2,4.0,3.0,No,163,10.0,4,M088,No
E01565,21,Male,Marketing,Marketing Manager,Noida,Bachelor's,Full-Time,0,67000,2026-06-20,0.2,2.0,2.0,Yes,152,8.0,3,M075,Yes
E01566,30,Male,Finance,Financial Analyst,Bangalore,Bachelor's,Full-Time,3,97000,2025-01-25,1.6,3.0,3.0,No,181,7.0,5,M068,Yes
E01567,33,Male,Operations,Operations Analyst,Bangalore,Master's,Full-Time,14,136000,2016-09-01,10.0,3.0,4.0,Yes,175,,6,M026,No
E01568,38,Male,IT,Data Engineer,Lucknow,Master's,Full-Time,16,153000,2016-09-01,10.0,5.0,4.0,No,162,5.0,3,M014,No
E01569,32,Male,Operations,Operations Executive,Pune,Bachelor's,Full-Time,10,91000,2020-12-20,5.7,2.0,3.0,No,162,13.0,5,M110,No
E01570,36,Male,Finance,Finance Manager,Noida,Bachelor's,Full-Time,10,108000,2020-06-20,6.2,3.0,5.0,No,152,4.0,6,M106,No
E01571,21,Female,Operations,Operations Analyst,Mumbai,Master's,Full-Time,0,68000,2026-06-20,0.2,2.0,3.0,No,181,11.0,4,M084,No
E01572,34,Female,IT,Data Analyst,Pune,Bachelor's,Full-Time,11,124000,2017-09-01,9.0,5.0,5.0,No,162,12.0,5,M100,No
E01573,22,Male,Operations,Process Associate,Hyderabad,Bachelor's,Full-Time,1,68000,2026-03-03,0.5,3.0,3.0,No,154,14.0,5,M025,No
E01574,26,Male,Marketing,Brand Executive,Hyderabad,MBA,Full-Time,3,89000,2024-12-20,1.7,3.0,2.0,No,145,13.0,4,M103,No
E01575,33,Male,Sales,Sales Executive,Pune,Bachelor's,Full-Time,8,97000,2021-05-15,5.3,4.0,4.0,No,175,11.0,4,M074,Yes
E01576,43,Female,IT,Software Engineer,Hyderabad,Master's,Full-Time,19,167000,2012-10-08,13.9,4.0,3.0,No,159,4.0,4,M099,No
E01577,37,Female,IT,BI Analyst,Delhi,MBA,Full-Time,18,152000,2014-01-25,12.6,4.0,4.0,No,132,6.0,8,M064,No
E01578,34,Female,Operations,Operations Analyst,Mumbai,Bachelor's,Contract,13,103000,2015-12-20,10.7,4.0,4.0,No,146,10.0,5,M069,No
E01579,34,Female,Operations,Operations Analyst,Chennai,Bachelor's,Full-Time,14,98000,2015-11-14,10.8,4.0,2.0,Yes,164,11.0,4,M068,Yes
E01580,29,Male,HR,HR Analyst,Mumbai,Master's,Full-Time,5,103000,2023-04-09,3.4,3.0,,No,164,4.0,1,M113,No
E01581,30,Male,Sales,Business Development Executive,Pune,MBA,Full-Time,1,78000,2026-03-03,0.5,3.0,4.0,No,164,4.0,4,M020,Yes
E01582,37,Male,Finance,Accountant,Mumbai,MBA,Full-Time,14,148000,2017-11-13,8.8,4.0,3.0,No,161,5.0,5,M087,No
E01583,24,Male,Operations,Operations Executive,Pune,Master's,Part-Time,0,45000,2026-06-20,0.2,3.0,3.0,No,141,7.0,3,M043,No
E01584,38,Female,Finance,Audit Associate,Chennai,Bachelor's,Full-Time,17,143000,2013-05-15,13.3,4.0,4.0,No,152,7.0,9,M005,No
E01585,31,Male,Customer Support,Customer Success Associate,Mumbai,Master's,Full-Time,17,137000,2012-06-20,14.2,3.0,3.0,No,189,8.0,8,M093,No
E01586,40,Male,IT,Data Analyst,Bangalore,Bachelor's,Full-Time,20,163000,2012-11-13,13.8,5.0,4.0,No,187,6.0,2,M108,No
E01587,41,Male,Operations,Operations Analyst,Bangalore,Bachelor's,Full-Time,26,164000,2009-06-20,17.2,4.0,4.0,Yes,178,9.0,5,M093,No
E01588,22,Female,Finance,Audit Associate,Hyderabad,Bachelor's,Full-Time,1,82000,2026-03-03,0.5,4.0,4.0,Yes,177,10.0,5,M110,No
E01589,30,Male,Finance,Finance Manager,Noida,Bachelor's,Full-Time,6,83000,2023-10-08,2.9,3.0,3.0,No,184,6.0,2,M032,No
E01590,28,Female,Operations,Operations Manager,Bangalore,MBA,Full-Time,7,99000,2023-01-26,3.6,2.0,3.0,No,148,14.0,7,M086,No
E01591,21,Male,Operations,Process Associate,Chennai,Bachelor's,Full-Time,3,78000,2025-04-08,1.4,4.0,5.0,No,169,8.0,6,M045,No
E01592,27,Male,Customer Support,Customer Success Associate,Delhi,Bachelor's,Part-Time,10,67000,2020-07-26,6.1,4.0,3.0,Yes,148,6.0,4,M043,Yes
E01593,51,Male,IT,Data Engineer,Delhi,Bachelor's,Full-Time,28,194000,2010-04-08,16.4,5.0,5.0,Yes,148,6.0,7,M118,No
E01594,38,Female,IT,IT Support,Lucknow,MBA,Full-Time,17,152000,2014-09-01,12.0,4.0,4.0,No,175,9.0,1,M108,No
E01595,47,Male,Operations,Operations Manager,Delhi,Master's,Part-Time,21,104000,2012-10-08,13.9,4.0,4.0,No,185,12.0,2,M071,No
E01596,40,Female,HR,HR Manager,Delhi,Bachelor's,Full-Time,20,138000,2012-11-13,13.8,3.0,3.0,Yes,165,12.0,4,M097,Yes
E01597,29,Male,Sales,Account Manager,Bangalore,Bachelor's,Full-Time,11,124000,2019-09-02,7.0,3.0,3.0,No,198,7.0,1,M022,No
E01598,31,Male,IT,IT Support,Bangalore,Bachelor's,Full-Time,9,109000,2021-09-01,5.0,2.0,3.0,Yes,172,4.0,6,M041,No
E01599,38,Female,IT,Data Engineer,Mumbai,MBA,Full-Time,14,129000,2015-01-26,11.6,3.0,4.0,Yes,154,8.0,4,M058,No
E01600,37,Male,Customer Support,Team Lead,Bangalore,,Full-Time,16,117000,2018-11-14,7.8,4.0,4.0,Yes,148,9.0,2,M059,Yes
E01601,30,Male,Sales,Business Development Executive,Pune,Master's,Full-Time,9,109000,2019-04-09,7.4,3.0,4.0,No,186,8.0,1,M028,No
E01602,23,Female,Sales,Sales Executive,Delhi,Master's,Full-Time,1,76000,2026-01-25,0.6,4.0,3.0,No,170,11.0,3,M085,No
E01603,57,Male,Sales,Business Development Executive,Hyderabad,Bachelor's,Contract,35,181000,2008-09-01,18.0,4.0,5.0,Yes,180,7.0,5,M055,No
E01604,33,Female,Sales,Sales Manager,Bangalore,MBA,Full-Time,11,111000,2021-04-08,5.4,4.0,4.0,Yes,120,16.0,2,M051,No
E01605,32,Male,IT,Data Engineer,Mumbai,Master's,Full-Time,12,132000,2020-12-20,5.7,4.0,4.0,No,172,8.0,5,M036,Yes
E01606,35,Male,HR,HR Analyst,Pune,Bachelor's,Full-Time,15,113000,2017-05-15,9.3,4.0,4.0,No,159,5.0,4,M068,No
E01607,32,Male,IT,Software Engineer,Lucknow,Bachelor's,Full-Time,8,101000,2020-09-01,6.0,3.0,4.0,Yes,143,9.0,0,M043,No
E01608,35,Female,Marketing,Marketing Executive,Bangalore,Master's,Full-Time,10,129000,2021-01-25,5.6,2.0,2.0,No,167,11.0,8,M006,No
E01609,43,Male,Sales,Account Manager,Noida,MBA,Full-Time,20,148000,2013-03-03,13.5,4.0,2.0,Yes,188,10.0,7,M083,No
E01610,33,Female,HR,Recruiter,Hyderabad,Bachelor's,Full-Time,13,120000,2019-05-15,7.3,3.0,3.0,Yes,209,9.0,2,M051,No
E01611,26,Female,Customer Support,Team Lead,Hyderabad,MBA,Contract,4,67000,2024-04-08,2.4,2.0,4.0,No,172,6.0,6,M053,No
E01612,33,Male,Operations,Operations Executive,Hyderabad,MBA,Full-Time,9,108000,2019-05-15,7.3,3.0,5.0,No,155,8.0,2,M011,No
E01613,31,Male,HR,HR Manager,Bangalore,Bachelor's,Full-Time,10,107000,2018-10-08,7.9,4.0,4.0,No,154,11.0,4,M050,No
E01614,44,Male,Sales,Account Manager,Bangalore,Bachelor's,Contract,21,107000,2012-11-13,13.8,3.0,3.0,No,185,6.0,3,M017,No
E01615,42,Male,Sales,Business Development Executive,Hyderabad,Bachelor's,Full-Time,22,169000,2014-09-01,12.0,4.0,4.0,No,150,9.0,3,M046,No
E01616,35,Male,Operations,Operations Manager,Delhi,Master's,Full-Time,14,143000,2019-04-09,7.4,4.0,3.0,No,179,6.0,3,M082,No
E01617,25,Male,Customer Support,Customer Success Associate,Noida,Bachelor's,Full-Time,2,61000,2024-12-20,1.7,3.0,4.0,Yes,173,6.0,3,M046,No
E01618,25,Other,Operations,Operations Manager,Delhi,Bachelor's,Full-Time,4,97000,2024-07-26,2.1,4.0,4.0,Yes,171,10.0,2,M077,Yes
E01619,34,Female,HR,HR Executive,Bangalore,Bachelor's,Contract,15,92000,2015-01-26,11.6,5.0,5.0,No,140,8.0,2,M041,No
E01620,36,Female,Operations,Process Associate,Pune,Master's,Full-Time,13,125000,2018-11-14,7.8,3.0,4.0,No,162,6.0,2,M051,No
E01621,31,Female,Finance,Accountant,Mumbai,Bachelor's,Full-Time,10,123000,2018-04-08,8.4,3.0,4.0,No,142,6.0,7,M011,No
E01622,31,Male,IT,Data Analyst,Hyderabad,Bachelor's,Full-Time,9,106000,2021-04-08,5.4,4.0,3.0,No,157,8.0,4,M051,No
E01623,30,Female,HR,HR Analyst,Pune,Bachelor's,Full-Time,9,85000,2021-05-15,5.3,4.0,5.0,No,185,5.0,6,M027,No
E01624,34,Female,Customer Support,Team Lead,Noida,Master's,Full-Time,10,88000,2019-09-02,7.0,3.0,4.0,No,190,11.0,1,M049,No
E01625,21,Male,IT,IT Support,Chennai,MBA,Full-Time,0,103000,2026-06-20,0.2,3.0,3.0,No,172,11.0,2,M016,No
E01626,26,Female,Operations,Operations Manager,Pune,Bachelor's,Full-Time,7,83000,2020-10-08,5.9,2.0,2.0,No,158,3.0,6,M050,Yes
E01627,30,Male,Sales,Sales Manager,Pune,MBA,Full-Time,6,98000,2022-04-08,4.4,3.0,3.0,No,197,6.0,3,M015,Yes
E01628,42,Male,HR,HR Analyst,Lucknow,Master's,Full-Time,17,130000,2013-11-13,12.8,3.0,3.0,No,157,8.0,3,M054,No
E01629,28,Female,IT,Data Analyst,Mumbai,Master's,Full-Time,3,102000,2024-09-01,2.0,3.0,2.0,Yes,148,6.0,5,M014,No
E01630,35,Female,Finance,Financial Analyst,Bangalore,Master's,Full-Time,10,112000,2019-03-03,7.5,3.0,3.0,No,181,13.0,3,M079,Yes
E01631,36,Male,Operations,Process Associate,Mumbai,Bachelor's,Contract,15,90000,2014-10-08,11.9,3.0,3.0,No,176,7.0,8,M082,No
E01632,43,Female,Sales,Sales Executive,Mumbai,Bachelor's,Contract,17,107000,2015-09-02,11.0,4.0,4.0,Yes,158,5.0,6,M076,No
E01633,43,Male,Operations,Operations Analyst,Pune,Master's,Full-Time,20,141000,2012-09-01,14.0,3.0,2.0,Yes,170,10.0,2,M026,Yes
E01634,34,Male,Marketing,Brand Executive,Pune,Master's,Part-Time,14,79000,2017-05-15,9.3,5.0,4.0,Yes,176,14.0,4,M106,No
E01635,31,Female,Customer Support,Support Executive,Hyderabad,Master's,Full-Time,10,116000,2019-12-20,6.7,4.0,3.0,No,172,5.0,0,M040,No
E01636,29,Male,Sales,Business Development Executive,Bangalore,Bachelor's,Full-Time,6,91000,2021-11-13,4.8,4.0,4.0,No,176,2.0,2,M118,No
E01637,32,Female,Finance,Finance Manager,Pune,MBA,Full-Time,10,123000,2020-10-08,5.9,4.0,5.0,Yes,159,6.0,5,M018,No
E01638,31,Male,IT,Data Engineer,Mumbai,Master's,Full-Time,9,121000,2021-11-13,4.8,3.0,5.0,No,177,6.0,5,M026,No
E01639,38,Male,Customer Support,Support Analyst,Pune,Bachelor's,Full-Time,15,111000,2017-03-03,9.5,5.0,5.0,No,168,9.0,3,M118,No
E01640,37,Female,Customer Support,Support Executive,Hyderabad,Bachelor's,Full-Time,14,129000,2019-03-03,7.5,3.0,2.0,Yes,160,12.0,3,M110,No
E01641,38,Male,HR,HR Manager,Delhi,MBA,Contract,22,121000,2012-05-14,14.3,3.0,3.0,No,164,11.0,6,M018,Yes
E01642,43,Male,Marketing,Marketing Executive,Bangalore,MBA,Full-Time,23,173000,2008-09-01,18.0,4.0,4.0,No,166,10.0,6,M001,No
E01643,47,Female,HR,HR Executive,Bangalore,Bachelor's,Full-Time,31,191000,2008-09-01,18.0,5.0,5.0,No,142,6.0,2,M016,No
E01644,35,Male,Operations,Operations Executive,Noida,MBA,Full-Time,12,129000,2017-03-03,9.5,3.0,4.0,Yes,157,12.0,2,M101,Yes
E01645,42,Female,IT,Data Analyst,Noida,Bachelor's,Full-Time,20,166000,2016-05-14,10.3,4.0,4.0,Yes,169,8.0,5,M021,No
E01646,32,Male,Operations,Operations Executive,Pune,Bachelor's,Full-Time,7,87000,2020-12-20,5.7,2.0,2.0,Yes,144,8.0,6,M072,No
E01647,42,Male,IT,Data Engineer,Bangalore,MBA,Full-Time,18,162000,2014-04-08,12.4,4.0,5.0,No,157,10.0,8,M116,No
E01648,41,Male,Marketing,Brand Executive,Delhi,MBA,Full-Time,24,179000,2015-07-27,11.1,3.0,3.0,No,211,8.0,1,M066,No
E01649,41,Male,Marketing,Marketing Manager,Pune,Master's,Full-Time,18,127000,2013-12-20,12.7,3.0,2.0,Yes,148,6.0,3,M119,No
E01650,35,Male,Operations,Process Associate,Chennai,MBA,Full-Time,18,131000,2011-09-02,15.0,5.0,5.0,No,161,6.0,4,M083,No
E01651,29,Male,IT,IT Support,Bangalore,Bachelor's,Full-Time,4,83000,2024-10-08,1.9,4.0,2.0,No,153,7.0,6,M093,No
E01652,24,Male,Sales,Sales Executive,Bangalore,MBA,Full-Time,0,69000,2026-06-20,0.2,3.0,1.0,No,166,4.0,5,M094,No
E01653,34,Male,Sales,Sales Manager,Pune,Bachelor's,Full-Time,11,97000,2017-09-01,9.0,4.0,4.0,Yes,153,4.0,6,M003,Yes
E01654,45,Male,Finance,Audit Associate,Delhi,Bachelor's,Full-Time,23,171000,2016-04-08,10.4,4.0,4.0,No,164,12.0,5,M008,No
E01655,32,Male,IT,IT Support,Mumbai,Bachelor's,Part-Time,12,76000,2018-04-08,8.4,3.0,4.0,No,155,9.0,4,M099,No
E01656,39,Male,Customer Support,Customer Success Associate,Bangalore,Bachelor's,Full-Time,18,126000,2015-03-03,11.5,4.0,2.0,No,187,11.0,6,M018,No
E01657,40,Female,HR,HR Analyst,Hyderabad,Bachelor's,Contract,17,91000,2016-09-01,10.0,3.0,3.0,No,169,9.0,3,M090,No
E01658,32,Male,Sales,Account Manager,Noida,Bachelor's,Contract,10,81000,2019-09-02,7.0,4.0,3.0,No,150,7.0,6,M025,No
E01659,43,Female,Finance,Financial Analyst,Lucknow,Bachelor's,Full-Time,20,128000,2017-04-08,9.4,4.0,3.0,No,183,6.0,5,M072,No
E01660,21,Male,Finance,Audit Associate,Hyderabad,Bachelor's,Full-Time,0,67000,2026-06-20,0.2,2.0,4.0,No,151,9.0,7,M018,No
E01661,25,Female,Operations,Operations Executive,Hyderabad,Master's,Part-Time,1,45000,2026-03-03,0.5,,3.0,No,140,7.0,5,M024,No
E01662,28,Female,HR,HR Analyst,Bangalore,Bachelor's,Contract,9,78000,2021-06-20,5.2,4.0,4.0,Yes,168,5.0,3,M069,No
E01663,28,Female,Customer Support,Support Executive,Hyderabad,Bachelor's,Full-Time,1,42000,2025-12-20,0.7,3.0,4.0,Yes,202,7.0,1,M026,No
E01664,36,Male,Finance,Financial Analyst,Delhi,Master's,Full-Time,18,155000,2015-11-14,10.8,3.0,4.0,No,135,9.0,2,M074,No
E01665,36,Female,Customer Support,Team Lead,Hyderabad,MBA,Full-Time,13,109000,2019-04-09,7.4,4.0,5.0,No,144,7.0,3,M011,No
E01666,37,Female,Marketing,Brand Executive,Delhi,MBA,Full-Time,13,122000,2016-06-20,10.2,4.0,4.0,No,182,4.0,3,M004,Yes
E01667,38,Female,Sales,Sales Executive,Mumbai,Bachelor's,Full-Time,18,144000,2011-11-14,14.8,4.0,4.0,No,156,5.0,5,M010,No
E01668,27,Male,Customer Support,Customer Success Associate,Bangalore,Master's,Full-Time,9,117000,2019-06-21,7.2,5.0,4.0,No,179,11.0,6,M101,No
E01669,25,Male,IT,Data Engineer,Mumbai,Bachelor's,Full-Time,6,98000,2022-09-01,4.0,3.0,4.0,No,153,4.0,5,M012,No
E01670,37,Male,Marketing,Marketing Manager,Bangalore,Bachelor's,Full-Time,16,123000,2013-10-08,12.9,3.0,3.0,No,171,6.0,3,M074,Yes
E01671,30,Male,Finance,Financial Analyst,Bangalore,Bachelor's,Full-Time,11,116000,2017-09-01,9.0,4.0,2.0,No,199,6.0,1,M012,No
E01672,23,Female,Customer Support,Customer Success Associate,Lucknow,MBA,Full-Time,0,72000,2026-06-20,0.2,2.0,4.0,No,146,5.0,5,M005,No
E01673,41,Male,Marketing,Marketing Executive,Delhi,Bachelor's,Full-Time,18,144000,2016-07-26,10.1,4.0,5.0,No,186,9.0,2,M107,No
E01674,44,Male,Marketing,Marketing Manager,Hyderabad,Bachelor's,Contract,20,139000,2016-11-13,9.8,3.0,3.0,No,180,8.0,7,M091,Yes
E01675,45,Male,Marketing,Marketing Manager,Noida,Bachelor's,Full-Time,26,166000,2009-12-20,16.7,5.0,4.0,Yes,141,8.0,2,M097,Yes
E01676,35,Male,Sales,Business Development Executive,Lucknow,MBA,Full-Time,12,127000,2016-10-08,9.9,3.0,2.0,No,178,4.0,6,M096,Yes
E01677,38,Male,IT,BI Analyst,Hyderabad,Master's,Full-Time,18,171000,2014-07-27,12.1,4.0,4.0,Yes,169,4.0,4,M005,No
E01678,44,Female,Finance,Accountant,Chennai,Bachelor's,Full-Time,23,178000,2010-03-03,16.5,5.0,3.0,No,170,10.0,2,M023,No
E01679,30,Male,IT,Data Engineer,Mumbai,Master's,Full-Time,6,89000,2023-09-02,3.0,3.0,2.0,No,174,4.0,3,M056,No
E01680,42,Male,Operations,Operations Executive,Mumbai,Master's,Full-Time,19,147000,2017-01-25,9.6,3.0,3.0,No,162,6.0,6,M088,No
E01681,36,Male,Sales,Account Manager,Delhi,Master's,Full-Time,17,156000,2015-11-14,10.8,3.0,3.0,No,169,8.0,5,M046,No
E01682,40,Male,Customer Support,Customer Success Associate,Pune,Bachelor's,Full-Time,16,145000,2013-05-15,13.3,3.0,4.0,No,172,10.0,5,M002,No
E01683,35,Male,Operations,Operations Executive,Pune,MBA,Full-Time,13,131000,2018-12-20,7.7,2.0,3.0,No,181,12.0,3,M094,No
E01684,43,Female,Marketing,Marketing Executive,Mumbai,Bachelor's,Full-Time,19,139000,2011-06-21,15.2,5.0,4.0,Yes,141,6.0,3,M074,Yes
E01685,36,Female,IT,Data Engineer,Bangalore,Master's,Contract,13,97000,2020-03-02,6.5,4.0,2.0,No,191,6.0,7,M001,No
E01686,24,Female,Marketing,Brand Executive,Pune,Bachelor's,Full-Time,2,91000,2025-04-08,1.4,2.0,2.0,No,147,7.0,6,M013,No
E01687,44,Female,Customer Support,Support Analyst,Bangalore,Bachelor's,Full-Time,20,143000,2012-11-13,13.8,5.0,3.0,No,182,10.0,6,M060,No
E01688,27,Male,Finance,Accountant,Hyderabad,Bachelor's,Full-Time,3,73000,2024-04-08,2.4,2.0,2.0,No,169,9.0,2,M036,No
E01689,43,Female,Operations,Operations Analyst,Pune,Master's,Full-Time,22,158000,2016-10-08,9.9,4.0,3.0,No,145,6.0,4,M062,No
E01690,33,Female,Operations,Operations Manager,Pune,Bachelor's,Full-Time,9,99000,2021-12-20,4.7,3.0,2.0,No,178,14.0,9,M063,No
E01691,42,Female,IT,Software Engineer,Chennai,MBA,Full-Time,18,164000,2016-12-20,9.7,2.0,3.0,No,151,11.0,2,M067,No
E01692,42,Male,HR,HR Executive,Noida,Bachelor's,Full-Time,18,128000,2011-10-08,14.9,3.0,3.0,No,187,9.0,6,M108,No
E01693,37,Female,Finance,Accountant,Hyderabad,Master's,Full-Time,15,134000,2018-12-20,7.7,3.0,2.0,No,155,7.0,7,M108,No
E01694,38,Female,IT,Software Engineer,Chennai,MBA,Contract,18,110000,2018-04-08,8.4,4.0,4.0,Yes,141,7.0,4,M016,No
E01695,37,Female,Finance,Finance Manager,Pune,Master's,Full-Time,19,166000,2014-01-25,12.6,4.0,2.0,No,196,6.0,1,M078,Yes
E01696,21,Male,IT,Data Engineer,Bangalore,Master's,Full-Time,0,78000,2026-06-20,0.2,3.0,2.0,Yes,171,16.0,1,M040,No
E01697,35,Female,IT,Data Analyst,Bangalore,Master's,Full-Time,18,161000,2012-06-20,14.2,2.0,3.0,No,184,7.0,8,M118,No
E01698,26,Female,IT,Software Engineer,Mumbai,Bachelor's,Contract,1,72000,2025-11-13,0.8,4.0,4.0,No,153,12.0,2,M109,No
E01699,35,Female,Customer Support,Customer Success Associate,Delhi,MBA,Contract,16,104000,2016-01-26,10.6,4.0,4.0,No,134,7.0,1,M048,Yes
E01700,26,Male,HR,HR Analyst,Pune,Bachelor's,Full-Time,2,67000,2025-01-25,1.6,3.0,5.0,No,198,10.0,3,M111,No
E01701,26,Female,Customer Support,Customer Success Associate,Noida,Master's,Full-Time,2,71000,2025-03-03,1.5,4.0,3.0,No,168,4.0,4,M046,No
E01702,45,Male,Finance,Finance Manager,Bangalore,Master's,Full-Time,21,166000,2014-12-20,11.7,5.0,4.0,No,177,10.0,2,M005,No
E01703,41,Male,Sales,Sales Manager,Bangalore,Bachelor's,Full-Time,19,153000,2011-01-26,15.6,5.0,3.0,No,180,7.0,2,M025,Yes
E01704,34,Male,HR,HR Executive,Lucknow,Bachelor's,Full-Time,13,117000,2017-05-15,9.3,3.0,2.0,No,162,4.0,4,M038,No
E01705,35,Female,Finance,Finance Manager,Bangalore,Bachelor's,Full-Time,15,126000,2017-06-20,9.2,3.0,3.0,No,172,7.0,4,M054,No
E01706,32,Male,IT,Software Engineer,Delhi,MBA,Full-Time,8,127000,2020-11-13,5.8,4.0,3.0,No,197,9.0,5,M093,No
E01707,38,Male,Operations,Operations Manager,Hyderabad,MBA,Contract,14,112000,2018-03-03,8.5,3.0,4.0,No,167,7.0,4,M081,No
E01708,29,Female,Sales,Sales Executive,Hyderabad,Master's,Contract,5,60000,2024-03-02,2.5,5.0,3.0,No,185,11.0,2,M073,No
E01709,41,Female,Operations,Operations Executive,Bangalore,Master's,Full-Time,19,161000,2012-09-01,14.0,4.0,4.0,Yes,132,7.0,1,M082,No
E01710,32,Male,Operations,Process Associate,Bangalore,MBA,Full-Time,9,111000,2019-09-02,7.0,3.0,2.0,No,188,6.0,5,M076,No
E01711,31,Female,IT,BI Analyst,Bangalore,Bachelor's,Part-Time,7,65000,2021-06-20,5.2,2.0,2.0,Yes,141,12.0,1,M045,Yes
E01712,34,Female,IT,Data Analyst,Hyderabad,Bachelor's,Full-Time,13,136000,2019-09-02,7.0,3.0,4.0,No,186,7.0,3,M113,No
E01713,30,Male,Marketing,Digital Marketing Analyst,Hyderabad,Master's,Full-Time,14,126000,2014-12-20,11.7,4.0,3.0,No,175,8.0,7,M039,No
E01714,36,Male,Finance,Audit Associate,Mumbai,MBA,Full-Time,13,143000,2020-09-01,6.0,4.0,3.0,No,166,7.0,3,M028,No
E01715,30,Male,IT,Data Analyst,Pune,MBA,Full-Time,7,110000,2022-07-27,4.1,2.0,2.0,No,166,8.0,6,M053,No
E01716,37,Male,Customer Support,Team Lead,Chennai,Bachelor's,Full-Time,16,106000,2017-10-08,8.9,3.0,5.0,No,163,10.0,0,M054,No
E01717,43,Male,IT,IT Support,Bangalore,Bachelor's,Full-Time,20,147000,2017-04-08,9.4,3.0,3.0,No,153,6.0,4,M096,Yes
E01718,29,Female,Operations,Process Associate,Hyderabad,Bachelor's,Full-Time,9,101000,2021-03-03,5.5,4.0,4.0,No,164,9.0,4,M020,No
E01719,33,Female,Customer Support,Team Lead,Pune,Bachelor's,Full-Time,9,81000,2020-05-14,6.3,3.0,3.0,Yes,208,2.0,7,M104,No
E01720,37,Male,Sales,Sales Manager,Mumbai,Bachelor's,Full-Time,20,160000,2010-07-27,16.1,4.0,4.0,No,191,8.0,5,M055,No
E01721,31,Male,IT,IT Support,Mumbai,MBA,Full-Time,10,137000,2018-03-03,8.5,2.0,2.0,No,152,5.0,5,M065,No
E01722,37,Male,IT,Data Analyst,Pune,Bachelor's,Part-Time,13,90000,2016-07-26,10.1,3.0,3.0,Yes,173,12.0,4,M076,Yes
E01723,38,Male,Sales,Account Manager,Noida,MBA,Full-Time,15,138000,2017-01-25,9.6,3.0,4.0,Yes,170,7.0,1,M022,No
E01724,42,Male,IT,IT Support,Chennai,Bachelor's,Full-Time,19,154000,2012-07-26,14.1,4.0,3.0,No,165,8.0,7,M051,No
E01725,30,Female,Operations,Operations Executive,Hyderabad,Master's,Full-Time,11,102000,2017-12-20,8.7,4.0,5.0,No,150,9.0,4,M072,No
E01726,27,Female,IT,Software Engineer,Chennai,Bachelor's,Full-Time,2,89000,2025-05-15,1.3,4.0,5.0,No,176,10.0,3,M012,Yes
E01727,32,Male,HR,HR Analyst,Delhi,Bachelor's,Full-Time,8,97000,2020-07-26,6.1,3.0,4.0,No,183,7.0,10,M102,No
E01728,27,Female,Customer Support,Support Analyst,Pune,Bachelor's,Full-Time,4,74000,2024-01-26,2.6,2.0,3.0,No,153,7.0,8,M059,No
E01729,38,Male,Marketing,Brand Executive,Delhi,PhD,Full-Time,16,163000,2016-12-20,9.7,4.0,1.0,Yes,203,11.0,5,M054,Yes
E01730,26,Female,Operations,Operations Executive,Bangalore,MBA,Full-Time,3,77000,2024-09-01,2.0,2.0,3.0,Yes,195,12.0,4,M053,No
E01731,50,Male,Sales,Sales Manager,Pune,Bachelor's,Full-Time,24,162000,2009-05-15,17.3,3.0,3.0,No,178,10.0,1,M088,No
E01732,43,Male,Operations,Operations Executive,Hyderabad,Bachelor's,Full-Time,20,145000,2011-11-14,14.8,4.0,3.0,No,146,8.0,2,M038,No
E01733,34,Female,HR,HR Analyst,Delhi,MBA,Full-Time,12,114000,2019-07-27,7.1,4.0,2.0,No,175,13.0,2,M103,No
E01734,40,Male,Finance,Finance Manager,Noida,Bachelor's,Full-Time,16,134000,2015-10-08,10.9,3.0,4.0,Yes,173,3.0,2,M105,No
E01735,23,Female,IT,BI Analyst,Bangalore,Bachelor's,Full-Time,3,89000,2024-04-08,2.4,3.0,2.0,Yes,177,10.0,2,M092,No
E01736,52,Male,Customer Support,Support Executive,Mumbai,Master's,Full-Time,32,192000,2008-09-01,18.0,4.0,4.0,Yes,197,6.0,6,M012,No
E01737,30,Male,Finance,Accountant,Bangalore,MBA,Full-Time,8,125000,2022-05-15,4.3,4.0,4.0,No,165,9.0,8,M095,No
E01738,33,Male,Sales,Sales Executive,Chennai,Bachelor's,Full-Time,12,99000,2020-05-14,6.3,3.0,3.0,No,205,3.0,3,M102,No
E01739,21,Male,Finance,Audit Associate,Pune,Bachelor's,Full-Time,0,78000,2026-06-20,0.2,2.0,4.0,Yes,175,8.0,3,M102,No
E01740,37,Female,Finance,Audit Associate,Delhi,MBA,Full-Time,14,145000,2018-01-25,8.6,3.0,,Yes,163,8.0,2,M092,No
E01741,26,Male,Marketing,Marketing Executive,Pune,Bachelor's,Full-Time,7,87000,2023-06-21,3.2,3.0,4.0,Yes,211,10.0,3,M073,No
E01742,35,Female,Operations,Operations Executive,Delhi,Bachelor's,Full-Time,12,100000,2019-07-27,7.1,4.0,2.0,No,183,4.0,3,M086,No
E01743,30,Female,Operations,Operations Analyst,Chennai,Master's,Full-Time,6,73000,2022-01-25,4.6,3.0,4.0,No,160,3.0,3,M007,No
E01744,26,Female,IT,Data Analyst,Delhi,MBA,Contract,10,91000,2018-12-20,7.7,3.0,4.0,Yes,170,4.0,7,M068,Yes
E01745,28,Male,Finance,Finance Manager,Delhi,Bachelor's,Full-Time,11,124000,2019-07-27,7.1,3.0,4.0,No,179,10.0,3,M029,Yes
E01746,36,Female,Finance,Accountant,Lucknow,PhD,Full-Time,15,148000,2017-01-25,9.6,3.0,3.0,No,165,4.0,2,M117,No
E01747,25,Male,IT,Data Analyst,Mumbai,Master's,Full-Time,6,117000,2022-07-27,4.1,4.0,2.0,No,170,6.0,1,M120,Yes
E01748,29,Male,Sales,Sales Executive,Bangalore,Bachelor's,Full-Time,1,61000,2026-03-03,0.5,2.0,2.0,No,153,6.0,5,M045,Yes
E01749,39,Male,Operations,Process Associate,Hyderabad,PhD,Full-Time,15,145000,2016-10-08,9.9,3.0,4.0,No,138,6.0,1,M010,No
E01750,52,Male,IT,Software Engineer,Lucknow,Bachelor's,Full-Time,29,187000,2013-06-20,13.2,5.0,4.0,No,170,12.0,6,M106,No
E01751,37,Male,HR,HR Manager,Delhi,Bachelor's,Full-Time,14,110000,2017-09-01,9.0,4.0,2.0,Yes,171,7.0,6,M085,No
E01752,28,Female,Sales,Sales Executive,Bangalore,Master's,Part-Time,5,56000,2023-10-08,2.9,3.0,2.0,No,177,9.0,5,M004,No
E01753,31,Male,IT,Data Analyst,Delhi,Bachelor's,Full-Time,3,79000,2024-06-20,2.2,3.0,4.0,No,158,7.0,5,M024,No
E01754,34,Male,Sales,Sales Executive,Hyderabad,Bachelor's,Full-Time,13,103000,2017-06-20,9.2,3.0,4.0,No,144,3.0,5,M085,Yes
E01755,32,Female,Customer Support,Team Lead,Bangalore,Bachelor's,Full-Time,11,97000,2020-01-26,6.6,4.0,3.0,No,151,9.0,6,M082,No
E01756,40,Male,Marketing,Brand Executive,Pune,Bachelor's,Full-Time,22,156000,2016-09-01,10.0,5.0,3.0,No,187,4.0,5,M026,No
E01757,36,Male,Customer Support,Support Executive,Lucknow,MBA,Full-Time,12,126000,2020-01-26,6.6,5.0,4.0,No,156,6.0,4,M056,No
E01758,40,Male,Finance,Audit Associate,Delhi,Master's,Full-Time,16,153000,2015-05-15,11.3,4.0,2.0,No,160,6.0,2,M072,No
E01759,32,Female,IT,Data Engineer,Delhi,PhD,Contract,3,91000,2025-04-08,1.4,3.0,3.0,No,162,11.0,1,M023,Yes
E01760,43,Male,HR,Recruiter,Delhi,Bachelor's,Full-Time,20,150000,2016-10-08,9.9,3.0,5.0,No,157,3.0,2,M111,No
E01761,33,Male,Finance,Financial Analyst,Bangalore,Bachelor's,Full-Time,13,126000,2017-06-20,9.2,2.0,1.0,No,156,10.0,6,M009,No
E01762,27,Male,Marketing,Brand Executive,Noida,Bachelor's,Full-Time,3,65000,2024-05-14,2.3,3.0,3.0,No,152,12.0,4,M025,No
E01763,49,Female,IT,Data Engineer,Delhi,Bachelor's,Full-Time,32,208000,2008-09-01,18.0,5.0,5.0,No,193,7.0,7,M100,No
E01764,21,Female,Finance,Accountant,Delhi,Bachelor's,Full-Time,0,73000,2026-06-20,0.2,4.0,4.0,No,180,11.0,7,M032,Yes
E01765,29,Female,IT,BI Analyst,Pune,MBA,Full-Time,7,127000,2020-11-13,5.8,4.0,4.0,No,190,8.0,1,M007,Yes
E01766,30,Male,Sales,Sales Manager,Delhi,MBA,Full-Time,5,101000,2022-07-27,4.1,3.0,3.0,No,194,11.0,6,M097,No
E01767,52,Male,Operations,Operations Manager,Pune,PhD,Full-Time,31,217000,2008-11-13,17.8,5.0,3.0,No,126,6.0,7,M059,Yes
E01768,47,Male,Finance,Finance Manager,Bangalore,Bachelor's,Full-Time,20,143000,2011-03-03,15.5,2.0,3.0,No,174,8.0,3,M059,No
E01769,44,Male,Finance,Accountant,Chennai,MBA,Full-Time,24,178000,2010-03-03,16.5,5.0,4.0,No,157,10.0,2,M095,No
E01770,32,Male,Finance,Accountant,Lucknow,Bachelor's,Full-Time,12,122000,2016-07-26,10.1,3.0,4.0,Yes,188,8.0,5,M062,No
E01771,51,Male,Finance,Accountant,Pune,Bachelor's,Full-Time,32,213000,2008-09-01,18.0,4.0,3.0,No,155,8.0,5,M017,No
E01772,37,Male,Marketing,Digital Marketing Analyst,Lucknow,MBA,Full-Time,12,124000,2017-07-27,9.1,3.0,3.0,Yes,149,4.0,5,M035,No
E01773,41,Female,Customer Support,Team Lead,Bangalore,Master's,Full-Time,19,140000,2012-04-08,14.4,4.0,3.0,Yes,142,5.0,5,M086,No
E01774,35,Male,Customer Support,Support Executive,Delhi,Bachelor's,Full-Time,14,117000,2017-07-27,9.1,3.0,3.0,No,163,6.0,8,M058,No
E01775,34,Female,Marketing,Digital Marketing Analyst,Hyderabad,Bachelor's,Contract,13,82000,2016-09-01,10.0,4.0,4.0,No,184,15.0,4,M029,No
E01776,32,Male,Sales,Sales Executive,Hyderabad,Bachelor's,Full-Time,8,110000,2022-04-08,4.4,3.0,4.0,Yes,173,8.0,4,M063,Yes
E01777,33,Male,Operations,Operations Manager,Delhi,Master's,Full-Time,5,80000,2024-03-02,2.5,3.0,2.0,No,146,7.0,4,M056,No
E01778,38,Male,Finance,Audit Associate,Delhi,Bachelor's,Full-Time,17,122000,2016-03-02,10.5,3.0,3.0,No,207,5.0,6,M117,No
E01779,37,Male,Sales,Business Development Executive,Bangalore,PhD,Part-Time,15,89000,2014-04-08,12.4,3.0,3.0,No,180,10.0,7,M115,No
E01780,34,Male,Marketing,Marketing Executive,Delhi,Bachelor's,Full-Time,11,124000,2019-06-21,7.2,3.0,4.0,No,182,9.0,4,M063,No
E01781,45,Male,IT,Data Analyst,Bangalore,Bachelor's,Full-Time,25,182000,2009-01-25,17.6,4.0,4.0,No,191,,7,M082,No
E01782,21,Female,Customer Support,Support Executive,Chennai,Bachelor's,Full-Time,0,59000,2026-06-20,0.2,3.0,2.0,No,138,6.0,3,M047,No
E01783,38,Female,Finance,Audit Associate,Mumbai,Bachelor's,Full-Time,13,123000,2020-03-02,6.5,2.0,3.0,No,152,7.0,3,M074,No
E01784,39,Male,Operations,Operations Analyst,Bangalore,Bachelor's,Full-Time,12,107000,2019-05-15,7.3,3.0,4.0,Yes,183,7.0,5,M015,Yes
E01785,42,Female,Operations,Process Associate,Hyderabad,Master's,Full-Time,17,124000,2014-03-03,12.5,4.0,4.0,No,153,9.0,11,M120,Yes
E01786,34,Female,Customer Support,Customer Success Associate,Hyderabad,MBA,Part-Time,18,66000,2011-07-27,15.1,3.0,3.0,Yes,163,4.0,5,M057,No
E01787,35,Female,Operations,Operations Manager,Noida,MBA,Part-Time,15,84000,2018-11-14,7.8,5.0,4.0,No,167,8.0,7,M007,No
E01788,41,Female,Operations,Operations Analyst,Hyderabad,MBA,Full-Time,19,162000,2014-12-20,11.7,5.0,3.0,Yes,145,13.0,0,M102,No
E01789,44,Male,IT,Data Engineer,Delhi,MBA,Full-Time,22,179000,2015-12-20,10.7,4.0,3.0,Yes,162,10.0,5,M078,Yes
E01790,32,Male,HR,Recruiter,Chennai,Master's,Full-Time,9,112000,2021-10-08,4.9,3.0,2.0,No,184,1.0,7,M090,No
E01791,36,Male,IT,IT Support,Hyderabad,MBA,Full-Time,17,170000,2016-06-20,10.2,4.0,5.0,No,181,6.0,3,M018,No
E01792,46,Male,Operations,Operations Executive,Bangalore,Bachelor's,Full-Time,23,158000,2011-05-15,15.3,3.0,2.0,No,188,10.0,3,M082,No
E01793,21,Male,HR,HR Analyst,Hyderabad,Bachelor's,Contract,0,46000,2026-06-20,0.2,1.0,2.0,Yes,186,4.0,5,M006,No
E01794,29,Male,Operations,Operations Analyst,Noida,Bachelor's,Full-Time,6,76000,2023-06-21,3.2,3.0,3.0,No,175,11.0,4,M109,No
E01795,44,Female,IT,BI Analyst,Delhi,Bachelor's,Full-Time,27,204000,2008-09-01,18.0,4.0,5.0,No,174,11.0,6,M043,No
E01796,42,Female,IT,Data Analyst,Mumbai,Bachelor's,Part-Time,22,107000,2008-09-01,18.0,4.0,5.0,Yes,173,11.0,4,M089,Yes
E01797,38,Female,Operations,Operations Analyst,Bangalore,PhD,Full-Time,19,147000,2015-09-02,11.0,3.0,4.0,No,157,9.0,2,M057,No
E01798,31,Female,IT,IT Support,Bangalore,Bachelor's,Full-Time,8,95000,2020-11-13,5.8,4.0,4.0,No,149,10.0,4,M041,No
E01799,28,Female,IT,BI Analyst,Delhi,Bachelor's,Full-Time,9,121000,2021-09-01,5.0,2.0,2.0,Yes,156,9.0,3,M076,No
E01800,30,Male,IT,Data Engineer,Hyderabad,Master's,Full-Time,7,101000,2020-12-20,5.7,2.0,2.0,No,162,17.0,3,M051,No
E01801,45,Male,Customer Support,Customer Success Associate,Bangalore,Bachelor's,Full-Time,23,165000,2010-03-03,16.5,4.0,3.0,No,156,9.0,3,M061,No
E01802,30,Male,Operations,Operations Manager,Lucknow,Bachelor's,Full-Time,12,84000,2017-05-15,9.3,3.0,4.0,Yes,175,13.0,3,M094,No
E01803,35,Female,Sales,Business Development Executive,Chennai,Bachelor's,Full-Time,10,117000,2021-12-20,4.7,2.0,3.0,No,172,7.0,6,M019,No
E01804,29,Male,Sales,Sales Manager,Hyderabad,Bachelor's,Contract,8,79000,2021-03-03,5.5,3.0,4.0,No,174,10.0,6,M021,No
E01805,40,Female,Sales,Sales Manager,Chennai,Bachelor's,Contract,19,112000,2014-01-25,12.6,3.0,4.0,No,174,10.0,8,M080,No
E01806,30,Male,Operations,Operations Manager,Bangalore,MBA,Full-Time,9,106000,2021-07-27,5.1,3.0,3.0,No,190,10.0,5,M035,No
E01807,33,Male,Operations,Operations Manager,Delhi,Master's,Full-Time,10,126000,2021-03-03,5.5,3.0,3.0,No,168,4.0,11,M071,No
E01808,22,Female,Sales,Sales Manager,Pune,Bachelor's,Full-Time,5,89000,2023-04-09,3.4,2.0,3.0,No,186,4.0,6,M054,Yes
E01809,23,Male,IT,BI Analyst,Chennai,Bachelor's,Full-Time,0,64000,2026-06-20,0.2,1.0,2.0,No,177,5.0,1,M106,No
E01810,34,Male,IT,BI Analyst,Chennai,Bachelor's,Full-Time,16,124000,2019-04-09,7.4,4.0,3.0,No,188,5.0,6,M083,No
E01811,25,Male,Operations,Operations Analyst,Mumbai,MBA,Contract,6,76000,2022-07-27,4.1,2.0,4.0,Yes,197,5.0,2,M102,No
E01812,49,Male,Operations,Operations Executive,Lucknow,Bachelor's,Contract,32,150000,2010-01-25,16.6,4.0,4.0,No,178,6.0,2,M026,No
E01813,21,Female,Sales,Sales Executive,Bangalore,Bachelor's,Full-Time,0,48000,2026-06-20,0.2,2.0,3.0,No,170,6.0,5,M041,No
E01814,28,Male,IT,Data Engineer,Noida,MBA,Full-Time,4,100000,2023-11-14,2.8,3.0,2.0,No,170,13.0,3,M082,Yes
E01815,34,Male,IT,IT Support,Lucknow,Bachelor's,Full-Time,16,134000,2017-06-20,9.2,4.0,4.0,No,160,7.0,2,M012,No
E01816,31,Male,Customer Support,Team Lead,Bangalore,Bachelor's,Full-Time,4,69000,2024-03-02,2.5,3.0,2.0,No,159,11.0,5,M005,Yes
E01817,26,Female,Sales,Business Development Executive,Pune,Bachelor's,Full-Time,0,69000,2026-06-20,0.2,2.0,3.0,No,184,9.0,9,M026,No
E01818,27,Male,Operations,Operations Manager,Bangalore,MBA,Full-Time,4,100000,2023-11-14,2.8,4.0,4.0,No,151,9.0,4,M005,No
E01819,27,Female,Operations,Operations Executive,Delhi,MBA,Full-Time,5,99000,2023-06-21,3.2,2.0,2.0,No,197,3.0,1,M038,No
E01820,32,Female,Finance,Finance Manager,Hyderabad,Master's,Full-Time,14,129000,2014-12-20,11.7,3.0,3.0,Yes,165,12.0,4,M082,No
E01821,48,Male,Sales,Account Manager,Hyderabad,Bachelor's,Contract,26,137000,2011-04-09,15.4,5.0,4.0,No,220,4.0,2,M006,No
E01822,35,Female,IT,Data Analyst,Lucknow,Master's,Full-Time,11,128000,2018-06-20,8.2,4.0,4.0,No,156,10.0,6,M001,No
E01823,42,Female,Operations,Operations Analyst,Pune,PhD,Full-Time,21,152000,2015-01-26,11.6,3.0,3.0,Yes,173,3.0,8,M075,Yes
E01824,38,Male,Operations,Operations Analyst,Hyderabad,PhD,Full-Time,17,151000,2015-07-27,11.1,3.0,3.0,No,162,6.0,4,M080,No
E01825,42,Male,Operations,Operations Manager,Chennai,Bachelor's,Full-Time,21,163000,2012-07-26,14.1,3.0,3.0,No,154,6.0,2,M090,No
E01826,21,Female,HR,HR Executive,Lucknow,MBA,Full-Time,0,72000,2026-06-20,0.2,3.0,3.0,Yes,187,6.0,7,M039,No
E01827,32,Female,IT,Data Engineer,Bangalore,Bachelor's,Full-Time,5,79000,2023-06-21,3.2,3.0,2.0,No,148,5.0,4,M049,No
E01828,43,Male,Customer Support,Customer Success Associate,Lucknow,Bachelor's,Contract,19,103000,2015-12-20,10.7,4.0,4.0,No,156,3.0,4,M082,No
E01829,30,Male,Marketing,Digital Marketing Analyst,Bangalore,Master's,Full-Time,12,111000,2021-04-08,5.4,4.0,4.0,No,179,11.0,4,M100,No
E01830,46,Female,Sales,Sales Manager,Chennai,Bachelor's,Full-Time,24,171000,2013-10-08,12.9,5.0,4.0,No,181,8.0,4,M037,No
E01831,44,Female,Customer Support,Support Executive,Mumbai,MBA,Full-Time,21,157000,2011-05-15,15.3,4.0,5.0,Yes,143,10.0,1,M090,No
E01832,31,Female,Operations,Operations Manager,Bangalore,Bachelor's,Full-Time,12,107000,2017-07-27,9.1,3.0,4.0,No,178,5.0,2,M097,No
E01833,30,Male,Operations,Operations Manager,Delhi,Bachelor's,Full-Time,5,76000,2023-11-14,2.8,2.0,2.0,No,170,9.0,2,M001,Yes
E01834,27,Female,Operations,Operations Manager,Pune,MBA,Contract,4,66000,2024-03-02,2.5,3.0,3.0,No,151,14.0,1,M091,No
E01835,30,Male,Marketing,Brand Executive,Delhi,MBA,Full-Time,8,109000,2022-12-20,3.7,3.0,3.0,No,154,8.0,3,M037,No
E01836,25,Male,Operations,Operations Manager,Bangalore,Bachelor's,Full-Time,2,59000,2025-07-27,1.1,1.0,2.0,No,131,10.0,10,M086,No
E01837,37,Female,IT,Data Analyst,Hyderabad,Bachelor's,Full-Time,15,123000,2015-04-09,11.4,3.0,3.0,No,199,6.0,4,M019,No
E01838,24,Female,Sales,Sales Executive,Noida,Master's,Full-Time,2,90000,2025-04-08,1.4,3.0,4.0,Yes,186,16.0,4,M077,No
E01839,38,Male,Customer Support,Support Analyst,Delhi,Bachelor's,Full-Time,13,103000,2019-10-08,6.9,3.0,3.0,No,145,10.0,3,M037,No
E01840,38,Male,Sales,Sales Executive,Mumbai,PhD,Full-Time,16,149000,2017-11-13,8.8,4.0,5.0,Yes,182,10.0,4,M114,No
E01841,22,Female,Finance,Accountant,Delhi,MBA,Full-Time,0,83000,2026-06-20,0.2,2.0,3.0,No,158,9.0,1,M056,No
E01842,45,Male,Finance,Finance Manager,Bangalore,Bachelor's,Full-Time,23,167000,2014-05-15,12.3,5.0,3.0,No,184,8.0,2,M067,No
E01843,38,Female,Finance,Audit Associate,Chennai,Bachelor's,Part-Time,19,81000,2015-07-27,11.1,5.0,4.0,No,159,9.0,7,M091,No
E01844,39,Female,Operations,Process Associate,Chennai,Bachelor's,Full-Time,16,110000,2015-03-03,11.5,4.0,4.0,No,161,10.0,6,M035,No
E01845,29,Male,Customer Support,Customer Success Associate,Hyderabad,MBA,Contract,4,58000,2023-12-20,2.7,2.0,1.0,No,163,7.0,8,M073,No
E01846,38,Other,Sales,Account Manager,Delhi,Bachelor's,Full-Time,16,133000,2016-07-26,10.1,4.0,2.0,No,156,6.0,5,M084,No
E01847,42,Female,IT,IT Support,Chennai,Bachelor's,Contract,18,109000,2012-01-26,14.6,3.0,3.0,No,193,4.0,5,M026,No
E01848,33,Female,Sales,Sales Manager,Hyderabad,Bachelor's,Full-Time,12,109000,2020-03-02,6.5,2.0,4.0,No,184,10.0,1,M046,No
E01849,48,Female,Customer Support,Customer Success Associate,Chennai,Master's,Full-Time,26,189000,2008-09-01,18.0,4.0,5.0,No,170,6.0,5,M035,Yes
E01850,34,Female,Operations,Process Associate,Pune,Bachelor's,Contract,16,81000,2018-06-20,8.2,3.0,3.0,No,186,4.0,5,M085,No
E01851,42,Male,Sales,Sales Manager,Chennai,Bachelor's,Full-Time,23,152000,2010-09-01,16.0,5.0,5.0,Yes,139,13.0,5,M096,No
E01852,36,Male,Marketing,Digital Marketing Analyst,Hyderabad,MBA,Part-Time,14,100000,2015-06-21,11.2,4.0,4.0,No,146,5.0,5,M022,No
E01853,38,Female,Marketing,Marketing Executive,Delhi,MBA,Part-Time,18,93000,2015-04-09,11.4,3.0,2.0,No,177,5.0,8,M014,Yes
E01854,22,Male,Marketing,Marketing Executive,Lucknow,MBA,Full-Time,0,69000,2026-06-20,0.2,2.0,3.0,Yes,181,7.0,8,M029,No
E01855,37,Male,Customer Support,Support Executive,Hyderabad,Bachelor's,Full-Time,15,126000,2014-12-20,11.7,3.0,3.0,No,173,8.0,3,M058,Yes
E01856,29,Female,Sales,Sales Manager,Hyderabad,Bachelor's,Full-Time,6,88000,2023-09-02,3.0,3.0,4.0,No,134,5.0,3,M031,No
E01857,28,Female,Operations,Operations Analyst,Mumbai,Master's,Full-Time,8,97000,2020-10-08,5.9,4.0,4.0,No,149,9.0,1,M017,Yes
E01858,46,Male,Finance,Audit Associate,Pune,Bachelor's,Full-Time,28,187000,2008-09-01,18.0,5.0,3.0,Yes,175,12.0,4,M023,Yes
E01859,33,Female,Marketing,Digital Marketing Analyst,Hyderabad,MBA,Full-Time,13,124000,2017-11-13,8.8,4.0,2.0,No,212,9.0,7,M059,Yes
E01860,27,Female,Operations,Operations Executive,Bangalore,Master's,Full-Time,7,87000,2022-12-20,3.7,3.0,3.0,No,190,6.0,5,M036,No
E01861,31,Male,Operations,Operations Executive,Bangalore,Bachelor's,Contract,11,80000,2021-03-03,5.5,2.0,1.0,No,196,6.0,4,M089,No
E01862,25,Female,Operations,Operations Manager,Hyderabad,MBA,Full-Time,4,78000,2024-06-20,2.2,4.0,3.0,No,174,9.0,9,M082,No
E01863,44,Male,IT,IT Support,Chennai,PhD,Full-Time,19,170000,2017-05-15,9.3,4.0,4.0,No,174,8.0,8,M059,No
E01864,29,Male,HR,HR Analyst,Hyderabad,Bachelor's,Contract,11,86000,2019-06-21,7.2,5.0,3.0,No,149,9.0,3,M080,No
E01865,38,Male,Customer Support,Team Lead,Mumbai,Master's,Full-Time,21,157000,2016-09-01,10.0,4.0,5.0,No,185,11.0,4,M002,No
E01866,43,Male,Customer Support,Customer Success Associate,Pune,Bachelor's,Full-Time,20,146000,2015-11-14,10.8,5.0,5.0,No,167,8.0,4,M090,Yes
E01867,30,Male,IT,Data Engineer,Bangalore,Bachelor's,Full-Time,7,98000,2022-04-08,4.4,4.0,3.0,Yes,180,6.0,2,M098,No
E01868,38,Female,IT,Data Analyst,Delhi,Bachelor's,Full-Time,18,152000,2015-03-03,11.5,3.0,3.0,No,169,5.0,5,M012,No
E01869,27,Female,IT,BI Analyst,Bangalore,Master's,Full-Time,6,111000,2022-07-27,4.1,3.0,4.0,No,173,8.0,3,M112,No
E01870,51,Male,Operations,Operations Executive,Bangalore,PhD,Full-Time,28,197000,2008-09-01,18.0,4.0,4.0,No,166,10.0,3,M010,No
E01871,41,Female,Marketing,Brand Executive,Mumbai,Bachelor's,Contract,16,97000,2019-03-03,7.5,3.0,2.0,Yes,172,8.0,6,M093,Yes
E01872,33,Male,Sales,Business Development Executive,Delhi,Bachelor's,Full-Time,12,103000,2020-11-13,5.8,3.0,3.0,No,186,4.0,1,M120,Yes
E01873,29,Male,HR,HR Manager,Bangalore,Master's,Full-Time,8,107000,2022-11-14,3.8,2.0,2.0,No,145,6.0,5,M002,No
E01874,33,Female,Marketing,Digital Marketing Analyst,Delhi,Bachelor's,Full-Time,13,102000,2018-07-27,8.1,4.0,5.0,No,141,11.0,5,M016,No
E01875,32,Male,Operations,Process Associate,Hyderabad,MBA,Full-Time,11,114000,2021-07-27,5.1,4.0,4.0,No,176,9.0,6,M036,No
E01876,48,Male,HR,HR Analyst,Hyderabad,Bachelor's,Contract,25,106000,2008-09-01,18.0,3.0,3.0,Yes,194,9.0,4,M106,No
E01877,25,Female,Operations,Operations Analyst,Delhi,Bachelor's,Full-Time,5,67000,2023-12-20,2.7,5.0,4.0,No,198,7.0,1,M049,Yes
E01878,35,Male,HR,Recruiter,Noida,Bachelor's,Full-Time,13,107000,2015-12-20,10.7,4.0,2.0,No,146,6.0,3,M036,No
E01879,34,Female,Sales,Sales Executive,Bangalore,MBA,Full-Time,11,130000,2019-07-27,7.1,3.0,3.0,No,161,9.0,5,M086,No
E01880,33,Male,HR,HR Analyst,Hyderabad,Bachelor's,Part-Time,11,72000,2019-10-08,6.9,2.0,4.0,No,141,10.0,5,M006,No
E01881,33,Male,Operations,Process Associate,Bangalore,MBA,Full-Time,7,94000,2021-05-15,5.3,3.0,3.0,Yes,158,7.0,2,M099,Yes
E01882,33,Male,Customer Support,Support Executive,Bangalore,Bachelor's,Full-Time,11,105000,2018-07-27,8.1,3.0,4.0,No,188,5.0,3,M105,Yes
E01883,40,Male,Operations,Operations Manager,Hyderabad,Bachelor's,Full-Time,20,150000,2012-10-08,13.9,4.0,4.0,Yes,168,6.0,5,M101,No
E01884,38,Male,Operations,Operations Manager,Hyderabad,Bachelor's,Full-Time,17,128000,2012-09-01,14.0,4.0,5.0,No,161,8.0,4,M095,No
E01885,37,Male,IT,Software Engineer,Noida,MBA,Full-Time,19,151000,2014-11-14,11.8,3.0,1.0,No,178,8.0,3,M105,No
E01886,21,Female,Finance,Accountant,Hyderabad,MBA,Full-Time,0,78000,2026-06-20,0.2,4.0,3.0,No,154,8.0,1,M109,No
E01887,36,Female,IT,Data Analyst,Lucknow,Bachelor's,Full-Time,15,134000,2017-09-01,9.0,4.0,5.0,No,197,4.0,4,M002,No
E01888,22,Male,Sales,Account Manager,Bangalore,Bachelor's,Full-Time,2,59000,2025-01-25,1.6,3.0,4.0,No,168,8.0,8,M099,No
E01889,39,Male,Operations,Operations Analyst,Bangalore,Bachelor's,Full-Time,23,158000,2013-12-20,12.7,4.0,5.0,No,161,9.0,3,M028,No
E01890,44,Male,Customer Support,Support Analyst,Bangalore,Bachelor's,Full-Time,22,147000,2014-04-08,12.4,4.0,4.0,Yes,179,11.0,1,M007,No
E01891,28,Female,IT,Data Analyst,Bangalore,Bachelor's,Full-Time,3,89000,2024-06-20,2.2,2.0,2.0,No,185,4.0,6,M021,No
E01892,32,Other,Finance,Accountant,Hyderabad,MBA,Full-Time,12,133000,2020-04-08,6.4,4.0,3.0,No,197,6.0,2,M062,No
E01893,30,Male,Marketing,Brand Executive,Pune,MBA,Full-Time,13,136000,2019-09-02,7.0,3.0,2.0,No,164,9.0,6,M108,No
E01894,43,Female,Sales,Account Manager,Bangalore,Bachelor's,Full-Time,20,144000,2015-04-09,11.4,4.0,4.0,No,188,9.0,5,M089,Yes
E01895,35,Male,HR,HR Analyst,Lucknow,Bachelor's,Full-Time,15,125000,2015-11-14,10.8,3.0,4.0,Yes,170,13.0,2,M082,No
E01896,46,Male,Operations,Operations Analyst,Noida,MBA,Full-Time,27,180000,2008-09-01,18.0,4.0,4.0,No,157,7.0,2,M041,No
E01897,37,Male,Operations,Operations Manager,Mumbai,MBA,Full-Time,18,140000,2013-09-01,13.0,5.0,5.0,No,154,11.0,5,M109,No
E01898,36,Male,Sales,Sales Manager,Bangalore,Bachelor's,Part-Time,14,87000,2015-10-08,10.9,5.0,4.0,No,148,9.0,1,M043,No
E01899,34,Male,Sales,Sales Executive,Bangalore,Bachelor's,Full-Time,10,86000,2019-12-20,6.7,1.0,3.0,No,155,5.0,3,M077,Yes
E01900,40,Male,Marketing,Brand Executive,Bangalore,Bachelor's,Full-Time,18,146000,2018-01-25,8.6,5.0,5.0,Yes,188,6.0,7,M008,No
E01901,22,Female,HR,Recruiter,Bangalore,Bachelor's,Full-Time,1,59000,2026-03-03,0.5,3.0,2.0,Yes,181,9.0,2,M117,No
E01902,35,Male,IT,BI Analyst,Hyderabad,Bachelor's,Contract,15,99000,2016-07-26,10.1,3.0,3.0,Yes,146,6.0,6,M111,No
E01903,34,Male,Operations,Process Associate,Mumbai,Bachelor's,Full-Time,13,115000,2019-01-26,7.6,3.0,2.0,Yes,137,17.0,1,M014,No
E01904,39,Male,IT,Software Engineer,Delhi,Master's,Full-Time,16,135000,2018-01-25,8.6,3.0,3.0,Yes,148,6.0,1,M081,No
E01905,33,Male,Operations,Operations Executive,Lucknow,Bachelor's,Full-Time,12,101000,2019-01-26,7.6,3.0,4.0,No,154,10.0,4,M077,No
E01906,27,Male,Sales,Account Manager,Pune,Bachelor's,Full-Time,7,84000,2021-09-01,5.0,2.0,2.0,No,163,9.0,5,M011,Yes
E01907,34,Male,Customer Support,Support Executive,Lucknow,Bachelor's,Full-Time,13,105000,2018-10-08,7.9,3.0,3.0,No,189,7.0,4,M010,No
E01908,26,Male,Finance,Audit Associate,Bangalore,MBA,Full-Time,2,81000,2025-03-03,1.5,2.0,3.0,Yes,158,6.0,3,M081,No
E01909,21,Male,Sales,Sales Executive,Delhi,MBA,Full-Time,0,88000,2026-06-20,0.2,3.0,3.0,No,198,12.0,4,M029,No
E01910,39,Male,IT,IT Support,Hyderabad,Bachelor's,Full-Time,19,168000,2012-07-26,14.1,4.0,3.0,No,138,7.0,1,M108,Yes
E01911,38,Male,Sales,Business Development Executive,Bangalore,Bachelor's,Contract,13,73000,2015-09-02,11.0,4.0,3.0,No,162,4.0,6,M055,No
E01912,37,Female,Customer Support,Support Executive,Bangalore,PhD,Full-Time,10,117000,2020-12-20,5.7,3.0,3.0,No,182,16.0,7,M002,Yes
E01913,43,Female,Customer Support,Customer Success Associate,Pune,Bachelor's,Full-Time,25,165000,2008-12-20,17.7,3.0,2.0,No,183,8.0,6,M001,Yes
E01914,29,Male,Finance,Financial Analyst,Pune,Bachelor's,Contract,8,84000,2020-05-14,6.3,4.0,3.0,Yes,162,7.0,5,M047,No
E01915,24,Male,Finance,Financial Analyst,Delhi,Bachelor's,Contract,4,60000,2023-12-20,2.7,2.0,2.0,No,186,5.0,4,M091,No
E01916,34,Male,Operations,Process Associate,Hyderabad,Bachelor's,Contract,9,73000,2019-10-08,6.9,4.0,4.0,Yes,183,7.0,3,M083,No
E01917,32,Male,Customer Support,Support Analyst,Delhi,Bachelor's,Part-Time,12,57000,2019-04-09,7.4,3.0,3.0,No,156,13.0,4,M018,No
E01918,28,Male,Operations,Operations Analyst,Bangalore,MBA,Contract,7,74000,2021-11-13,4.8,3.0,2.0,No,174,11.0,4,M035,No
E01919,33,Male,Finance,Financial Analyst,Delhi,Master's,Full-Time,7,96000,2023-05-15,3.3,3.0,3.0,No,181,11.0,3,M073,No
E01920,30,Male,Finance,Finance Manager,Bangalore,Bachelor's,Part-Time,12,72000,2016-07-26,10.1,4.0,4.0,No,157,10.0,2,M062,No
E01921,21,Female,Operations,Operations Manager,Bangalore,MBA,Full-Time,0,56000,2026-06-20,0.2,3.0,4.0,Yes,198,7.0,2,M025,No
E01922,31,Male,IT,Software Engineer,Lucknow,Bachelor's,Full-Time,8,104000,2020-04-08,6.4,3.0,5.0,No,153,5.0,1,M086,No
E01923,26,Male,Operations,Operations Manager,Hyderabad,Bachelor's,Full-Time,3,59000,2024-06-20,2.2,4.0,5.0,No,171,8.0,3,M077,No
E01924,36,Male,Sales,Sales Executive,Pune,Master's,Contract,9,87000,2021-12-20,4.7,2.0,2.0,No,146,10.0,3,M107,No
E01925,29,Female,Marketing,Marketing Manager,Mumbai,Master's,Full-Time,8,99000,2022-12-20,3.7,2.0,2.0,No,170,7.0,1,M029,No
E01926,42,Female,IT,Software Engineer,Delhi,Bachelor's,Part-Time,21,102000,2009-12-20,16.7,3.0,3.0,No,149,8.0,3,M115,No
E01927,45,Male,Operations,Operations Analyst,Mumbai,Bachelor's,Full-Time,23,164000,2012-09-01,14.0,3.0,3.0,Yes,163,9.0,2,M086,No
E01928,39,Female,Finance,Finance Manager,Bangalore,Master's,Full-Time,20,175000,2015-07-27,11.1,3.0,3.0,Yes,139,3.0,5,M080,No
E01929,23,Male,Operations,Process Associate,Bangalore,Master's,Full-Time,0,44000,2026-06-20,0.2,3.0,5.0,Yes,182,14.0,7,M019,No
E01930,45,Female,IT,Data Engineer,Chennai,Master's,Full-Time,22,166000,2013-01-25,13.6,4.0,3.0,No,174,9.0,4,M072,No
E01931,45,Female,HR,HR Manager,Pune,Bachelor's,Full-Time,21,145000,2011-10-08,14.9,4.0,3.0,No,188,8.0,6,M076,No
E01932,34,Male,HR,HR Analyst,Hyderabad,Bachelor's,Full-Time,11,110000,2019-07-27,7.1,2.0,4.0,No,162,4.0,3,M117,No
E01933,43,Female,HR,HR Manager,Delhi,Bachelor's,Full-Time,21,133000,2011-05-15,15.3,3.0,3.0,Yes,188,11.0,2,M066,No
E01934,30,Male,Operations,Process Associate,Lucknow,Bachelor's,Full-Time,9,87000,2019-07-27,7.1,3.0,4.0,No,169,6.0,4,M069,No
E01935,21,Male,Operations,Operations Analyst,Bangalore,MBA,Full-Time,0,71000,2026-06-20,0.2,3.0,4.0,Yes,170,9.0,6,M078,No
E01936,29,Male,Marketing,Brand Executive,Mumbai,Bachelor's,Full-Time,5,85000,2023-10-08,2.9,2.0,3.0,No,206,12.0,4,M080,Yes
E01937,46,Female,Sales,Business Development Executive,Delhi,Bachelor's,Full-Time,28,183000,2009-03-03,17.5,4.0,4.0,Yes,159,6.0,3,M115,No
E01938,24,Male,Marketing,Brand Executive,Chennai,MBA,Full-Time,8,113000,2019-12-20,6.7,4.0,4.0,No,190,7.0,4,M098,No
E01939,34,Male,Finance,Financial Analyst,Lucknow,Bachelor's,Full-Time,12,121000,2019-06-21,7.2,3.0,2.0,No,177,9.0,5,M106,No
E01940,34,Female,IT,BI Analyst,Mumbai,Bachelor's,Full-Time,10,116000,2020-09-01,6.0,2.0,2.0,Yes,158,9.0,2,M010,No
E01941,30,Male,IT,Data Analyst,Noida,MBA,Full-Time,12,135000,2018-03-03,8.5,4.0,4.0,Yes,144,12.0,2,M072,No
E01942,31,Male,Sales,Sales Manager,Noida,MBA,Full-Time,5,101000,2023-07-27,3.1,4.0,2.0,No,149,12.0,8,M108,No
E01943,35,Male,Marketing,Brand Executive,Mumbai,Master's,Full-Time,12,102000,2016-09-01,10.0,4.0,5.0,Yes,188,8.0,2,M025,No
E01944,30,Male,Operations,Process Associate,Delhi,Bachelor's,Part-Time,6,65000,2021-11-13,4.8,2.0,3.0,No,199,8.0,3,M115,No
E01945,24,Male,Marketing,Marketing Manager,Delhi,Master's,Contract,0,36000,2026-06-20,0.2,4.0,4.0,No,170,4.0,4,M027,No
E01946,36,Male,HR,HR Executive,Lucknow,MBA,Full-Time,13,117000,2017-06-20,9.2,3.0,2.0,No,171,13.0,2,M061,No
E01947,42,Female,Finance,Financial Analyst,Bangalore,Bachelor's,Full-Time,18,142000,2018-03-03,8.5,3.0,2.0,No,182,13.0,5,M010,No
E01948,40,Female,IT,Software Engineer,Chennai,Bachelor's,Full-Time,18,154000,2013-07-27,13.1,3.0,3.0,No,169,7.0,3,M036,No
E01949,28,Male,Sales,Business Development Executive,Delhi,MBA,Full-Time,6,72000,2022-04-08,4.4,4.0,4.0,No,188,11.0,4,M039,No
E01950,25,Male,Finance,Financial Analyst,Chennai,Bachelor's,Full-Time,1,72000,2026-01-25,0.6,3.0,1.0,No,173,8.0,3,M007,No
E01951,32,Male,IT,BI Analyst,Delhi,MBA,Contract,9,102000,2021-11-13,4.8,4.0,4.0,Yes,170,8.0,3,M015,Yes
E01952,45,Female,Sales,Account Manager,Hyderabad,Bachelor's,Full-Time,22,163000,2008-09-01,18.0,4.0,3.0,No,155,7.0,1,M114,No
E01953,39,Male,Operations,Process Associate,Noida,Bachelor's,Full-Time,19,132000,2014-11-14,11.8,4.0,3.0,No,151,5.0,5,M013,No
E01954,39,Male,Operations,Process Associate,Chennai,Bachelor's,Full-Time,17,127000,2014-07-27,12.1,3.0,3.0,No,120,8.0,3,M033,No
E01955,40,Female,Customer Support,Team Lead,Noida,MBA,Full-Time,20,142000,2017-05-15,9.3,5.0,4.0,Yes,190,7.0,3,M099,Yes
E01956,37,Male,Customer Support,Team Lead,Bangalore,Bachelor's,Part-Time,16,70000,2016-10-08,9.9,3.0,3.0,No,165,6.0,5,M066,Yes
E01957,35,Male,Operations,Operations Executive,Pune,Master's,Full-Time,14,117000,2015-10-08,10.9,4.0,4.0,Yes,161,10.0,5,M104,No
E01958,39,Female,Finance,Financial Analyst,Bangalore,Master's,Contract,20,118000,2014-07-27,12.1,4.0,2.0,No,133,5.0,3,M011,No
E01959,30,Female,Operations,Operations Analyst,Delhi,Master's,Full-Time,5,92000,2023-03-03,3.5,4.0,3.0,No,156,6.0,2,M021,No
E01960,24,Male,Marketing,Brand Executive,Hyderabad,PhD,Contract,1,68000,2026-03-03,0.5,4.0,4.0,No,154,6.0,3,M078,No
E01961,39,Female,IT,Software Engineer,Delhi,Master's,Contract,21,136000,2013-10-08,12.9,4.0,3.0,No,154,12.0,1,M089,No
E01962,43,Male,Finance,Finance Manager,Hyderabad,Bachelor's,Part-Time,20,96000,2010-04-08,16.4,4.0,2.0,Yes,174,12.0,5,M023,No
E01963,26,Female,Marketing,Marketing Executive,Lucknow,PhD,Full-Time,0,87000,2026-06-20,0.2,4.0,4.0,No,170,11.0,4,M044,No
E01964,40,Male,Finance,Audit Associate,Bangalore,Master's,Full-Time,17,156000,2012-11-13,13.8,4.0,3.0,No,143,5.0,4,M065,No
E01965,46,Female,HR,HR Analyst,Pune,Bachelor's,Full-Time,24,145000,2008-09-01,18.0,3.0,3.0,No,145,4.0,7,M070,No
E01966,34,Female,Operations,Process Associate,Delhi,Bachelor's,Full-Time,5,71000,2022-07-27,4.1,3.0,3.0,No,145,12.0,1,M036,No
E01967,28,Female,Sales,Business Development Executive,Bangalore,MBA,Part-Time,9,67000,2019-05-15,7.3,2.0,3.0,No,201,9.0,3,M062,No
E01968,35,Female,Finance,Financial Analyst,Bangalore,Bachelor's,Full-Time,11,114000,2021-09-01,5.0,4.0,5.0,Yes,195,3.0,6,M113,No
E01969,30,Male,Sales,Business Development Executive,Lucknow,Master's,Full-Time,9,103000,2019-04-09,7.4,4.0,4.0,No,153,8.0,2,M082,No
E01970,30,Male,IT,Data Engineer,Noida,Bachelor's,Full-Time,7,110000,2023-03-03,3.5,3.0,4.0,No,132,6.0,4,M113,No
E01971,37,Male,IT,Data Engineer,Noida,Bachelor's,Full-Time,12,140000,2021-01-25,5.6,2.0,3.0,Yes,170,8.0,4,M042,No
E01972,23,Female,Marketing,Brand Executive,Lucknow,Master's,Full-Time,0,74000,2026-06-20,0.2,4.0,4.0,Yes,169,8.0,1,M101,No
E01973,24,Female,Sales,Sales Executive,Mumbai,Bachelor's,Full-Time,0,63000,2026-06-20,0.2,1.0,4.0,No,174,7.0,4,M069,No
E01974,34,Male,HR,HR Analyst,Delhi,Bachelor's,Full-Time,15,131000,2016-03-02,10.5,2.0,3.0,Yes,181,7.0,4,M052,No
E01975,34,Female,Sales,Sales Manager,Pune,Master's,Full-Time,12,105000,2019-05-15,7.3,3.0,4.0,No,176,5.0,3,M001,No
E01976,36,Female,Customer Support,Support Executive,Hyderabad,Bachelor's,Part-Time,13,66000,2020-09-01,6.0,4.0,5.0,No,148,12.0,7,M030,No
E01977,47,Female,Sales,Sales Manager,Delhi,Master's,Full-Time,23,176000,2011-12-20,14.7,4.0,5.0,No,173,4.0,6,M001,No
E01978,35,Female,Finance,Accountant,Delhi,MBA,Contract,16,109000,2016-09-01,10.0,4.0,3.0,No,183,9.0,3,M048,No
E01979,38,Male,Customer Support,Support Analyst,Hyderabad,MBA,Full-Time,20,137000,2011-07-27,15.1,5.0,5.0,Yes,155,6.0,1,M014,No
E01980,27,Male,Marketing,Digital Marketing Analyst,Hyderabad,Bachelor's,Full-Time,8,95000,2022-03-03,4.5,3.0,3.0,Yes,173,11.0,7,M092,No
E01981,39,Male,Sales,Account Manager,Bangalore,Bachelor's,Full-Time,18,137000,2016-12-20,9.7,5.0,5.0,No,158,5.0,5,M031,No
E01982,30,Male,Marketing,Brand Executive,Delhi,Master's,Full-Time,9,102000,2021-09-01,5.0,4.0,4.0,No,204,11.0,6,M062,No
E01983,34,Female,Finance,Audit Associate,Hyderabad,MBA,Full-Time,9,137000,2021-07-27,5.1,2.0,3.0,No,144,7.0,5,M087,No
E01984,33,Female,Finance,Accountant,Hyderabad,MBA,Full-Time,10,118000,2019-10-08,6.9,3.0,4.0,No,189,8.0,4,M106,No
E01985,41,Female,IT,Software Engineer,Mumbai,MBA,Full-Time,17,145000,2015-10-08,10.9,5.0,4.0,No,138,2.0,5,M031,No
E01986,25,Female,IT,Data Analyst,Chennai,Bachelor's,Full-Time,0,71000,2026-06-20,0.2,2.0,3.0,Yes,200,6.0,12,M007,No
E01987,21,Male,Operations,Operations Analyst,Bangalore,Bachelor's,Full-Time,2,75000,2025-06-20,1.2,2.0,3.0,No,147,8.0,1,M020,No
E01988,33,Male,Finance,Accountant,Delhi,Bachelor's,Full-Time,9,106000,2021-04-08,5.4,3.0,3.0,No,171,8.0,1,M084,Yes
E01989,37,Male,Finance,Accountant,Chennai,Bachelor's,Full-Time,18,148000,2011-07-27,15.1,3.0,5.0,No,139,9.0,5,M031,No
E01990,35,Male,Operations,Operations Analyst,Hyderabad,Bachelor's,Contract,15,87000,2018-07-27,8.1,3.0,4.0,No,144,7.0,0,M009,No
E01991,43,Male,Operations,Process Associate,Mumbai,MBA,Full-Time,22,176000,2009-07-27,17.1,4.0,3.0,Yes,184,4.0,5,M011,No
E01992,37,Male,IT,Software Engineer,Pune,Bachelor's,Full-Time,17,148000,2014-03-03,12.5,5.0,4.0,Yes,187,8.0,4,M006,No
E01993,30,Male,Operations,Operations Manager,Hyderabad,Bachelor's,Contract,6,74000,2023-12-20,2.7,3.0,4.0,No,172,3.0,3,M043,No
E01994,21,Male,IT,IT Support,Chennai,Bachelor's,Full-Time,4,92000,2023-04-09,3.4,2.0,2.0,No,181,9.0,4,M059,No
E01995,32,Female,Operations,Operations Analyst,Chennai,MBA,Contract,10,95000,2019-03-03,7.5,2.0,1.0,No,187,6.0,2,M110,Yes
E01996,41,Male,Operations,Operations Manager,Pune,Master's,Full-Time,20,143000,2012-03-02,14.5,5.0,3.0,No,156,6.0,3,M018,No
E01997,31,Male,Customer Support,Support Analyst,Hyderabad,Master's,Part-Time,7,52000,2022-05-15,4.3,3.0,2.0,No,143,4.0,3,M029,No
E01998,34,Male,IT,IT Support,Bangalore,MBA,Full-Time,10,138000,2019-12-20,6.7,4.0,2.0,Yes,168,6.0,3,M001,No
E01999,37,Female,IT,BI Analyst,Mumbai,Bachelor's,Contract,16,123000,2017-11-13,8.8,3.0,2.0,No,158,8.0,5,M118,No
E02000,27,Male,Sales,Business Development Executive,Delhi,Master's,Full-Time,6,86000,2023-11-14,2.8,3.0,4.0,No,175,8.0,3,M044,No
E02001,38,Male,Sales,Business Development Executive,Hyderabad,Bachelor's,Full-Time,14,123000,2015-09-02,11.0,5.0,4.0,No,178,11.0,0,M033,No
E02002,45,Female,Sales,Sales Executive,Hyderabad,Bachelor's,Full-Time,19,138000,2011-04-09,15.4,3.0,3.0,No,156,11.0,6,M067,No
E02003,33,Male,Customer Support,Team Lead,Mumbai,MBA,Full-Time,8,91000,2022-07-27,4.1,4.0,2.0,Yes,181,7.0,2,M038,Yes
E02004,26,Female,Sales,Sales Executive,Bangalore,MBA,Full-Time,7,106000,2021-04-08,5.4,2.0,3.0,No,180,11.0,3,M109,Yes
E02005,34,Male,Sales,Business Development Executive,Hyderabad,Bachelor's,Full-Time,10,114000,2019-03-03,7.5,5.0,3.0,No,181,8.0,8,M101,No
E02006,21,Male,Operations,Process Associate,Mumbai,Bachelor's,Contract,0,49000,2026-06-20,0.2,3.0,3.0,No,161,4.0,2,M041,No
E02007,36,Male,Finance,Finance Manager,Chennai,Master's,Full-Time,18,150000,2015-07-27,11.1,3.0,5.0,No,182,8.0,3,M016,No
E02008,37,Male,Operations,Operations Executive,Bangalore,Bachelor's,Part-Time,12,72000,2019-04-09,7.4,3.0,4.0,Yes,177,8.0,4,M038,No
E02009,46,Male,IT,IT Support,Hyderabad,Bachelor's,Full-Time,22,161000,2010-01-25,16.6,4.0,3.0,No,180,5.0,2,M063,No
E02010,33,Male,Finance,Accountant,Lucknow,Bachelor's,Contract,9,86000,2019-07-27,7.1,3.0,4.0,Yes,198,9.0,2,M099,No
E02011,37,Male,IT,BI Analyst,Bangalore,Bachelor's,Contract,19,131000,2017-05-15,9.3,2.0,2.0,No,174,7.0,5,M090,Yes
E02012,28,Male,IT,BI Analyst,Delhi,MBA,Full-Time,11,112000,2019-04-09,7.4,3.0,2.0,No,157,11.0,2,M100,No
E02013,32,Male,Customer Support,Support Executive,Bangalore,Bachelor's,Part-Time,12,71000,2017-07-27,9.1,3.0,5.0,No,148,15.0,6,M085,No
E02014,23,Female,IT,Data Analyst,Pune,Bachelor's,Part-Time,3,39000,2024-05-14,2.3,3.0,2.0,No,188,11.0,4,M100,Yes
E02015,33,Female,HR,HR Executive,Hyderabad,Bachelor's,Full-Time,10,113000,2021-07-27,5.1,3.0,3.0,Yes,174,12.0,4,M083,No
E02016,32,Male,Finance,Accountant,Delhi,MBA,Full-Time,15,137000,2016-10-08,9.9,3.0,3.0,Yes,198,14.0,4,M009,No
E02017,36,Male,Sales,Sales Executive,Hyderabad,Bachelor's,Full-Time,15,114000,2014-10-08,11.9,4.0,3.0,No,131,11.0,5,M027,Yes
E02018,30,Female,Customer Support,Support Analyst,Noida,Bachelor's,Full-Time,10,100000,2020-11-13,5.8,2.0,3.0,No,184,8.0,2,M031,Yes
E02019,35,Male,IT,Data Analyst,Bangalore,Bachelor's,Full-Time,13,130000,2018-07-27,8.1,4.0,3.0,No,163,5.0,4,M015,No
E02020,32,Male,Operations,Operations Executive,Bangalore,Master's,Full-Time,9,96000,2019-10-08,6.9,2.0,3.0,No,162,9.0,2,M096,No
E02021,32,Male,Customer Support,Team Lead,Noida,Master's,Full-Time,14,109000,2019-11-14,6.8,4.0,4.0,No,154,10.0,4,M029,No
E02022,35,Female,HR,HR Executive,Hyderabad,MBA,Full-Time,14,129000,2015-07-27,11.1,4.0,3.0,No,184,6.0,1,M009,No
E02023,34,Female,Customer Support,Team Lead,Noida,PhD,Part-Time,16,74000,2017-06-20,9.2,3.0,5.0,Yes,179,11.0,3,M044,No
E02024,39,Female,IT,Data Engineer,Hyderabad,MBA,Contract,18,115000,2018-07-27,8.1,4.0,3.0,Yes,147,11.0,2,M101,No
E02025,33,Male,Finance,Audit Associate,Chennai,Master's,Full-Time,9,116000,2021-10-08,4.9,3.0,4.0,No,171,7.0,6,M081,No
E02026,32,Male,Sales,Sales Manager,Delhi,Bachelor's,Full-Time,9,91000,2022-04-08,4.4,3.0,4.0,No,181,8.0,6,M113,No
E02027,33,Female,Operations,Operations Executive,Chennai,Bachelor's,Full-Time,11,108000,2021-04-08,5.4,2.0,4.0,Yes,171,7.0,9,M060,No
E02028,29,Male,Customer Support,Support Analyst,Noida,PhD,Full-Time,5,104000,2023-01-26,3.6,3.0,3.0,Yes,188,3.0,6,M078,No
E02029,31,Other,Sales,Sales Executive,Hyderabad,Bachelor's,Full-Time,6,86000,2023-06-21,3.2,3.0,2.0,No,163,7.0,4,M039,No
E02030,48,Female,Operations,Operations Analyst,Bangalore,Bachelor's,Full-Time,29,181000,2008-09-01,18.0,5.0,5.0,Yes,127,8.0,3,M051,Yes
E02031,28,Male,Sales,Account Manager,Mumbai,Master's,Full-Time,5,110000,2023-05-15,3.3,3.0,3.0,No,171,10.0,9,M040,No
E02032,32,Female,HR,HR Analyst,Bangalore,Bachelor's,Full-Time,10,91000,2020-05-14,6.3,3.0,2.0,Yes,171,9.0,5,M118,No
E02033,31,Male,Finance,Finance Manager,Mumbai,Master's,Full-Time,10,130000,2020-06-20,6.2,5.0,4.0,Yes,174,8.0,7,M063,No
E02034,32,Female,Customer Support,Customer Success Associate,Mumbai,Master's,Full-Time,9,108000,2020-03-02,6.5,4.0,3.0,No,188,4.0,3,M006,No
E02035,32,Male,Operations,Operations Analyst,Hyderabad,Bachelor's,Part-Time,14,80000,2017-11-13,8.8,1.0,3.0,No,133,10.0,4,M038,No
E02036,36,Male,Sales,Business Development Executive,Hyderabad,MBA,Full-Time,11,132000,2021-03-03,5.5,3.0,3.0,No,164,4.0,6,M032,No
E02037,22,Female,IT,Data Engineer,Delhi,Bachelor's,Full-Time,1,79000,2025-11-13,0.8,2.0,2.0,No,151,12.0,1,M006,Yes
E02038,41,Female,IT,Software Engineer,Pune,Bachelor's,Part-Time,20,91000,2014-04-08,12.4,3.0,4.0,Yes,146,7.0,5,M115,No
E02039,38,Male,Sales,Sales Manager,Bangalore,Master's,Full-Time,16,148000,2018-12-20,7.7,4.0,4.0,No,167,10.0,7,M054,No
E02040,25,Male,Sales,Sales Manager,Bangalore,Master's,Full-Time,0,81000,2026-06-20,0.2,3.0,3.0,Yes,181,5.0,3,M051,No
E02041,21,Male,Marketing,Digital Marketing Analyst,Bangalore,MBA,Full-Time,1,89000,2025-12-20,0.7,3.0,3.0,No,173,9.0,1,M117,No
E02042,27,Male,HR,HR Analyst,Hyderabad,Bachelor's,Full-Time,7,90000,2022-10-08,3.9,4.0,4.0,No,156,7.0,8,M096,No
E02043,32,Male,HR,HR Executive,Mumbai,Master's,Part-Time,8,57000,2020-06-20,6.2,4.0,3.0,Yes,165,13.0,7,M113,Yes
E02044,52,Male,IT,Data Engineer,Mumbai,Bachelor's,Full-Time,32,208000,2008-09-01,18.0,5.0,4.0,Yes,185,7.0,1,M098,No
E02045,38,Male,Marketing,Marketing Manager,Delhi,MBA,Full-Time,17,155000,2014-07-27,12.1,4.0,4.0,No,180,6.0,3,M034,No
E02046,21,Male,Operations,Process Associate,Chennai,Bachelor's,Full-Time,0,67000,2026-06-20,0.2,4.0,4.0,No,158,13.0,8,M076,No
E02047,29,Male,IT,BI Analyst,Bangalore,Master's,Full-Time,5,98000,2022-06-20,4.2,3.0,4.0,No,157,8.0,5,M009,No
E02048,34,Male,Operations,Process Associate,Pune,Bachelor's,Contract,15,97000,2018-04-08,8.4,3.0,2.0,Yes,137,8.0,3,M005,No
E02049,36,Male,HR,Recruiter,Pune,Bachelor's,Full-Time,15,111000,2016-06-20,10.2,2.0,2.0,No,160,8.0,1,M081,No
E02050,25,Female,IT,BI Analyst,Chennai,Bachelor's,Full-Time,2,89000,2025-07-27,1.1,4.0,3.0,Yes,137,11.0,6,M092,No
E02051,33,Male,Finance,Finance Manager,Lucknow,MBA,Full-Time,9,111000,2019-12-20,6.7,3.0,3.0,No,205,8.0,4,M114,Yes
E02052,29,Female,Finance,Audit Associate,Bangalore,Master's,Full-Time,6,109000,2023-11-14,2.8,5.0,5.0,No,153,8.0,5,M061,No
E02053,26,Female,IT,Data Engineer,Bangalore,MBA,Full-Time,3,86000,2025-04-08,1.4,3.0,4.0,No,188,5.0,7,M086,Yes
E02054,36,Female,Customer Support,Support Analyst,Noida,Bachelor's,Full-Time,12,112000,2017-05-15,9.3,4.0,3.0,No,201,10.0,5,M006,No
E02055,39,Female,Marketing,Marketing Executive,Delhi,Bachelor's,Full-Time,13,120000,2018-07-27,8.1,4.0,4.0,No,172,11.0,5,M050,No
E02056,40,Female,Operations,Operations Manager,Hyderabad,Bachelor's,Full-Time,21,139000,2014-05-15,12.3,3.0,3.0,No,166,9.0,4,M032,No
E02057,38,Male,Finance,Audit Associate,Pune,MBA,Full-Time,18,162000,2014-03-03,12.5,4.0,3.0,No,144,3.0,2,M019,No
E02058,31,Male,Finance,Audit Associate,Pune,Bachelor's,Full-Time,6,88000,2022-04-08,4.4,3.0,2.0,No,159,7.0,2,M116,No
E02059,39,Female,Operations,Operations Analyst,Lucknow,MBA,Full-Time,17,148000,2017-09-01,9.0,4.0,5.0,No,197,10.0,4,M058,No
E02060,36,Male,HR,HR Executive,Lucknow,MBA,Full-Time,12,120000,2020-05-14,6.3,4.0,2.0,No,174,8.0,3,M048,Yes
E02061,35,Female,IT,Data Engineer,Pune,MBA,Contract,12,89000,2016-09-01,10.0,3.0,3.0,No,169,9.0,4,M109,No
E02062,30,Male,HR,HR Manager,Mumbai,Master's,Full-Time,7,90000,2021-11-13,4.8,3.0,2.0,No,192,6.0,4,M017,No
E02063,31,Female,Marketing,Marketing Manager,Noida,Master's,Full-Time,8,102000,2021-11-13,4.8,4.0,4.0,No,181,7.0,2,M060,No
E02064,35,Male,Finance,Audit Associate,Bangalore,MBA,Full-Time,18,168000,2012-10-08,13.9,3.0,3.0,No,165,7.0,4,M010,No
E02065,51,Male,IT,Data Analyst,Mumbai,Bachelor's,Contract,28,156000,2008-09-01,18.0,4.0,4.0,Yes,172,12.0,9,M079,No
E02066,36,Male,Marketing,Digital Marketing Analyst,Noida,Master's,Full-Time,12,137000,2020-01-26,6.6,5.0,4.0,No,154,13.0,3,M050,No
E02067,30,Female,Sales,Sales Executive,Mumbai,Bachelor's,Full-Time,6,102000,2023-06-21,3.2,3.0,3.0,No,158,8.0,5,M103,No
E02068,28,Female,Sales,Business Development Executive,Mumbai,Bachelor's,Contract,9,73000,2021-03-03,5.5,3.0,3.0,No,164,7.0,4,M038,No
E02069,31,Male,IT,Software Engineer,Bangalore,Bachelor's,Part-Time,5,56000,2022-09-01,4.0,4.0,4.0,Yes,178,8.0,8,M112,No
E02070,49,Female,Sales,Sales Manager,Noida,Bachelor's,Full-Time,25,163000,2014-10-08,11.9,4.0,3.0,No,146,8.0,3,M085,No
E02071,31,Male,Operations,Operations Manager,Hyderabad,Bachelor's,Full-Time,13,107000,2019-09-02,7.0,2.0,1.0,Yes,169,8.0,5,M040,Yes
E02072,40,Male,HR,HR Manager,Pune,Bachelor's,Full-Time,19,123000,2011-05-15,15.3,5.0,3.0,No,161,6.0,3,M003,No
E02073,31,Male,Sales,Account Manager,Mumbai,Master's,Full-Time,9,109000,2022-03-03,4.5,2.0,3.0,Yes,152,8.0,1,M094,Yes
E02074,36,Male,Customer Support,Team Lead,Chennai,Bachelor's,Contract,19,91000,2013-05-15,13.3,5.0,4.0,No,161,11.0,0,M079,No
E02075,40,Male,Customer Support,Support Executive,Chennai,Bachelor's,Full-Time,19,131000,2016-06-20,10.2,3.0,3.0,Yes,126,7.0,8,M091,Yes
E02076,30,Male,Customer Support,Support Executive,Mumbai,Bachelor's,Part-Time,6,67000,2022-06-20,4.2,5.0,3.0,No,154,4.0,2,M031,No
E02077,30,Female,Sales,Account Manager,Delhi,Master's,Full-Time,7,96000,2022-06-20,4.2,2.0,1.0,No,148,10.0,2,M016,No
E02078,46,Female,Finance,Audit Associate,Mumbai,Master's,Full-Time,21,167000,2016-05-14,10.3,5.0,3.0,No,163,7.0,3,M028,No
E02079,41,Male,Customer Support,Team Lead,Lucknow,Master's,Full-Time,22,162000,2011-09-02,15.0,4.0,4.0,Yes,127,7.0,9,M045,No
E02080,40,Male,Operations,Operations Manager,Pune,Master's,Full-Time,19,149000,2012-12-20,13.7,4.0,3.0,Yes,171,8.0,2,M104,No
E02081,40,Male,IT,Data Engineer,Lucknow,Bachelor's,Full-Time,21,163000,2011-06-21,15.2,5.0,4.0,No,184,10.0,2,M037,No
E02082,37,Male,IT,IT Support,Mumbai,MBA,Full-Time,18,156000,2013-12-20,12.7,3.0,3.0,No,166,9.0,3,M043,Yes
E02083,48,Male,Finance,Audit Associate,Chennai,Bachelor's,Full-Time,25,171000,2010-05-15,16.3,3.0,4.0,No,177,9.0,2,M073,No
E02084,34,Male,Customer Support,Support Executive,Chennai,Bachelor's,Full-Time,10,85000,2020-01-26,6.6,3.0,3.0,Yes,159,11.0,4,M073,No
E02085,38,Female,HR,HR Executive,Pune,Master's,Full-Time,16,144000,2015-05-15,11.3,4.0,3.0,No,140,3.0,2,M076,No
E02086,24,Female,Finance,Audit Associate,Lucknow,Bachelor's,Full-Time,0,52000,2026-06-20,0.2,2.0,3.0,No,168,9.0,2,M028,No
E02087,28,Male,IT,Data Analyst,Delhi,Master's,Full-Time,6,115000,2022-05-15,4.3,3.0,5.0,No,180,7.0,5,M071,No
E02088,26,Male,Operations,Operations Manager,Bangalore,Master's,Full-Time,7,84000,2021-11-13,4.8,3.0,5.0,No,144,9.0,6,M060,Yes
E02089,43,Male,Marketing,Brand Executive,Pune,Bachelor's,Full-Time,21,160000,2015-11-14,10.8,3.0,4.0,No,160,9.0,5,M064,No
E02090,21,Female,Finance,Finance Manager,Pune,Bachelor's,Full-Time,0,65000,2026-06-20,0.2,3.0,3.0,No,164,8.0,2,M060,No
E02091,31,Male,Operations,Operations Executive,Hyderabad,Bachelor's,Full-Time,9,85000,2021-09-01,5.0,3.0,3.0,No,219,11.0,4,M099,No
E02092,21,Male,Customer Support,Support Executive,Mumbai,MBA,Full-Time,1,73000,2025-11-13,0.8,2.0,3.0,No,172,12.0,5,M036,Yes
E02093,28,Female,Sales,Sales Executive,Hyderabad,Master's,Full-Time,4,96000,2023-09-02,3.0,4.0,4.0,No,134,11.0,7,M047,Yes
E02094,31,Male,HR,Recruiter,Mumbai,Bachelor's,Part-Time,4,44000,2023-12-20,2.7,2.0,3.0,Yes,129,8.0,6,M038,No
E02095,44,Male,Sales,Sales Executive,Delhi,Bachelor's,Full-Time,23,165000,2013-12-20,12.7,4.0,4.0,No,181,10.0,5,M065,No
E02096,37,Male,Marketing,Brand Executive,Pune,Master's,Full-Time,17,123000,2018-04-08,8.4,4.0,3.0,No,213,10.0,7,M034,No
E02097,28,Male,HR,HR Analyst,Chennai,MBA,Full-Time,7,90000,2020-12-20,5.7,4.0,3.0,No,163,8.0,4,M022,No
E02098,41,Male,Operations,Operations Manager,Mumbai,Bachelor's,Part-Time,17,92000,2012-12-20,13.7,4.0,3.0,No,162,10.0,3,M094,No
E02099,34,Male,Marketing,Digital Marketing Analyst,Delhi,Bachelor's,Full-Time,9,99000,2022-04-08,4.4,4.0,4.0,Yes,176,11.0,3,M084,No
E02100,34,Male,Finance,Audit Associate,Mumbai,MBA,Full-Time,13,118000,2016-09-01,10.0,3.0,3.0,No,154,4.0,6,M051,No
E02101,26,Male,Customer Support,Support Analyst,Bangalore,Bachelor's,Full-Time,4,63000,2024-03-02,2.5,3.0,3.0,No,122,5.0,5,M072,No
E02102,27,Female,HR,Recruiter,Chennai,Bachelor's,Full-Time,5,73000,2023-10-08,2.9,3.0,3.0,No,187,8.0,6,M045,No
E02103,28,Male,IT,IT Support,Noida,PhD,Contract,11,105000,2018-06-20,8.2,4.0,3.0,Yes,157,14.0,2,M071,No
E02104,34,Male,Operations,Operations Analyst,Delhi,Master's,Full-Time,10,106000,2019-09-02,7.0,3.0,3.0,No,187,6.0,3,M002,No
E02105,35,Female,Marketing,Digital Marketing Analyst,Chennai,Bachelor's,Full-Time,17,136000,2013-09-01,13.0,5.0,3.0,No,154,10.0,6,M058,No
E02106,45,Female,Sales,Business Development Executive,Noida,Bachelor's,Part-Time,23,98000,2015-09-02,11.0,4.0,3.0,No,170,5.0,3,M094,Yes
E02107,37,Female,Marketing,Marketing Executive,Noida,Bachelor's,Full-Time,10,117000,2020-11-13,5.8,2.0,4.0,No,183,8.0,3,M012,Yes
E02108,21,Male,Customer Support,Support Executive,Bangalore,Bachelor's,Full-Time,0,56000,2026-06-20,0.2,5.0,4.0,Yes,187,5.0,1,M100,No
E02109,36,Male,Sales,Sales Manager,Lucknow,MBA,Full-Time,16,145000,2017-05-15,9.3,3.0,3.0,Yes,172,4.0,3,M106,No
E02110,24,Female,Customer Support,Team Lead,Delhi,Bachelor's,Full-Time,1,67000,2025-12-20,0.7,4.0,5.0,No,171,7.0,0,M102,No
E02111,27,Female,IT,BI Analyst,Delhi,Master's,Full-Time,1,82000,2026-01-25,0.6,4.0,4.0,No,179,9.0,4,M027,No
E02112,28,Male,Sales,Account Manager,Bangalore,MBA,Full-Time,6,88000,2022-11-14,3.8,4.0,3.0,Yes,176,4.0,2,M098,No
E02113,29,Female,Sales,Sales Executive,Hyderabad,Bachelor's,Full-Time,5,94000,2023-09-02,3.0,3.0,4.0,No,145,10.0,4,M038,Yes
E02114,24,Male,Customer Support,Support Analyst,Bangalore,Bachelor's,Full-Time,3,66000,2024-06-20,2.2,3.0,3.0,No,145,4.0,2,,No
E02115,35,Other,Operations,Operations Manager,Mumbai,Bachelor's,Contract,15,96000,2016-04-08,10.4,3.0,3.0,No,130,8.0,3,M020,Yes
E02116,24,Female,IT,Data Analyst,Mumbai,MBA,Full-Time,0,78000,2026-06-20,0.2,4.0,4.0,Yes,182,5.0,5,M094,No
E02117,36,Female,Finance,Accountant,Chennai,MBA,Full-Time,12,125000,2020-04-08,6.4,3.0,3.0,No,161,8.0,8,M043,No
E02118,50,Female,Operations,Operations Manager,Noida,Bachelor's,Full-Time,30,192000,2009-04-08,17.4,4.0,4.0,No,183,5.0,3,M032,No
E02119,25,Female,IT,BI Analyst,Mumbai,Master's,Full-Time,1,94000,2026-03-03,0.5,3.0,4.0,No,175,7.0,5,M090,No
E02120,32,Male,Customer Support,Team Lead,Noida,Master's,Full-Time,7,97000,2023-03-03,3.5,3.0,4.0,No,150,13.0,2,M023,No
E02121,21,Male,Marketing,Marketing Manager,Noida,MBA,Full-Time,0,82000,2026-06-20,0.2,2.0,2.0,No,166,4.0,5,M041,No
E02122,32,Male,HR,HR Executive,Chennai,Bachelor's,Full-Time,11,111000,2021-06-20,5.2,4.0,4.0,No,160,6.0,3,M088,No
E02123,38,Male,Customer Support,Support Executive,Bangalore,Master's,Full-Time,17,134000,2014-12-20,11.7,4.0,3.0,Yes,157,5.0,5,M002,No
E02124,39,Female,Finance,Accountant,Pune,MBA,Contract,15,110000,2013-12-20,12.7,4.0,4.0,No,184,10.0,3,M062,No
E02125,35,Male,Customer Support,Customer Success Associate,Lucknow,Bachelor's,Full-Time,13,117000,2020-04-08,6.4,3.0,3.0,Yes,213,7.0,10,M105,No
E02126,40,Male,Operations,Operations Manager,Pune,Bachelor's,Contract,22,114000,2009-07-27,17.1,5.0,4.0,No,188,6.0,7,M096,No
E02127,52,Male,Operations,Process Associate,Delhi,Bachelor's,Full-Time,28,179000,2012-10-08,13.9,4.0,3.0,No,168,8.0,3,M120,No
E02128,46,Female,IT,BI Analyst,Hyderabad,Bachelor's,Contract,19,111000,2013-01-25,13.6,5.0,5.0,No,191,12.0,2,M053,No
E02129,30,Male,Customer Support,Support Analyst,Pune,Bachelor's,Full-Time,9,84000,2020-04-08,6.4,3.0,2.0,Yes,199,5.0,7,M057,No
E02130,24,Male,Finance,Financial Analyst,Hyderabad,MBA,Full-Time,2,86000,2025-01-25,1.6,4.0,5.0,Yes,143,4.0,3,M048,Yes
E02131,31,Male,IT,Data Analyst,Bangalore,Bachelor's,Full-Time,7,94000,2023-03-03,3.5,3.0,2.0,No,190,7.0,1,M079,No
E02132,27,Female,IT,BI Analyst,Mumbai,Bachelor's,Full-Time,7,109000,2022-09-01,4.0,3.0,4.0,No,182,10.0,6,M006,No
E02133,37,Male,HR,HR Analyst,Chennai,Master's,Full-Time,17,128000,2018-05-15,8.3,5.0,5.0,Yes,189,12.0,2,M016,No
E02134,26,Female,HR,Recruiter,Noida,Bachelor's,Full-Time,0,61000,2026-06-20,0.2,4.0,4.0,No,183,7.0,3,M011,No
E02135,33,Male,Operations,Operations Analyst,Bangalore,Bachelor's,Full-Time,9,97000,2019-05-15,7.3,4.0,3.0,Yes,164,10.0,4,M109,No
E02136,40,Male,Customer Support,Support Executive,Lucknow,Master's,Full-Time,24,146000,2008-09-01,18.0,5.0,4.0,Yes,205,10.0,7,M046,Yes
E02137,33,Female,IT,BI Analyst,Mumbai,MBA,Full-Time,12,130000,2017-10-08,8.9,4.0,4.0,Yes,174,6.0,3,M073,No
E02138,27,Male,Operations,Operations Executive,Pune,Master's,Full-Time,7,99000,2022-01-25,4.6,3.0,5.0,No,160,7.0,3,M057,No
E02139,42,Male,Sales,Business Development Executive,Chennai,Master's,Full-Time,23,171000,2008-09-01,18.0,4.0,3.0,Yes,177,13.0,2,M067,No
E02140,21,Male,Marketing,Marketing Executive,Chennai,Bachelor's,Part-Time,0,37000,2026-06-20,0.2,2.0,2.0,Yes,186,6.0,4,M007,Yes
E02141,32,Male,Marketing,Brand Executive,Lucknow,MBA,Full-Time,12,131000,2020-07-26,6.1,4.0,4.0,Yes,170,6.0,5,M052,Yes
E02142,34,Male,HR,Recruiter,Mumbai,Bachelor's,Contract,14,92000,2015-09-02,11.0,4.0,3.0,No,175,10.0,4,M052,No
E02143,34,Male,Operations,Operations Analyst,Noida,MBA,Full-Time,13,125000,2019-05-15,7.3,2.0,3.0,No,170,4.0,4,M030,No
E02144,35,Male,Sales,Sales Executive,Bangalore,Bachelor's,Full-Time,12,115000,2020-12-20,5.7,3.0,4.0,Yes,156,10.0,4,M055,Yes
E02145,38,Male,Finance,Accountant,Pune,MBA,Full-Time,16,156000,2018-09-01,8.0,4.0,1.0,No,153,10.0,4,M022,Yes
E02146,34,Female,Marketing,Brand Executive,Chennai,Master's,Full-Time,11,112000,2019-01-26,7.6,3.0,3.0,No,143,6.0,8,M004,Yes
E02147,31,Female,Finance,Finance Manager,Pune,MBA,Full-Time,9,113000,2020-06-20,6.2,4.0,2.0,No,195,7.0,5,M005,No
E02148,31,Male,Sales,Business Development Executive,Mumbai,Bachelor's,Full-Time,6,81000,2023-05-15,3.3,2.0,2.0,Yes,164,5.0,3,M022,No
E02149,30,Male,Finance,Accountant,Noida,Bachelor's,Full-Time,6,90000,2022-04-08,4.4,3.0,5.0,Yes,120,4.0,6,M068,No
E02150,40,Male,Marketing,Digital Marketing Analyst,Bangalore,Master's,Full-Time,17,156000,2013-10-08,12.9,5.0,5.0,Yes,175,5.0,10,M104,No
E02151,29,Male,Sales,Business Development Executive,Bangalore,MBA,Full-Time,5,100000,2022-07-27,4.1,3.0,4.0,No,175,13.0,4,M004,No
E02152,40,Male,IT,Data Analyst,Pune,Bachelor's,Full-Time,17,133000,2015-01-26,11.6,4.0,4.0,No,134,10.0,4,M043,No
E02153,34,Male,Operations,Process Associate,Delhi,PhD,Full-Time,12,121000,2017-07-27,9.1,3.0,4.0,No,153,8.0,3,M109,No
E02154,30,Male,Marketing,Digital Marketing Analyst,Noida,MBA,Full-Time,9,116000,2019-11-14,6.8,3.0,2.0,No,152,,7,M015,No
E02155,38,Male,IT,Data Analyst,Delhi,Bachelor's,Full-Time,18,139000,2016-09-01,10.0,2.0,4.0,Yes,155,7.0,1,M016,Yes
E02156,29,Male,Sales,Sales Manager,Bangalore,MBA,Full-Time,6,93000,2023-04-09,3.4,4.0,3.0,No,190,8.0,0,M106,Yes
E02157,38,Female,IT,BI Analyst,Noida,Bachelor's,Full-Time,19,164000,2014-06-20,12.2,5.0,4.0,Yes,165,9.0,5,M084,No
E02158,35,Male,Sales,Business Development Executive,Hyderabad,Bachelor's,Full-Time,15,119000,2019-10-08,6.9,3.0,4.0,No,160,9.0,2,M058,No
E02159,30,Female,Finance,Finance Manager,Bangalore,Bachelor's,Full-Time,9,114000,2021-07-27,5.1,3.0,3.0,No,188,7.0,4,M074,No
E02160,38,Female,Operations,Operations Analyst,Pune,Master's,Full-Time,16,145000,2016-06-20,10.2,4.0,4.0,No,177,13.0,4,M033,No
E02161,38,Male,Operations,Process Associate,Hyderabad,Master's,Full-Time,17,132000,2018-04-08,8.4,5.0,3.0,Yes,137,8.0,3,M095,No
E02162,42,Male,Operations,Operations Analyst,Hyderabad,Bachelor's,Full-Time,23,147000,2015-03-03,11.5,4.0,4.0,No,157,6.0,5,M102,No
E02163,41,Male,Sales,Account Manager,Delhi,Master's,Full-Time,22,161000,2012-09-01,14.0,3.0,4.0,Yes,174,2.0,6,M108,No
E02164,37,Male,Marketing,Marketing Executive,Chennai,Master's,Full-Time,18,138000,2013-04-08,13.4,4.0,3.0,Yes,151,10.0,4,M065,No
E02165,26,Male,Finance,Financial Analyst,Chennai,Master's,Full-Time,4,95000,2023-07-27,3.1,2.0,4.0,Yes,205,9.0,5,M025,No
E02166,51,Female,Customer Support,Support Executive,Pune,Bachelor's,Full-Time,30,176000,2008-09-01,18.0,4.0,3.0,Yes,170,10.0,6,M037,No
E02167,24,Male,Operations,Operations Manager,Bangalore,MBA,Part-Time,5,60000,2023-06-21,3.2,3.0,3.0,No,154,9.0,3,M018,No
E02168,41,Male,IT,Data Analyst,Noida,Bachelor's,Full-Time,17,156000,2016-05-14,10.3,3.0,5.0,No,148,8.0,2,M025,No
E02169,37,Female,Operations,Operations Analyst,Pune,Bachelor's,Full-Time,14,124000,2019-04-09,7.4,3.0,3.0,No,185,10.0,2,M120,No
E02170,26,Female,Sales,Business Development Executive,Pune,Bachelor's,Full-Time,4,83000,2024-09-01,2.0,3.0,4.0,No,156,11.0,3,M015,Yes
E02171,33,Male,Operations,Process Associate,Delhi,Bachelor's,Full-Time,13,95000,2016-09-01,10.0,4.0,5.0,Yes,175,10.0,2,M068,No
E02172,33,Female,IT,BI Analyst,Noida,MBA,Part-Time,13,90000,2018-05-15,8.3,2.0,3.0,Yes,147,11.0,7,M035,No
E02173,43,Male,IT,IT Support,Pune,Bachelor's,Full-Time,20,172000,2011-05-15,15.3,4.0,3.0,No,169,8.0,3,M068,No
E02174,29,Male,Marketing,Marketing Manager,Bangalore,Master's,Contract,3,39000,2024-06-20,2.2,3.0,3.0,No,157,11.0,2,M042,Yes
E02175,32,Male,Sales,Sales Executive,Delhi,Bachelor's,Full-Time,11,114000,2020-11-13,5.8,4.0,5.0,Yes,162,7.0,6,M084,Yes
E02176,21,Male,Marketing,Marketing Executive,Noida,Bachelor's,Full-Time,0,62000,2026-06-20,0.2,3.0,4.0,No,154,6.0,2,M012,No
E02177,46,Female,Sales,Account Manager,Bangalore,PhD,Full-Time,20,156000,2014-01-25,12.6,4.0,5.0,No,186,7.0,5,M094,Yes
E02178,27,Male,Operations,Operations Analyst,Lucknow,MBA,Full-Time,2,86000,2025-06-20,1.2,3.0,3.0,No,159,11.0,2,M105,No
E02179,36,Male,Operations,Operations Analyst,Pune,Bachelor's,Full-Time,15,136000,2016-09-01,10.0,3.0,4.0,No,165,7.0,3,M022,No
E02180,33,Male,HR,Recruiter,Pune,Bachelor's,Full-Time,14,126000,2014-11-14,11.8,5.0,4.0,No,166,7.0,2,M036,No
E02181,33,Male,Sales,Business Development Executive,Mumbai,Bachelor's,Full-Time,11,105000,2018-03-03,8.5,3.0,2.0,No,197,8.0,4,M034,No
E02182,40,Male,Sales,Sales Executive,Mumbai,Bachelor's,Part-Time,19,79000,2011-04-09,15.4,4.0,5.0,No,184,12.0,2,M091,No
E02183,46,Male,IT,Software Engineer,Lucknow,MBA,Full-Time,27,199000,2014-03-03,12.5,4.0,5.0,Yes,182,10.0,3,M025,No
E02184,36,Female,Sales,Sales Executive,Mumbai,MBA,Full-Time,10,124000,2021-07-27,5.1,3.0,2.0,No,140,8.0,3,M039,No
E02185,39,Male,Operations,Operations Analyst,Chennai,Bachelor's,Full-Time,18,130000,2017-12-20,8.7,4.0,3.0,No,156,6.0,3,M076,No
E02186,36,Male,Customer Support,Team Lead,Delhi,MBA,Full-Time,14,120000,2018-11-14,7.8,3.0,3.0,No,189,5.0,3,M059,No
E02187,41,Male,Customer Support,Support Analyst,Bangalore,Master's,Full-Time,20,170000,2014-03-03,12.5,3.0,4.0,No,147,5.0,6,M076,No
E02188,31,Male,Operations,Operations Executive,Bangalore,Bachelor's,Full-Time,8,101000,2020-12-20,5.7,1.0,1.0,No,170,14.0,5,M085,No
E02189,42,Male,Marketing,Marketing Executive,Hyderabad,Bachelor's,Full-Time,18,149000,2014-12-20,11.7,3.0,3.0,Yes,149,11.0,0,M050,No
E02190,42,Female,Operations,Operations Manager,Lucknow,Master's,Full-Time,20,138000,2010-06-20,16.2,5.0,4.0,No,151,5.0,4,M061,No
E02191,42,Female,Sales,Business Development Executive,Delhi,Master's,Full-Time,24,165000,2008-09-01,18.0,5.0,5.0,No,198,7.0,4,M033,No
E02192,29,Male,Customer Support,Support Analyst,Delhi,Bachelor's,Full-Time,9,90000,2022-01-25,4.6,3.0,2.0,Yes,181,3.0,6,M007,Yes
E02193,33,Male,Operations,Operations Executive,Delhi,Bachelor's,Contract,10,69000,2018-10-08,7.9,3.0,4.0,Yes,186,11.0,13,M019,Yes
E02194,36,Female,HR,HR Analyst,Hyderabad,Bachelor's,Full-Time,11,121000,2019-07-27,7.1,3.0,3.0,No,182,4.0,2,M088,No
E02195,24,Male,IT,IT Support,Delhi,MBA,Full-Time,0,97000,2026-06-20,0.2,2.0,2.0,No,165,16.0,3,M109,No
E02196,45,Male,Finance,Audit Associate,Noida,Master's,Full-Time,26,181000,2008-09-01,18.0,4.0,4.0,No,156,12.0,5,M020,No
E02197,34,Male,Finance,Accountant,Hyderabad,Bachelor's,Full-Time,10,126000,2021-10-08,4.9,4.0,2.0,No,161,4.0,3,M005,No
E02198,36,Female,Marketing,Brand Executive,Hyderabad,MBA,Full-Time,13,130000,2016-04-08,10.4,4.0,3.0,No,165,5.0,3,M094,Yes
E02199,30,Male,HR,HR Analyst,Bangalore,MBA,Full-Time,11,142000,2018-10-08,7.9,4.0,4.0,Yes,200,9.0,4,M115,No
E02200,25,Female,Finance,Financial Analyst,Lucknow,MBA,Full-Time,0,81000,2026-06-20,0.2,,1.0,No,144,7.0,1,M007,No
E02201,30,Female,Customer Support,Team Lead,Mumbai,Bachelor's,Full-Time,12,108000,2016-06-20,10.2,4.0,1.0,No,158,7.0,8,M020,Yes
E02202,36,Male,IT,Data Engineer,Bangalore,Bachelor's,Full-Time,13,139000,2018-03-03,8.5,2.0,1.0,No,152,6.0,8,M047,No
E02203,39,Female,Finance,Accountant,Pune,Bachelor's,Full-Time,14,138000,2019-11-14,6.8,4.0,5.0,Yes,187,6.0,5,M081,No
E02204,35,Female,IT,BI Analyst,Hyderabad,Bachelor's,Full-Time,12,127000,2020-06-20,6.2,4.0,4.0,No,201,8.0,4,M117,No
E02205,36,Male,Operations,Operations Executive,Delhi,MBA,Full-Time,12,119000,2019-09-02,7.0,2.0,2.0,No,174,8.0,6,M098,Yes
E02206,32,Male,Customer Support,Support Executive,Delhi,Bachelor's,Full-Time,11,103000,2021-04-08,5.4,5.0,5.0,No,175,10.0,1,M007,No
E02207,37,Male,Sales,Business Development Executive,Chennai,Bachelor's,Part-Time,13,65000,2016-07-26,10.1,2.0,2.0,No,170,12.0,4,M075,No
E02208,44,Male,Marketing,Marketing Manager,Bangalore,Bachelor's,Full-Time,17,136000,2016-12-20,9.7,4.0,4.0,No,176,8.0,1,M082,Yes
E02209,39,Male,Sales,Business Development Executive,Chennai,Bachelor's,Full-Time,16,119000,2013-04-08,13.4,4.0,4.0,No,182,11.0,4,M094,No
E02210,40,Male,Customer Support,Support Analyst,Pune,MBA,Full-Time,15,111000,2015-09-02,11.0,3.0,3.0,No,176,11.0,2,M084,No
E02211,36,Male,Operations,Operations Executive,Delhi,Bachelor's,Full-Time,15,121000,2018-11-14,7.8,4.0,4.0,Yes,177,8.0,2,M064,Yes
E02212,23,Female,Marketing,Marketing Manager,Delhi,Bachelor's,Full-Time,0,74000,2026-06-20,0.2,2.0,3.0,No,182,10.0,4,M066,No
E02213,27,Male,IT,BI Analyst,Mumbai,Bachelor's,Contract,4,78000,2024-03-02,2.5,1.0,2.0,No,136,10.0,2,M007,No
E02214,37,Male,Customer Support,Team Lead,Chennai,Bachelor's,Contract,15,89000,2016-12-20,9.7,3.0,3.0,Yes,168,9.0,7,M091,No
E02215,34,Male,Operations,Operations Analyst,Hyderabad,Bachelor's,Full-Time,11,120000,2019-05-15,7.3,3.0,3.0,No,173,7.0,4,M015,No
E02216,37,Male,Sales,Sales Manager,Mumbai,Master's,Full-Time,16,133000,2019-04-09,7.4,4.0,2.0,Yes,175,4.0,4,M083,No
E02217,46,Male,Marketing,Marketing Manager,Hyderabad,Master's,Full-Time,26,164000,2008-09-01,18.0,4.0,4.0,Yes,165,7.0,5,M034,Yes
E02218,39,Male,Sales,Business Development Executive,Lucknow,Master's,Full-Time,14,110000,2017-09-01,9.0,4.0,3.0,No,171,7.0,1,M066,Yes
E02219,43,Male,Customer Support,Customer Success Associate,Delhi,MBA,Full-Time,21,142000,2010-07-27,16.1,3.0,4.0,No,155,8.0,2,M028,No
E02220,35,Female,IT,Data Engineer,Lucknow,MBA,Full-Time,5,112000,2022-10-08,3.9,3.0,3.0,No,136,6.0,4,M066,No
E02221,28,Female,Operations,Process Associate,Delhi,MBA,Full-Time,7,94000,2022-11-14,3.8,2.0,3.0,No,186,9.0,8,M011,No
E02222,34,Male,HR,HR Manager,Bangalore,Bachelor's,Full-Time,11,110000,2021-06-20,5.2,2.0,3.0,Yes,148,8.0,7,M070,No
E02223,28,Female,IT,Data Engineer,Mumbai,Bachelor's,Full-Time,4,104000,2023-10-08,2.9,3.0,2.0,Yes,165,6.0,5,M056,No
E02224,45,Female,Sales,Sales Executive,Delhi,Bachelor's,Full-Time,24,153000,2008-09-01,18.0,4.0,4.0,No,155,9.0,4,M023,Yes
E02225,40,Male,IT,IT Support,Mumbai,MBA,Full-Time,21,177000,2013-06-20,13.2,4.0,4.0,No,197,9.0,0,M110,No
E02226,38,Female,Finance,Financial Analyst,Bangalore,PhD,Full-Time,15,154000,2018-05-15,8.3,3.0,3.0,Yes,167,5.0,6,M010,No
E02227,43,Female,Sales,Sales Manager,Noida,MBA,Full-Time,19,146000,2016-12-20,9.7,4.0,3.0,No,162,12.0,3,M097,No
E02228,21,Male,Operations,Operations Analyst,Noida,Bachelor's,Full-Time,0,70000,2026-06-20,0.2,2.0,3.0,No,181,10.0,7,M083,Yes
E02229,38,Male,Sales,Sales Manager,Chennai,MBA,Full-Time,13,126000,2019-01-26,7.6,3.0,4.0,No,207,5.0,3,M075,No
E02230,25,Male,Sales,Account Manager,Bangalore,Bachelor's,Full-Time,1,63000,2026-01-25,0.6,3.0,3.0,No,175,6.0,2,M024,No
E02231,34,Male,Operations,Operations Analyst,Bangalore,Bachelor's,Full-Time,15,140000,2015-12-20,10.7,4.0,3.0,No,161,14.0,3,M060,Yes
E02232,32,Female,IT,BI Analyst,Bangalore,Bachelor's,Contract,10,94000,2021-01-25,5.6,4.0,3.0,No,181,8.0,2,M120,No
E02233,39,Male,Customer Support,Team Lead,Pune,Bachelor's,Full-Time,12,111000,2021-01-25,5.6,4.0,4.0,No,140,5.0,3,M092,No
E02234,36,Female,Marketing,Marketing Executive,Lucknow,Master's,Full-Time,10,126000,2020-09-01,6.0,4.0,4.0,No,169,12.0,5,M109,No
E02235,43,Female,Operations,Operations Manager,Delhi,Bachelor's,Full-Time,21,140000,2010-01-25,16.6,4.0,2.0,Yes,204,10.0,5,M012,No
E02236,30,Male,Operations,Process Associate,Bangalore,Bachelor's,Contract,10,89000,2020-03-02,6.5,5.0,4.0,No,171,4.0,7,M092,No
E02237,39,Female,Customer Support,Customer Success Associate,Hyderabad,Master's,Full-Time,13,111000,2015-10-08,10.9,3.0,3.0,No,170,7.0,5,M119,No
E02238,35,Male,Sales,Sales Manager,Delhi,MBA,Part-Time,14,77000,2017-07-27,9.1,3.0,3.0,Yes,168,10.0,5,M005,No
E02239,23,Male,IT,IT Support,Delhi,Master's,Full-Time,4,95000,2024-06-20,2.2,4.0,2.0,No,161,9.0,4,M019,Yes
E02240,28,Female,Sales,Sales Executive,Pune,Bachelor's,Contract,11,79000,2020-11-13,5.8,4.0,3.0,Yes,174,14.0,2,M072,No
E02241,33,Male,Marketing,Marketing Executive,Pune,MBA,Full-Time,12,133000,2017-12-20,8.7,4.0,3.0,No,182,7.0,9,M108,Yes
E02242,42,Male,IT,BI Analyst,Bangalore,MBA,Full-Time,21,175000,2012-09-01,14.0,4.0,3.0,No,162,8.0,6,M037,No
E02243,37,Female,Operations,Operations Executive,Bangalore,Bachelor's,Part-Time,10,58000,2019-10-08,6.9,4.0,4.0,Yes,123,5.0,5,M028,No
E02244,26,Female,Customer Support,Customer Success Associate,Lucknow,Master's,Contract,9,83000,2019-11-14,6.8,3.0,3.0,Yes,176,5.0,4,M044,No
E02245,33,Male,Marketing,Digital Marketing Analyst,Mumbai,Bachelor's,Full-Time,10,103000,2019-04-09,7.4,4.0,4.0,No,206,7.0,7,M043,No
E02246,48,Female,HR,HR Executive,Bangalore,Bachelor's,Full-Time,24,158000,2015-06-21,11.2,5.0,3.0,No,161,9.0,4,M069,No
E02247,35,Female,IT,Data Engineer,Bangalore,Master's,Full-Time,12,132000,2017-05-15,9.3,3.0,3.0,No,142,5.0,5,M072,No
E02248,32,Male,Marketing,Marketing Executive,Bangalore,MBA,Full-Time,14,138000,2017-05-15,9.3,4.0,3.0,Yes,180,6.0,3,M112,No
E02249,37,Male,Operations,Operations Manager,Delhi,Bachelor's,Full-Time,21,150000,2013-12-20,12.7,4.0,3.0,No,199,7.0,3,M088,No
E02250,39,Female,IT,Software Engineer,Chennai,MBA,Contract,17,118000,2015-05-15,11.3,3.0,3.0,No,178,5.0,3,M120,No
E02251,31,Male,IT,Data Engineer,Delhi,MBA,Full-Time,11,138000,2019-01-26,7.6,2.0,3.0,Yes,199,5.0,3,M020,No
E02252,38,Male,Customer Support,Team Lead,Delhi,MBA,Full-Time,16,129000,2018-06-20,8.2,3.0,3.0,No,182,5.0,4,M099,No
E02253,32,Male,Operations,Operations Executive,Pune,Bachelor's,Full-Time,7,82000,2022-05-15,4.3,4.0,3.0,No,181,10.0,3,M006,No
E02254,39,Female,Marketing,Brand Executive,Hyderabad,MBA,Full-Time,21,150000,2014-05-15,12.3,5.0,3.0,No,159,9.0,7,M069,Yes
E02255,35,Male,Customer Support,Customer Success Associate,Noida,Bachelor's,Full-Time,11,107000,2020-03-02,6.5,3.0,4.0,Yes,173,9.0,2,M074,No
E02256,37,Male,HR,HR Analyst,Noida,Master's,Full-Time,19,149000,2017-06-20,9.2,4.0,4.0,Yes,167,6.0,6,M117,No
E02257,29,Male,HR,HR Analyst,Bangalore,Bachelor's,Full-Time,10,104000,2021-07-27,5.1,4.0,4.0,No,167,7.0,3,M092,No
E02258,28,Other,Finance,Audit Associate,Chennai,Bachelor's,Full-Time,8,111000,2022-07-27,4.1,3.0,2.0,No,163,11.0,7,M012,No
E02259,41,Male,Sales,Business Development Executive,Delhi,Master's,Full-Time,24,168000,2012-04-08,14.4,4.0,3.0,No,172,6.0,5,M117,Yes
E02260,33,Male,Finance,Accountant,Lucknow,Bachelor's,Full-Time,17,127000,2012-12-20,13.7,4.0,3.0,No,145,4.0,5,M015,No
E02261,36,Female,Operations,Operations Analyst,Hyderabad,Bachelor's,Contract,14,92000,2019-03-03,7.5,4.0,2.0,No,183,10.0,5,M067,Yes
E02262,32,Male,Operations,Process Associate,Lucknow,Bachelor's,Full-Time,8,94000,2021-10-08,4.9,4.0,4.0,Yes,152,10.0,3,M087,No
E02263,40,Female,Customer Support,Team Lead,Chennai,Master's,Full-Time,13,113000,2019-03-03,7.5,4.0,5.0,No,163,14.0,7,M063,Yes
E02264,30,Female,Finance,Audit Associate,Mumbai,Bachelor's,Full-Time,14,140000,2015-12-20,10.7,3.0,5.0,No,174,11.0,3,M117,No
E02265,33,Female,Operations,Process Associate,Hyderabad,MBA,Full-Time,10,90000,2021-12-20,4.7,3.0,2.0,No,151,6.0,3,M116,Yes
E02266,40,Male,Operations,Operations Analyst,Lucknow,Bachelor's,Full-Time,21,156000,2015-07-27,11.1,3.0,3.0,No,133,10.0,4,M036,No
E02267,42,Female,Operations,Operations Analyst,Noida,Bachelor's,Full-Time,18,141000,2017-01-25,9.6,4.0,5.0,No,161,8.0,4,M007,No
E02268,30,Female,Operations,Operations Manager,Bangalore,Bachelor's,Full-Time,12,113000,2016-06-20,10.2,3.0,3.0,No,142,9.0,5,M001,No
E02269,48,Other,Sales,Sales Manager,Pune,Bachelor's,Full-Time,24,133000,2010-05-15,16.3,4.0,3.0,No,181,7.0,9,M072,No
E02270,36,Male,HR,HR Analyst,Delhi,Bachelor's,Full-Time,11,118000,2021-01-25,5.6,2.0,1.0,No,147,12.0,2,M091,No
E02271,27,Female,IT,Software Engineer,Bangalore,Bachelor's,Contract,4,60000,2024-06-20,2.2,4.0,5.0,No,195,13.0,2,M049,No
E02272,37,Male,Finance,Financial Analyst,Delhi,PhD,Full-Time,14,140000,2019-06-21,7.2,3.0,3.0,No,168,8.0,2,M022,No
E02273,31,Male,Finance,Finance Manager,Mumbai,Master's,Contract,10,91000,2021-09-01,5.0,4.0,3.0,Yes,169,12.0,5,M052,No
E02274,37,Male,Operations,Operations Executive,Chennai,Bachelor's,Full-Time,15,125000,2015-03-03,11.5,4.0,4.0,No,132,7.0,3,M095,No
E02275,34,Female,Customer Support,Support Executive,Delhi,Bachelor's,Full-Time,14,117000,2017-07-27,9.1,3.0,3.0,No,171,10.0,3,M043,No
E02276,35,Male,Operations,Operations Executive,Chennai,MBA,Full-Time,12,128000,2018-04-08,8.4,3.0,3.0,No,167,9.0,4,M039,No
E02277,28,Male,Operations,Process Associate,Bangalore,Bachelor's,Full-Time,4,82000,2024-05-14,2.3,3.0,3.0,No,145,4.0,4,M075,Yes
E02278,41,Other,HR,Recruiter,Mumbai,Bachelor's,Full-Time,18,138000,2014-07-27,12.1,5.0,5.0,No,170,5.0,3,M043,Yes
E02279,26,Male,Operations,Operations Analyst,Mumbai,MBA,Full-Time,9,112000,2021-09-01,5.0,3.0,3.0,No,161,8.0,3,M054,No
E02280,26,Female,IT,BI Analyst,Mumbai,Master's,Full-Time,5,92000,2023-10-08,2.9,2.0,4.0,No,164,6.0,1,M021,No
E02281,37,Male,Sales,Sales Manager,Bangalore,Master's,Full-Time,10,106000,2019-07-27,7.1,3.0,4.0,No,168,7.0,4,M117,No
E02282,45,Male,Finance,Accountant,Bangalore,Bachelor's,Contract,22,133000,2015-06-21,11.2,4.0,4.0,Yes,160,5.0,4,M015,No
E02283,32,Female,Finance,Audit Associate,Hyderabad,Bachelor's,Full-Time,10,118000,2019-09-02,7.0,4.0,4.0,Yes,172,1.0,6,M092,No
E02284,39,Female,IT,Software Engineer,Mumbai,Master's,Full-Time,22,180000,2009-04-08,17.4,4.0,5.0,No,166,4.0,5,M038,No
E02285,42,Male,IT,Data Analyst,Delhi,Bachelor's,Full-Time,23,164000,2015-03-03,11.5,4.0,4.0,No,177,8.0,3,M023,No
E02286,40,Female,Sales,Account Manager,Delhi,Bachelor's,Full-Time,16,137000,2013-10-08,12.9,4.0,3.0,No,158,4.0,1,M091,No
E02287,32,Male,Customer Support,Team Lead,Noida,Master's,Full-Time,16,118000,2018-12-20,7.7,4.0,3.0,No,149,7.0,5,M083,No
E02288,26,Male,Sales,Account Manager,Noida,Bachelor's,Full-Time,4,88000,2024-04-08,2.4,2.0,3.0,No,155,2.0,5,M109,No
E02289,21,Male,Finance,Accountant,Hyderabad,MBA,Full-Time,2,86000,2025-04-08,1.4,3.0,2.0,No,194,5.0,4,M080,No
E02290,32,Male,Sales,Account Manager,Delhi,MBA,Full-Time,7,119000,2021-12-20,4.7,3.0,3.0,No,185,11.0,3,M076,No
E02291,42,Male,Operations,Operations Executive,Bangalore,Master's,Full-Time,14,112000,2019-11-14,6.8,3.0,4.0,Yes,190,9.0,4,M051,No
E02292,26,Male,Sales,Sales Manager,Lucknow,Bachelor's,Full-Time,0,78000,2026-06-20,0.2,4.0,4.0,No,191,9.0,4,M023,No
E02293,39,Male,Sales,Business Development Executive,Bangalore,Bachelor's,Contract,9,75000,2019-01-26,7.6,3.0,3.0,No,160,3.0,4,M051,No
E02294,27,Male,HR,HR Executive,Mumbai,Bachelor's,Full-Time,10,99000,2021-06-20,5.2,4.0,5.0,Yes,173,12.0,3,M071,Yes
E02295,35,Male,IT,Software Engineer,Mumbai,Bachelor's,Full-Time,14,133000,2015-05-15,11.3,4.0,4.0,Yes,169,7.0,7,M114,No
E02296,39,Male,IT,BI Analyst,Mumbai,PhD,Part-Time,15,89000,2016-07-26,10.1,3.0,4.0,No,180,9.0,5,M120,No
E02297,29,Female,Sales,Sales Manager,Bangalore,Bachelor's,Full-Time,8,95000,2020-01-26,6.6,2.0,1.0,Yes,163,7.0,6,M046,No
E02298,35,Female,IT,Data Engineer,Chennai,Bachelor's,Full-Time,13,120000,2019-11-14,6.8,4.0,4.0,No,170,13.0,0,M110,No
E02299,31,Male,IT,BI Analyst,Bangalore,Bachelor's,Full-Time,11,112000,2018-04-08,8.4,3.0,4.0,Yes,169,10.0,3,M118,No
E02300,39,Female,Sales,Account Manager,Pune,Master's,Full-Time,20,159000,2017-03-03,9.5,3.0,5.0,No,178,8.0,6,M094,No
E02301,36,Female,Marketing,Marketing Manager,Bangalore,Bachelor's,Contract,13,84000,2016-04-08,10.4,4.0,2.0,No,180,9.0,9,M061,No
E02302,34,Male,HR,Recruiter,Bangalore,Bachelor's,Full-Time,10,95000,2019-06-21,7.2,3.0,4.0,No,170,8.0,3,M016,No
E02303,45,Male,HR,Recruiter,Noida,Bachelor's,Full-Time,25,153000,2011-09-02,15.0,4.0,5.0,No,170,9.0,1,M114,No
E02304,39,Female,Sales,Business Development Executive,Bangalore,MBA,Full-Time,19,149000,2016-09-01,10.0,5.0,2.0,No,172,10.0,3,M060,No
E02305,29,Male,Customer Support,Support Executive,Chennai,Bachelor's,Contract,7,75000,2021-04-08,5.4,2.0,3.0,No,198,6.0,8,M032,Yes
E02306,33,Female,Finance,Audit Associate,Hyderabad,MBA,Full-Time,16,140000,2015-07-27,11.1,3.0,4.0,Yes,137,12.0,3,M041,No
E02307,33,Female,IT,BI Analyst,Bangalore,MBA,Full-Time,10,119000,2020-10-08,5.9,3.0,3.0,No,151,8.0,3,M060,No
E02308,35,Female,Operations,Operations Manager,Lucknow,Bachelor's,Contract,11,83000,2019-10-08,6.9,3.0,3.0,No,180,5.0,3,M021,No
E02309,52,Other,IT,BI Analyst,Mumbai,MBA,Full-Time,31,211000,2008-09-01,18.0,4.0,4.0,No,173,12.0,6,M068,No
E02310,37,Male,Sales,Account Manager,Noida,Bachelor's,Full-Time,13,137000,2019-01-26,7.6,3.0,3.0,No,173,11.0,5,M007,No
E02311,21,Male,HR,HR Manager,Bangalore,PhD,Full-Time,0,77000,2026-06-20,0.2,4.0,3.0,Yes,180,9.0,3,M091,Yes
E02312,30,Female,Customer Support,Support Executive,Noida,Master's,Full-Time,6,89000,2021-10-08,4.9,3.0,4.0,Yes,172,6.0,4,M107,No
E02313,21,Male,Finance,Finance Manager,Bangalore,Bachelor's,Full-Time,0,76000,2026-06-20,0.2,3.0,5.0,Yes,158,5.0,3,M070,No
E02314,32,Female,Operations,Operations Analyst,Hyderabad,Bachelor's,Full-Time,15,129000,2017-11-13,8.8,4.0,4.0,No,179,12.0,5,M020,No
E02315,21,Female,Customer Support,Team Lead,Chennai,Bachelor's,Full-Time,0,54000,2026-06-20,0.2,3.0,3.0,No,168,7.0,4,M044,No
E02316,28,Female,IT,Data Engineer,Lucknow,PhD,Full-Time,4,105000,2023-06-21,3.2,4.0,3.0,No,160,10.0,7,M044,No
E02317,23,Male,Sales,Sales Manager,Noida,Bachelor's,Full-Time,4,97000,2024-07-26,2.1,2.0,2.0,No,180,8.0,1,M012,No
E02318,37,Male,Finance,Audit Associate,Chennai,Master's,Full-Time,12,127000,2018-03-03,8.5,4.0,5.0,Yes,180,5.0,4,M059,No
E02319,34,Male,Finance,Financial Analyst,Noida,Bachelor's,Full-Time,10,106000,2018-09-01,8.0,4.0,4.0,No,172,9.0,5,M078,No
E02320,36,Male,Finance,Finance Manager,Bangalore,MBA,Contract,15,106000,2019-09-02,7.0,5.0,5.0,No,199,12.0,3,M106,No
E02321,33,Female,Customer Support,Support Executive,Mumbai,Bachelor's,Full-Time,13,91000,2016-06-20,10.2,5.0,4.0,No,192,7.0,3,M034,Yes
E02322,24,Female,Operations,Operations Manager,Mumbai,Master's,Contract,5,76000,2023-07-27,3.1,3.0,3.0,No,186,9.0,2,M116,No
E02323,38,Female,Operations,Operations Manager,Delhi,Bachelor's,Full-Time,14,96000,2016-09-01,10.0,4.0,4.0,No,214,10.0,6,M044,No
E02324,47,Male,Sales,Sales Executive,Delhi,Master's,Full-Time,26,180000,2011-01-26,15.6,2.0,3.0,No,165,13.0,5,M081,No
E02325,37,Male,Marketing,Brand Executive,Hyderabad,Bachelor's,Full-Time,14,120000,2016-06-20,10.2,5.0,3.0,No,160,8.0,6,M040,No
E02326,31,Female,Customer Support,Team Lead,Bangalore,Bachelor's,Full-Time,7,102000,2022-10-08,3.9,3.0,5.0,No,183,7.0,3,M084,Yes
E02327,24,Male,Marketing,Marketing Manager,Pune,Bachelor's,Full-Time,5,68000,2024-05-14,2.3,3.0,3.0,No,163,9.0,6,M002,No
E02328,28,Male,IT,Data Analyst,Bangalore,Master's,Full-Time,5,94000,2022-07-27,4.1,3.0,4.0,No,168,6.0,3,M061,No
E02329,37,Female,Operations,Operations Executive,Mumbai,Bachelor's,Contract,16,96000,2019-05-15,7.3,4.0,4.0,No,150,3.0,4,M021,No
E02330,42,Female,IT,BI Analyst,Hyderabad,Master's,Full-Time,20,163000,2011-01-26,15.6,4.0,3.0,No,179,5.0,5,M012,No
E02331,36,Male,Sales,Sales Manager,Chennai,Bachelor's,Full-Time,11,103000,2020-12-20,5.7,5.0,3.0,No,142,7.0,5,M077,No
E02332,40,Female,IT,Data Analyst,Chennai,MBA,Contract,20,130000,2014-07-27,12.1,4.0,3.0,No,166,7.0,3,M065,No
E02333,39,Male,Operations,Operations Analyst,Pune,MBA,Part-Time,18,79000,2012-09-01,14.0,3.0,2.0,No,168,10.0,9,M082,No
E02334,38,Other,Operations,Operations Executive,Bangalore,Bachelor's,Contract,11,84000,2020-10-08,5.9,5.0,5.0,Yes,160,6.0,6,M078,No
E02335,29,Male,IT,Software Engineer,Hyderabad,Bachelor's,Full-Time,8,85000,2020-04-08,6.4,4.0,3.0,No,136,9.0,4,M095,No
E02336,35,Male,Finance,Accountant,Bangalore,Bachelor's,Full-Time,11,114000,2019-07-27,7.1,5.0,5.0,No,136,9.0,3,M088,No
E02337,28,Female,Finance,Financial Analyst,Delhi,Bachelor's,Full-Time,9,100000,2021-04-08,5.4,4.0,4.0,No,155,8.0,6,M012,No
E02338,34,Male,Finance,Financial Analyst,Delhi,Bachelor's,Full-Time,8,111000,2020-12-20,5.7,2.0,3.0,No,178,4.0,2,M052,No
E02339,36,Female,IT,Data Analyst,Bangalore,Master's,Full-Time,13,151000,2019-01-26,7.6,4.0,4.0,No,173,8.0,6,M089,No
E02340,46,Female,Finance,Accountant,Mumbai,Master's,Full-Time,25,179000,2011-12-20,14.7,3.0,4.0,Yes,168,7.0,1,M100,No
E02341,25,Female,Operations,Process Associate,Lucknow,MBA,Full-Time,3,95000,2024-06-20,2.2,3.0,2.0,Yes,152,8.0,6,M014,Yes
E02342,37,Other,IT,IT Support,Lucknow,Bachelor's,Full-Time,17,141000,2016-11-13,9.8,4.0,5.0,No,174,10.0,4,M018,Yes
E02343,44,Male,IT,Data Engineer,Delhi,Master's,Full-Time,18,148000,2017-03-03,9.5,3.0,2.0,No,136,7.0,3,M024,Yes
E02344,39,Female,Sales,Sales Executive,Bangalore,Bachelor's,Full-Time,21,166000,2010-06-20,16.2,3.0,4.0,Yes,125,11.0,5,M026,No
E02345,40,Male,Customer Support,Support Analyst,Bangalore,Bachelor's,Full-Time,19,136000,2011-12-20,14.7,5.0,3.0,No,164,9.0,3,M094,No
E02346,38,Male,Operations,Operations Manager,Delhi,Bachelor's,Full-Time,19,138000,2014-05-15,12.3,4.0,3.0,No,158,7.0,2,M061,No
E02347,43,Female,Operations,Operations Manager,Lucknow,Bachelor's,Full-Time,23,161000,2011-06-21,15.2,4.0,4.0,Yes,186,4.0,3,M068,No
E02348,26,Male,Finance,Financial Analyst,Bangalore,Bachelor's,Full-Time,4,87000,2023-10-08,2.9,4.0,3.0,Yes,171,7.0,4,M064,No
E02349,24,Male,Operations,Process Associate,Chennai,Master's,Full-Time,0,66000,2026-06-20,0.2,3.0,3.0,No,198,7.0,2,M040,No
E02350,34,Male,IT,Data Analyst,Bangalore,MBA,Full-Time,11,118000,2019-11-14,6.8,3.0,2.0,Yes,158,8.0,4,M029,No
E02351,21,Female,Operations,Operations Executive,Lucknow,Bachelor's,Full-Time,3,68000,2024-03-02,2.5,4.0,3.0,Yes,177,9.0,4,M018,No
E02352,43,Female,Customer Support,Customer Success Associate,Delhi,Bachelor's,Part-Time,24,100000,2014-06-20,12.2,4.0,4.0,Yes,163,6.0,4,M068,No
E02353,43,Male,Operations,Operations Analyst,Chennai,Bachelor's,Full-Time,19,137000,2013-07-27,13.1,3.0,3.0,Yes,193,15.0,6,M059,Yes
E02354,31,Male,Customer Support,Team Lead,Delhi,Master's,Full-Time,2,78000,2025-01-25,1.6,1.0,2.0,No,164,7.0,3,M097,Yes
E02355,31,Female,Operations,Operations Manager,Pune,Bachelor's,Full-Time,8,95000,2020-11-13,5.8,3.0,4.0,No,183,6.0,3,M056,No
E02356,33,Male,IT,IT Support,Bangalore,MBA,Full-Time,10,118000,2018-09-01,8.0,3.0,2.0,No,149,12.0,4,M102,No
E02357,34,Male,Customer Support,Customer Success Associate,Bangalore,PhD,Full-Time,11,104000,2020-04-08,6.4,4.0,3.0,No,161,8.0,0,M109,No
E02358,35,Male,IT,Software Engineer,Lucknow,MBA,Full-Time,14,141000,2018-11-14,7.8,3.0,3.0,No,166,10.0,2,M066,Yes
E02359,38,Male,HR,Recruiter,Noida,Bachelor's,Full-Time,18,131000,2012-06-20,14.2,5.0,5.0,No,191,11.0,8,M115,No
E02360,33,Male,IT,Software Engineer,Noida,MBA,Full-Time,13,142000,2018-10-08,7.9,3.0,3.0,No,128,11.0,5,M012,No
E02361,41,Female,IT,Data Analyst,Pune,Master's,Full-Time,20,159000,2011-12-20,14.7,5.0,4.0,No,162,7.0,4,M022,No
E02362,37,Male,Finance,Finance Manager,Chennai,Bachelor's,Full-Time,10,104000,2021-07-27,5.1,4.0,2.0,No,161,11.0,8,M062,No
E02363,30,Female,Sales,Account Manager,Bangalore,Master's,Full-Time,7,110000,2021-05-15,5.3,4.0,4.0,No,131,8.0,5,M026,Yes
E02364,43,Female,Finance,Financial Analyst,Delhi,MBA,Full-Time,27,195000,2008-09-01,18.0,5.0,4.0,No,160,13.0,3,M014,No
E02365,24,Female,HR,HR Executive,Mumbai,Bachelor's,Full-Time,3,66000,2024-12-20,1.7,1.0,2.0,Yes,140,8.0,3,M009,No
E02366,33,Male,IT,BI Analyst,Pune,Bachelor's,Full-Time,12,123000,2018-11-14,7.8,3.0,3.0,No,126,8.0,3,M074,No
E02367,41,Male,IT,Data Engineer,Delhi,Bachelor's,Full-Time,20,168000,2012-01-26,14.6,4.0,3.0,Yes,163,14.0,1,M007,No
E02368,29,Male,HR,HR Analyst,Bangalore,Master's,Full-Time,8,105000,2023-01-26,3.6,2.0,4.0,No,163,13.0,4,M105,No
E02369,36,Female,Sales,Account Manager,Hyderabad,Bachelor's,Full-Time,8,101000,2021-01-25,5.6,4.0,2.0,No,164,8.0,2,M047,No
E02370,38,Male,Operations,Operations Manager,Chennai,MBA,Part-Time,15,76000,2016-09-01,10.0,5.0,3.0,No,173,10.0,1,M058,No
E02371,28,Male,Operations,Operations Executive,Delhi,Master's,Full-Time,6,101000,2023-06-21,3.2,1.0,4.0,No,152,6.0,3,M020,No
E02372,33,Male,Marketing,Marketing Manager,Bangalore,Master's,Full-Time,14,152000,2016-03-02,10.5,3.0,4.0,No,200,8.0,5,M079,No
E02373,33,Male,Operations,Operations Manager,Bangalore,Bachelor's,Full-Time,11,97000,2020-05-14,6.3,2.0,2.0,No,167,8.0,2,M056,No
E02374,30,Male,Finance,Audit Associate,Mumbai,Master's,Full-Time,4,83000,2024-06-20,2.2,3.0,4.0,No,191,9.0,8,M043,No
E02375,50,Male,Operations,Operations Manager,Mumbai,Bachelor's,Contract,29,142000,2008-09-01,18.0,4.0,4.0,No,138,5.0,2,M114,No
E02376,29,Male,Sales,Account Manager,Pune,Bachelor's,Full-Time,5,91000,2023-01-26,3.6,3.0,3.0,No,153,6.0,4,M098,No
E02377,41,Male,Sales,Sales Executive,Hyderabad,Master's,Full-Time,16,137000,2013-07-27,13.1,4.0,4.0,No,180,7.0,6,M060,Yes
E02378,31,Male,Marketing,Brand Executive,Pune,Bachelor's,Full-Time,7,83000,2023-03-03,3.5,4.0,4.0,No,164,9.0,5,M052,No
E02379,26,Female,Finance,Accountant,Delhi,Master's,Full-Time,5,97000,2023-09-02,3.0,5.0,5.0,No,149,8.0,5,M115,No
E02380,35,Male,Marketing,Digital Marketing Analyst,Chennai,Bachelor's,Contract,16,107000,2019-01-26,7.6,3.0,5.0,No,135,10.0,3,M088,Yes
E02381,39,Male,Marketing,Digital Marketing Analyst,Mumbai,Bachelor's,Full-Time,18,135000,2013-01-25,13.6,2.0,3.0,No,181,9.0,3,M066,Yes
E02382,40,Male,Marketing,Marketing Manager,Delhi,Bachelor's,Full-Time,20,152000,2014-01-25,12.6,4.0,4.0,No,180,13.0,7,M020,No
E02383,45,Male,Customer Support,Team Lead,Chennai,PhD,Full-Time,24,181000,2009-01-25,17.6,5.0,3.0,No,172,8.0,5,M013,No
E02384,55,Female,Finance,Accountant,Bangalore,Master's,Full-Time,33,218000,2008-09-01,18.0,5.0,4.0,No,159,8.0,3,M025,No
E02385,36,Male,Sales,Account Manager,Bangalore,Master's,Full-Time,16,138000,2014-01-25,12.6,5.0,5.0,No,148,9.0,3,M036,Yes
E02386,29,Female,Operations,Operations Manager,Noida,Bachelor's,Full-Time,1,70000,2025-12-20,0.7,3.0,4.0,No,167,9.0,1,M003,No
E02387,37,Female,Finance,Finance Manager,Delhi,Bachelor's,Full-Time,15,123000,2014-04-08,12.4,3.0,3.0,No,144,6.0,3,M047,No
E02388,32,Female,Operations,Operations Executive,Pune,PhD,Full-Time,7,97000,2023-04-09,3.4,3.0,3.0,Yes,154,5.0,6,M012,No
E02389,40,Male,Operations,Operations Manager,Bangalore,Bachelor's,Contract,21,112000,2012-11-13,13.8,4.0,2.0,No,191,5.0,0,M060,No
E02390,25,Male,Operations,Operations Executive,Pune,Bachelor's,Full-Time,3,66000,2024-05-14,2.3,3.0,2.0,No,135,7.0,6,M097,No
E02391,51,Female,Finance,Financial Analyst,Mumbai,Master's,Full-Time,29,192000,2008-09-01,18.0,5.0,4.0,No,180,7.0,4,M028,Yes
E02392,40,Male,IT,Data Engineer,Bangalore,Bachelor's,Contract,14,118000,2020-04-08,6.4,4.0,3.0,Yes,195,9.0,4,M075,Yes
E02393,22,Female,Finance,Audit Associate,Hyderabad,MBA,Full-Time,3,112000,2024-03-02,2.5,3.0,2.0,Yes,183,5.0,4,M081,Yes
E02394,29,Female,IT,BI Analyst,Mumbai,Master's,Part-Time,9,70000,2021-07-27,5.1,3.0,4.0,No,175,10.0,14,M104,No
E02395,40,Female,Customer Support,Customer Success Associate,Delhi,Bachelor's,Full-Time,19,133000,2016-04-08,10.4,4.0,4.0,No,160,5.0,1,M014,No
E02396,42,Male,Sales,Sales Executive,Bangalore,Bachelor's,Full-Time,18,136000,2015-01-26,11.6,2.0,1.0,No,156,7.0,6,M031,No
E02397,25,Female,IT,Software Engineer,Bangalore,Bachelor's,Full-Time,1,86000,2025-12-20,0.7,3.0,1.0,No,128,7.0,6,M069,No
E02398,39,Female,IT,Data Analyst,Mumbai,MBA,Full-Time,18,171000,2013-01-25,13.6,4.0,3.0,No,169,8.0,4,M111,No
E02399,21,Female,Operations,Operations Manager,Bangalore,Master's,Full-Time,0,51000,2026-06-20,0.2,3.0,2.0,Yes,161,4.0,3,M066,Yes
E02400,33,Male,Operations,Operations Executive,Noida,Bachelor's,Full-Time,12,113000,2019-03-03,7.5,3.0,2.0,No,155,7.0,8,M060,No
E02401,42,Male,Sales,Sales Manager,Bangalore,Bachelor's,Full-Time,15,113000,2016-09-01,10.0,4.0,5.0,Yes,168,13.0,6,M103,Yes
E02402,30,Male,IT,Software Engineer,Hyderabad,Master's,Full-Time,7,126000,2022-05-15,4.3,3.0,3.0,No,169,8.0,2,M077,No
E02403,23,Male,Finance,Finance Manager,Bangalore,Master's,Full-Time,5,102000,2022-07-27,4.1,4.0,3.0,No,157,9.0,2,M020,No
E02404,35,Male,Sales,Account Manager,Mumbai,Bachelor's,Full-Time,14,113000,2015-07-27,11.1,4.0,3.0,No,197,7.0,4,M011,No
E02405,30,Female,Operations,Operations Manager,Lucknow,Bachelor's,Contract,8,69000,2021-07-27,5.1,3.0,2.0,No,181,4.0,1,M078,Yes
E02406,38,Male,Operations,Operations Executive,Bangalore,Bachelor's,Full-Time,21,144000,2017-03-03,9.5,3.0,4.0,No,184,11.0,3,M106,No
E02407,28,Female,Finance,Financial Analyst,Lucknow,Master's,Full-Time,0,82000,2026-06-20,0.2,3.0,3.0,No,166,8.0,2,M004,No
E02408,29,Male,Sales,Sales Manager,Mumbai,PhD,Full-Time,5,110000,2024-03-02,2.5,3.0,3.0,Yes,177,10.0,4,M052,No
E02409,21,Male,Customer Support,Customer Success Associate,Chennai,Bachelor's,Contract,0,30000,2026-06-20,0.2,2.0,2.0,No,152,8.0,3,M047,No
E02410,35,Male,Finance,Accountant,Hyderabad,Master's,Contract,15,126000,2018-12-20,7.7,4.0,3.0,Yes,180,8.0,4,M067,No
E02411,33,Male,Operations,Operations Analyst,Noida,Bachelor's,Full-Time,13,127000,2019-11-14,6.8,4.0,3.0,No,164,7.0,6,M011,No
E02412,26,Female,IT,BI Analyst,Hyderabad,Bachelor's,Part-Time,2,42000,2025-03-03,1.5,3.0,3.0,Yes,150,6.0,1,M116,No
E02413,35,Male,Finance,Finance Manager,Hyderabad,Bachelor's,Full-Time,15,132000,2016-06-20,10.2,4.0,3.0,Yes,168,8.0,5,M050,No
E02414,41,Male,IT,BI Analyst,Bangalore,MBA,Contract,18,140000,2011-09-02,15.0,4.0,4.0,No,163,14.0,2,M089,No
E02415,32,Male,HR,Recruiter,Bangalore,Bachelor's,Full-Time,13,126000,2019-07-27,7.1,4.0,4.0,Yes,210,7.0,5,M023,No
E02416,36,Female,Customer Support,Customer Success Associate,Noida,Master's,Full-Time,11,104000,2019-07-27,7.1,4.0,4.0,Yes,176,10.0,4,M081,No
E02417,36,Male,Finance,Audit Associate,Mumbai,Bachelor's,Full-Time,14,134000,2014-11-14,11.8,4.0,4.0,No,196,9.0,4,M062,No
E02418,26,Male,IT,BI Analyst,Delhi,Bachelor's,Full-Time,3,112000,2024-05-14,2.3,3.0,4.0,No,188,5.0,2,M053,No
E02419,48,Male,IT,Software Engineer,Chennai,Bachelor's,Full-Time,29,195000,2008-09-01,18.0,4.0,5.0,Yes,169,9.0,3,M095,Yes
E02420,31,Male,Finance,Accountant,Delhi,Master's,Full-Time,8,105000,2022-06-20,4.2,3.0,2.0,No,160,8.0,1,M014,No
E02421,39,Male,IT,IT Support,Lucknow,Bachelor's,Contract,17,113000,2013-10-08,12.9,5.0,4.0,No,137,2.0,1,M047,No
E02422,39,Female,IT,Data Engineer,Chennai,Master's,Full-Time,18,159000,2016-01-26,10.6,4.0,4.0,No,152,6.0,2,M018,No
E02423,33,Male,Operations,Operations Manager,Hyderabad,Bachelor's,Full-Time,12,104000,2018-10-08,7.9,5.0,5.0,No,180,11.0,5,M067,No
E02424,38,Female,Finance,Audit Associate,Noida,Bachelor's,Full-Time,18,148000,2014-03-03,12.5,4.0,3.0,Yes,163,4.0,4,M109,No
E02425,36,Male,Sales,Business Development Executive,Bangalore,Bachelor's,Full-Time,15,114000,2016-04-08,10.4,3.0,4.0,No,175,9.0,4,M099,No
E02426,24,Male,Customer Support,Support Executive,Mumbai,Bachelor's,Full-Time,1,50000,2025-12-20,0.7,3.0,2.0,Yes,131,1.0,4,M103,Yes
E02427,32,Male,IT,Software Engineer,Delhi,Bachelor's,Full-Time,9,117000,2020-04-08,6.4,3.0,4.0,Yes,176,7.0,3,M083,Yes
E02428,30,Other,Customer Support,Team Lead,Mumbai,Bachelor's,Full-Time,8,70000,2022-11-14,3.8,3.0,3.0,No,188,12.0,5,M023,No
E02429,31,Female,Sales,Account Manager,Chennai,Master's,Full-Time,10,121000,2020-05-14,6.3,2.0,2.0,No,136,8.0,8,M095,No
E02430,25,Female,Customer Support,Support Analyst,Noida,Master's,Full-Time,3,55000,2024-07-26,2.1,3.0,3.0,No,175,9.0,6,M060,No
E02431,42,Female,Operations,Operations Executive,Delhi,Bachelor's,Contract,20,95000,2015-04-09,11.4,5.0,5.0,No,192,5.0,3,M059,No
E02432,45,Male,Marketing,Digital Marketing Analyst,Delhi,Bachelor's,Full-Time,19,138000,2015-10-08,10.9,5.0,4.0,No,198,4.0,5,M088,No
E02433,41,Male,Customer Support,Team Lead,Lucknow,Bachelor's,Part-Time,21,90000,2016-03-02,10.5,4.0,5.0,Yes,159,3.0,4,M050,No
E02434,43,Male,Sales,Sales Executive,Delhi,Bachelor's,Full-Time,21,162000,2013-09-01,13.0,4.0,2.0,Yes,182,5.0,2,M061,Yes
E02435,32,Male,Customer Support,Support Executive,Hyderabad,Bachelor's,Full-Time,13,107000,2015-09-02,11.0,3.0,4.0,No,194,6.0,7,M017,No
E02436,30,Male,Finance,Financial Analyst,Delhi,MBA,Contract,8,86000,2022-03-03,4.5,4.0,1.0,Yes,175,6.0,5,M054,No
E02437,29,Male,Finance,Financial Analyst,Noida,Bachelor's,Full-Time,3,86000,2024-09-01,2.0,4.0,4.0,No,191,4.0,3,M091,No
E02438,39,Female,Sales,Sales Executive,Hyderabad,Bachelor's,Full-Time,16,121000,2014-09-01,12.0,3.0,4.0,No,167,8.0,7,M009,No
E02439,36,Female,HR,HR Analyst,Chennai,Bachelor's,Full-Time,14,120000,2020-04-08,6.4,3.0,4.0,No,175,8.0,8,M032,No
E02440,33,Female,IT,Data Analyst,Chennai,Bachelor's,Full-Time,13,116000,2016-03-02,10.5,4.0,3.0,No,157,6.0,3,M078,Yes
E02441,43,Female,HR,HR Manager,Delhi,Master's,Full-Time,16,137000,2016-12-20,9.7,4.0,5.0,No,165,9.0,3,M022,No
E02442,37,Male,HR,HR Manager,Delhi,Bachelor's,Full-Time,15,122000,2014-09-01,12.0,4.0,3.0,No,176,7.0,5,M040,No
E02443,28,Male,Operations,Operations Manager,Noida,Bachelor's,Contract,7,61000,2023-05-15,3.3,3.0,3.0,Yes,155,9.0,2,M078,No
E02444,29,Female,Marketing,Digital Marketing Analyst,Delhi,Master's,Full-Time,5,94000,2024-03-02,2.5,2.0,2.0,Yes,164,9.0,6,M101,Yes
E02445,39,Male,Finance,Financial Analyst,Chennai,Bachelor's,Full-Time,17,141000,2016-11-13,9.8,3.0,2.0,No,182,6.0,1,M120,No
E02446,41,Male,Sales,Business Development Executive,Lucknow,Master's,Full-Time,17,153000,2016-09-01,10.0,4.0,5.0,Yes,205,8.0,2,M052,No
E02447,38,Male,Sales,Sales Manager,Pune,Master's,Full-Time,14,115000,2015-09-02,11.0,5.0,4.0,No,131,8.0,8,M078,Yes
E02448,47,Male,Sales,Sales Manager,Chennai,Bachelor's,Contract,24,126000,2015-10-08,10.9,4.0,5.0,Yes,204,7.0,4,M028,No
E02449,45,Male,IT,Software Engineer,Chennai,Master's,Full-Time,21,162000,2011-11-14,14.8,5.0,5.0,Yes,163,8.0,2,M044,No
E02450,37,Male,Sales,Account Manager,Noida,Bachelor's,Full-Time,17,141000,2018-03-03,8.5,4.0,3.0,Yes,185,7.0,4,M054,No
E02451,28,Male,Sales,Business Development Executive,Delhi,Master's,Part-Time,4,61000,2023-07-27,3.1,2.0,4.0,No,189,7.0,4,M104,Yes
E02452,25,Female,Customer Support,Customer Success Associate,Bangalore,Bachelor's,Full-Time,1,61000,2025-11-13,0.8,3.0,4.0,Yes,196,7.0,2,M097,No
E02453,31,Male,HR,Recruiter,Delhi,Bachelor's,Full-Time,13,108000,2018-04-08,8.4,4.0,3.0,Yes,155,8.0,4,M048,Yes
E02454,39,Male,Sales,Sales Executive,Pune,Master's,Full-Time,19,159000,2016-06-20,10.2,2.0,3.0,No,164,7.0,2,M022,Yes
E02455,47,Male,Operations,Operations Manager,Delhi,MBA,Full-Time,20,140000,2012-07-26,14.1,4.0,3.0,No,167,12.0,2,M104,No
E02456,37,Male,IT,BI Analyst,Chennai,PhD,Full-Time,13,129000,2019-12-20,6.7,4.0,5.0,No,162,9.0,1,M101,No
E02457,42,Female,Finance,Accountant,Delhi,Master's,Full-Time,21,154000,2015-09-02,11.0,4.0,4.0,No,192,7.0,4,M035,No
E02458,32,Female,Operations,Operations Manager,Pune,Bachelor's,Full-Time,11,104000,2018-12-20,7.7,3.0,3.0,Yes,167,8.0,4,M045,No
E02459,38,Female,Finance,Finance Manager,Bangalore,Bachelor's,Full-Time,12,124000,2016-06-20,10.2,3.0,4.0,Yes,139,7.0,2,M028,No
E02460,40,Male,Finance,Audit Associate,Chennai,Bachelor's,Full-Time,21,129000,2009-10-08,16.9,4.0,2.0,No,157,,2,M101,Yes
E02461,21,Male,Customer Support,Support Analyst,Hyderabad,Bachelor's,Full-Time,1,68000,2025-12-20,0.7,2.0,2.0,No,140,7.0,8,M067,No
E02462,31,Male,Customer Support,Customer Success Associate,Mumbai,Bachelor's,Full-Time,10,95000,2019-12-20,6.7,3.0,3.0,No,164,11.0,5,M086,No
E02463,41,Male,Operations,Process Associate,Mumbai,MBA,Contract,22,113000,2008-09-01,18.0,4.0,5.0,Yes,180,5.0,3,M110,No
E02464,36,Male,HR,HR Analyst,Chennai,Bachelor's,Full-Time,15,124000,2016-09-01,10.0,4.0,3.0,No,156,9.0,4,M038,No
E02465,26,Male,Operations,Operations Manager,Hyderabad,Bachelor's,Full-Time,5,89000,2023-07-27,3.1,3.0,2.0,No,161,6.0,4,M053,No
E02466,21,Male,Sales,Business Development Executive,Mumbai,Bachelor's,Full-Time,3,80000,2024-04-08,2.4,2.0,1.0,No,163,8.0,3,M103,No
E02467,31,Female,Finance,Audit Associate,Lucknow,MBA,Full-Time,12,140000,2020-03-02,6.5,4.0,4.0,Yes,171,8.0,3,M087,Yes
E02468,33,Male,IT,BI Analyst,Pune,Master's,Full-Time,9,107000,2022-04-08,4.4,4.0,3.0,No,177,7.0,4,M006,Yes
E02469,28,Female,Finance,Financial Analyst,Lucknow,Master's,Full-Time,8,107000,2021-01-25,5.6,3.0,3.0,No,183,7.0,4,M014,No
E02470,35,Male,HR,HR Executive,Delhi,Bachelor's,Full-Time,11,98000,2021-04-08,5.4,4.0,4.0,Yes,209,5.0,2,M086,No
E02471,38,Male,Sales,Sales Manager,Delhi,MBA,Full-Time,17,161000,2016-06-20,10.2,3.0,3.0,No,170,8.0,6,M036,Yes
E02472,39,Female,Customer Support,Support Analyst,Noida,Bachelor's,Full-Time,18,133000,2015-07-27,11.1,4.0,4.0,Yes,181,4.0,4,M084,No
E02473,21,Female,Customer Support,Team Lead,Hyderabad,MBA,Full-Time,0,90000,2026-06-20,0.2,4.0,4.0,No,139,13.0,4,M051,No
E02474,25,Male,Operations,Process Associate,Pune,Bachelor's,Full-Time,3,66000,2024-03-02,2.5,3.0,3.0,No,161,8.0,2,M106,No
E02475,32,Male,HR,HR Analyst,Mumbai,Bachelor's,Full-Time,11,100000,2020-10-08,5.9,3.0,3.0,No,163,14.0,2,M087,No
E02476,38,Male,Marketing,Brand Executive,Delhi,Bachelor's,Full-Time,15,125000,2017-09-01,9.0,4.0,4.0,No,150,7.0,3,M077,No
E02477,37,Male,IT,BI Analyst,Bangalore,Master's,Full-Time,16,161000,2018-09-01,8.0,3.0,4.0,Yes,158,11.0,7,M044,No
E02478,37,Female,Marketing,Brand Executive,Mumbai,Bachelor's,Full-Time,17,131000,2014-11-14,11.8,4.0,3.0,Yes,166,6.0,3,M110,No
E02479,31,Female,IT,Data Engineer,Bangalore,MBA,Full-Time,9,123000,2019-12-20,6.7,3.0,1.0,No,159,6.0,4,M045,No
E02480,32,Female,Marketing,Marketing Manager,Bangalore,Bachelor's,Full-Time,11,110000,2019-07-27,7.1,2.0,3.0,No,215,5.0,5,M115,No
E02481,29,Male,Sales,Account Manager,Lucknow,Bachelor's,Full-Time,10,104000,2021-03-03,5.5,4.0,4.0,No,177,8.0,2,M073,No
E02482,39,Male,Customer Support,Support Analyst,Mumbai,Bachelor's,Part-Time,18,73000,2014-01-25,12.6,4.0,4.0,No,204,8.0,7,M112,No
E02483,28,Male,Customer Support,Support Analyst,Pune,Bachelor's,Full-Time,7,80000,2021-12-20,4.7,4.0,4.0,No,195,9.0,3,M041,No
E02484,40,Female,IT,Software Engineer,Noida,Bachelor's,Full-Time,16,138000,2018-05-15,8.3,4.0,3.0,Yes,156,6.0,2,M006,No
E02485,35,Female,Finance,Audit Associate,Hyderabad,Bachelor's,Full-Time,15,131000,2017-06-20,9.2,4.0,4.0,No,169,9.0,6,M110,No
E02486,34,Male,Customer Support,Team Lead,Bangalore,Master's,Full-Time,13,124000,2018-07-27,8.1,4.0,4.0,No,160,5.0,2,,No
E02487,29,Male,Finance,Finance Manager,Pune,Bachelor's,Full-Time,10,126000,2018-04-08,8.4,3.0,3.0,No,165,8.0,3,M007,No
E02488,25,Male,Marketing,Brand Executive,Hyderabad,PhD,Full-Time,3,86000,2024-04-08,2.4,3.0,5.0,No,150,9.0,7,M083,Yes
E02489,29,Male,Operations,Process Associate,Chennai,Master's,Full-Time,2,72000,2025-03-03,1.5,2.0,1.0,Yes,160,9.0,6,M095,Yes
E02490,32,Female,Finance,Accountant,Chennai,MBA,Full-Time,6,98000,2021-11-13,4.8,4.0,4.0,No,174,6.0,6,M099,No
E02491,21,Male,Sales,Sales Manager,Lucknow,Bachelor's,Full-Time,1,68000,2025-12-20,0.7,3.0,,No,174,11.0,2,M093,No
E02492,33,Male,Sales,Account Manager,Hyderabad,Bachelor's,Full-Time,10,99000,2018-07-27,8.1,3.0,4.0,Yes,173,7.0,8,M047,Yes
E02493,40,Male,Operations,Operations Analyst,Delhi,Bachelor's,Full-Time,19,140000,2017-09-01,9.0,4.0,2.0,No,167,9.0,2,M108,No
E02494,38,Female,Finance,Audit Associate,Pune,Master's,Full-Time,16,154000,2016-07-26,10.1,2.0,2.0,Yes,183,8.0,4,M033,Yes
E02495,31,Male,HR,HR Analyst,Bangalore,MBA,Full-Time,9,87000,2019-12-20,6.7,3.0,3.0,No,163,10.0,5,M107,No
E02496,34,Female,Finance,Financial Analyst,Noida,Bachelor's,Contract,12,97000,2018-06-20,8.2,4.0,4.0,No,193,7.0,6,M022,No
E02497,30,Female,HR,HR Manager,Bangalore,Bachelor's,Full-Time,6,81000,2023-07-27,3.1,3.0,3.0,No,135,2.0,5,M067,No
E02498,35,Female,Marketing,Marketing Manager,Mumbai,MBA,Full-Time,13,134000,2019-01-26,7.6,3.0,3.0,No,180,11.0,6,M113,No
E02499,45,Male,Customer Support,Support Executive,Chennai,Bachelor's,Full-Time,22,136000,2013-12-20,12.7,4.0,3.0,Yes,177,11.0,2,M077,No
E02500,41,Male,Finance,Finance Manager,Hyderabad,Master's,Part-Time,18,105000,2016-09-01,10.0,2.0,3.0,Yes,156,4.0,2,M104,No
E01448,26,Female,Marketing,Marketing Executive,Hyderabad,Bachelor's,Full-Time,6,82000,2023-09-02,3.0,4.0,5.0,No,179,11.0,5,M093,No
E01115,39,Male,Operations,Operations Executive,Delhi,Bachelor's,Full-Time,16,133000,2019-01-26,7.6,4.0,3.0,No,172,15.0,1,M080,No
E01065,29,Male,Finance,Audit Associate,Delhi,Bachelor's,Full-Time,5,85000,2022-10-08,3.9,2.0,2.0,No,174,4.0,5,M073,No
E02288,26,Male,Sales,Account Manager,Noida,Bachelor's,Full-Time,4,88000,2024-04-08,2.4,2.0,3.0,No,155,2.0,5,M109,No
E01538,33,Female,Operations,Operations Analyst,Chennai,MBA,Full-Time,8,99000,2022-06-20,4.2,2.0,4.0,Yes,146,16.0,7,M098,No
